portion_key,food_key,portion_name,grams,is_reference_portion,portion_note
almonds_dry_roasted_100g,almonds_dry_roasted,100 g,100,True,Reference portion only. The system must not estimate image portion size automatically.
american_cheese_100g,american_cheese,100 g,100,True,Reference portion only. The system must not estimate image portion size automatically.
american_cheese_restaurant_100g,american_cheese_restaurant,100 g,100,True,Reference portion only. The system must not estimate image portion size automatically.
apple_100g,apple,100 g,100,True,Reference portion only. The system must not estimate image portion size automatically.
apple_fuji_100g,apple_fuji,100 g,100,True,Reference portion only. The system must not estimate image portion size automatically.
apple_gala_100g,apple_gala,100 g,100,True,Reference portion only. The system must not estimate image portion size automatically.
apple_granny_smith_100g,apple_granny_smith,100 g,100,True,Reference portion only. The system must not estimate image portion size automatically.
apple_honeycrisp_100g,apple_honeycrisp,100 g,100,True,Reference portion only. The system must not estimate image portion size automatically.
apple_juice_100g,apple_juice,100 g,100,True,Reference portion only. The system must not estimate image portion size automatically.
apple_red_delicious_100g,apple_red_delicious,100 g,100,True,Reference portion only. The system must not estimate image portion size automatically.
avocado_100g,avocado,100 g,100,True,Reference portion only. The system must not estimate image portion size automatically.
bacon_cooked_100g,bacon_cooked,100 g,100,True,Reference portion only. The system must not estimate image portion size automatically.
baladi_bread_100g,baladi_bread,100 g,100,True,Reference portion only. The system must not estimate image portion size automatically.
banana_100g,banana,100 g,100,True,Reference portion only. The system must not estimate image portion size automatically.
banana_overripe_100g,banana_overripe,100 g,100,True,Reference portion only. The system must not estimate image portion size automatically.
banana_ripe_100g,banana_ripe,100 g,100,True,Reference portion only. The system must not estimate image portion size automatically.
basbousa_100g,basbousa,100 g,100,True,Reference portion only. The system must not estimate image portion size automatically.
bean_pupusas_100g,bean_pupusas,100 g,100,True,Reference portion only. The system must not estimate image portion size automatically.
beans_black_100g,beans_black,100 g,100,True,Reference portion only. The system must not estimate image portion size automatically.
beans_kidney_100g,beans_kidney,100 g,100,True,Reference portion only. The system must not estimate image portion size automatically.
beef_breakfast_sausage_100g,beef_breakfast_sausage,100 g,100,True,Reference portion only. The system must not estimate image portion size automatically.
beef_eye_round_raw_100g,beef_eye_round_raw,100 g,100,True,Reference portion only. The system must not estimate image portion size automatically.
beef_hot_dog_100g,beef_hot_dog,100 g,100,True,Reference portion only. The system must not estimate image portion size automatically.
beef_kebab_100g,beef_kebab,100 g,100,True,Reference portion only. The system must not estimate image portion size automatically.
beef_steak_grilled_100g,beef_steak_grilled,100 g,100,True,Reference portion only. The system must not estimate image portion size automatically.
beef_tenderloin_roasted_100g,beef_tenderloin_roasted,100 g,100,True,Reference portion only. The system must not estimate image portion size automatically.
beef_top_loin_steak_100g,beef_top_loin_steak,100 g,100,True,Reference portion only. The system must not estimate image portion size automatically.
beef_top_round_raw_100g,beef_top_round_raw,100 g,100,True,Reference portion only. The system must not estimate image portion size automatically.
biryani_chicken_100g,biryani_chicken,100 g,100,True,Reference portion only. The system must not estimate image portion size automatically.
blueberries_100g,blueberries,100 g,100,True,Reference portion only. The system must not estimate image portion size automatically.
boiled_egg_100g,boiled_egg,100 g,100,True,Reference portion only. The system must not estimate image portion size automatically.
bread_white_100g,bread_white,100 g,100,True,Reference portion only. The system must not estimate image portion size automatically.
bread_whole_wheat_100g,bread_whole_wheat,100 g,100,True,Reference portion only. The system must not estimate image portion size automatically.
broccoli_raw_100g,broccoli_raw,100 g,100,True,Reference portion only. The system must not estimate image portion size automatically.
broccoli_steamed_100g,broccoli_steamed,100 g,100,True,Reference portion only. The system must not estimate image portion size automatically.
burger_beef_100g,burger_beef,100 g,100,True,Reference portion only. The system must not estimate image portion size automatically.
cake_chocolate_100g,cake_chocolate,100 g,100,True,Reference portion only. The system must not estimate image portion size automatically.
calamari_fried_100g,calamari_fried,100 g,100,True,Reference portion only. The system must not estimate image portion size automatically.
candy_gummy_100g,candy_gummy,100 g,100,True,Reference portion only. The system must not estimate image portion size automatically.
cantaloupe_raw_100g,cantaloupe_raw,100 g,100,True,Reference portion only. The system must not estimate image portion size automatically.
carrots_frozen_100g,carrots_frozen,100 g,100,True,Reference portion only. The system must not estimate image portion size automatically.
carrots_raw_100g,carrots_raw,100 g,100,True,Reference portion only. The system must not estimate image portion size automatically.
cereal_cornflakes_100g,cereal_cornflakes,100 g,100,True,Reference portion only. The system must not estimate image portion size automatically.
cheddar_cheese_100g,cheddar_cheese,100 g,100,True,Reference portion only. The system must not estimate image portion size automatically.
chicken_breast_cooked_100g,chicken_breast_cooked,100 g,100,True,Reference portion only. The system must not estimate image portion size automatically.
chicken_breast_grilled_100g,chicken_breast_grilled,100 g,100,True,Reference portion only. The system must not estimate image portion size automatically.
chicken_drumstick_cooked_100g,chicken_drumstick_cooked,100 g,100,True,Reference portion only. The system must not estimate image portion size automatically.
chicken_fried_100g,chicken_fried,100 g,100,True,Reference portion only. The system must not estimate image portion size automatically.
chicken_nuggets_100g,chicken_nuggets,100 g,100,True,Reference portion only. The system must not estimate image portion size automatically.
chicken_shawarma_100g,chicken_shawarma,100 g,100,True,Reference portion only. The system must not estimate image portion size automatically.
chicken_with_rice_100g,chicken_with_rice,100 g,100,True,Reference portion only. The system must not estimate image portion size automatically.
chickpeas_cooked_100g,chickpeas_cooked,100 g,100,True,Reference portion only. The system must not estimate image portion size automatically.
chocolate_bar_100g,chocolate_bar,100 g,100,True,Reference portion only. The system must not estimate image portion size automatically.
chorizo_pork_100g,chorizo_pork,100 g,100,True,Reference portion only. The system must not estimate image portion size automatically.
coconut_oil_100g,coconut_oil,100 g,100,True,Reference portion only. The system must not estimate image portion size automatically.
cod_baked_100g,cod_baked,100 g,100,True,Reference portion only. The system must not estimate image portion size automatically.
coffee_black_100g,coffee_black,100 g,100,True,Reference portion only. The system must not estimate image portion size automatically.
coffee_milk_sugar_100g,coffee_milk_sugar,100 g,100,True,Reference portion only. The system must not estimate image portion size automatically.
cola_diet_100g,cola_diet,100 g,100,True,Reference portion only. The system must not estimate image portion size automatically.
cola_regular_100g,cola_regular,100 g,100,True,Reference portion only. The system must not estimate image portion size automatically.
cookies_chocolate_chip_100g,cookies_chocolate_chip,100 g,100,True,Reference portion only. The system must not estimate image portion size automatically.
corn_cooked_100g,corn_cooked,100 g,100,True,Reference portion only. The system must not estimate image portion size automatically.
cottage_cheese_lowfat_100g,cottage_cheese_lowfat,100 g,100,True,Reference portion only. The system must not estimate image portion size automatically.
couscous_cooked_100g,couscous_cooked,100 g,100,True,Reference portion only. The system must not estimate image portion size automatically.
cream_cheese_100g,cream_cheese,100 g,100,True,Reference portion only. The system must not estimate image portion size automatically.
cucumber_100g,cucumber,100 g,100,True,Reference portion only. The system must not estimate image portion size automatically.
dark_chocolate_100g,dark_chocolate,100 g,100,True,Reference portion only. The system must not estimate image portion size automatically.
dates_100g,dates,100 g,100,True,Reference portion only. The system must not estimate image portion size automatically.
deli_ham_100g,deli_ham,100 g,100,True,Reference portion only. The system must not estimate image portion size automatically.
diced_tomatoes_canned_100g,diced_tomatoes_canned,100 g,100,True,Reference portion only. The system must not estimate image portion size automatically.
dill_pickles_100g,dill_pickles,100 g,100,True,Reference portion only. The system must not estimate image portion size automatically.
donut_glazed_100g,donut_glazed,100 g,100,True,Reference portion only. The system must not estimate image portion size automatically.
egg_white_dried_100g,egg_white_dried,100 g,100,True,Reference portion only. The system must not estimate image portion size automatically.
egg_white_raw_100g,egg_white_raw,100 g,100,True,Reference portion only. The system must not estimate image portion size automatically.
egg_whole_dried_100g,egg_whole_dried,100 g,100,True,Reference portion only. The system must not estimate image portion size automatically.
egg_whole_raw_100g,egg_whole_raw,100 g,100,True,Reference portion only. The system must not estimate image portion size automatically.
egg_yolk_dried_100g,egg_yolk_dried,100 g,100,True,Reference portion only. The system must not estimate image portion size automatically.
egg_yolk_raw_100g,egg_yolk_raw,100 g,100,True,Reference portion only. The system must not estimate image portion size automatically.
energy_drink_100g,energy_drink,100 g,100,True,Reference portion only. The system must not estimate image portion size automatically.
falafel_100g,falafel,100 g,100,True,Reference portion only. The system must not estimate image portion size automatically.
falafel_taameya_100g,falafel_taameya,100 g,100,True,Reference portion only. The system must not estimate image portion size automatically.
fatta_egyptian_100g,fatta_egyptian,100 g,100,True,Reference portion only. The system must not estimate image portion size automatically.
feta_cheese_100g,feta_cheese,100 g,100,True,Reference portion only. The system must not estimate image portion size automatically.
figs_dried_100g,figs_dried,100 g,100,True,Reference portion only. The system must not estimate image portion size automatically.
fish_baked_100g,fish_baked,100 g,100,True,Reference portion only. The system must not estimate image portion size automatically.
fish_fried_100g,fish_fried,100 g,100,True,Reference portion only. The system must not estimate image portion size automatically.
fish_with_rice_100g,fish_with_rice,100 g,100,True,Reference portion only. The system must not estimate image portion size automatically.
flour_ap_bleached_100g,flour_ap_bleached,100 g,100,True,Reference portion only. The system must not estimate image portion size automatically.
flour_ap_unbleached_100g,flour_ap_unbleached,100 g,100,True,Reference portion only. The system must not estimate image portion size automatically.
flour_ap_unenriched_100g,flour_ap_unenriched,100 g,100,True,Reference portion only. The system must not estimate image portion size automatically.
flour_bread_white_100g,flour_bread_white,100 g,100,True,Reference portion only. The system must not estimate image portion size automatically.
flour_corn_yellow_100g,flour_corn_yellow,100 g,100,True,Reference portion only. The system must not estimate image portion size automatically.
flour_pastry_100g,flour_pastry,100 g,100,True,Reference portion only. The system must not estimate image portion size automatically.
flour_rice_brown_100g,flour_rice_brown,100 g,100,True,Reference portion only. The system must not estimate image portion size automatically.
flour_rice_glutinous_100g,flour_rice_glutinous,100 g,100,True,Reference portion only. The system must not estimate image portion size automatically.
flour_rice_white_100g,flour_rice_white,100 g,100,True,Reference portion only. The system must not estimate image portion size automatically.
flour_soy_defatted_100g,flour_soy_defatted,100 g,100,True,Reference portion only. The system must not estimate image portion size automatically.
flour_soy_full_fat_100g,flour_soy_full_fat,100 g,100,True,Reference portion only. The system must not estimate image portion size automatically.
flour_whole_wheat_100g,flour_whole_wheat,100 g,100,True,Reference portion only. The system must not estimate image portion size automatically.
foul_medames_100g,foul_medames,100 g,100,True,Reference portion only. The system must not estimate image portion size automatically.
french_fries_100g,french_fries,100 g,100,True,Reference portion only. The system must not estimate image portion size automatically.
fried_chicken_piece_100g,fried_chicken_piece,100 g,100,True,Reference portion only. The system must not estimate image portion size automatically.
fried_rice_chinese_100g,fried_rice_chinese,100 g,100,True,Reference portion only. The system must not estimate image portion size automatically.
garlic_raw_100g,garlic_raw,100 g,100,True,Reference portion only. The system must not estimate image portion size automatically.
granola_bar_100g,granola_bar,100 g,100,True,Reference portion only. The system must not estimate image portion size automatically.
granulated_sugar_100g,granulated_sugar,100 g,100,True,Reference portion only. The system must not estimate image portion size automatically.
grapefruit_juice_100g,grapefruit_juice,100 g,100,True,Reference portion only. The system must not estimate image portion size automatically.
grapes_100g,grapes,100 g,100,True,Reference portion only. The system must not estimate image portion size automatically.
greek_yogurt_plain_100g,greek_yogurt_plain,100 g,100,True,Reference portion only. The system must not estimate image portion size automatically.
greek_yogurt_strawberry_100g,greek_yogurt_strawberry,100 g,100,True,Reference portion only. The system must not estimate image portion size automatically.
green_beans_canned_100g,green_beans_canned,100 g,100,True,Reference portion only. The system must not estimate image portion size automatically.
green_olives_100g,green_olives,100 g,100,True,Reference portion only. The system must not estimate image portion size automatically.
grilled_fish_100g,grilled_fish,100 g,100,True,Reference portion only. The system must not estimate image portion size automatically.
ground_turkey_93_lean_100g,ground_turkey_93_lean,100 g,100,True,Reference portion only. The system must not estimate image portion size automatically.
haddock_raw_100g,haddock_raw,100 g,100,True,Reference portion only. The system must not estimate image portion size automatically.
ham_restaurant_100g,ham_restaurant,100 g,100,True,Reference portion only. The system must not estimate image portion size automatically.
hawawshi_100g,hawawshi,100 g,100,True,Reference portion only. The system must not estimate image portion size automatically.
hot_dog_100g,hot_dog,100 g,100,True,Reference portion only. The system must not estimate image portion size automatically.
hummus_100g,hummus,100 g,100,True,Reference portion only. The system must not estimate image portion size automatically.
ice_cream_vanilla_100g,ice_cream_vanilla,100 g,100,True,Reference portion only. The system must not estimate image portion size automatically.
italian_pork_sausage_100g,italian_pork_sausage,100 g,100,True,Reference portion only. The system must not estimate image portion size automatically.
kabsa_chicken_100g,kabsa_chicken,100 g,100,True,Reference portion only. The system must not estimate image portion size automatically.
kale_frozen_cooked_100g,kale_frozen_cooked,100 g,100,True,Reference portion only. The system must not estimate image portion size automatically.
kale_raw_100g,kale_raw,100 g,100,True,Reference portion only. The system must not estimate image portion size automatically.
kebab_grilled_100g,kebab_grilled,100 g,100,True,Reference portion only. The system must not estimate image portion size automatically.
ketchup_100g,ketchup,100 g,100,True,Reference portion only. The system must not estimate image portion size automatically.
kiwi_100g,kiwi,100 g,100,True,Reference portion only. The system must not estimate image portion size automatically.
kiwi_raw_100g,kiwi_raw,100 g,100,True,Reference portion only. The system must not estimate image portion size automatically.
kofta_grilled_100g,kofta_grilled,100 g,100,True,Reference portion only. The system must not estimate image portion size automatically.
koshari_100g,koshari,100 g,100,True,Reference portion only. The system must not estimate image portion size automatically.
kunafa_100g,kunafa,100 g,100,True,Reference portion only. The system must not estimate image portion size automatically.
labneh_100g,labneh,100 g,100,True,Reference portion only. The system must not estimate image portion size automatically.
lamb_chop_grilled_100g,lamb_chop_grilled,100 g,100,True,Reference portion only. The system must not estimate image portion size automatically.
lamb_shank_cooked_100g,lamb_shank_cooked,100 g,100,True,Reference portion only. The system must not estimate image portion size automatically.
lamb_with_rice_100g,lamb_with_rice,100 g,100,True,Reference portion only. The system must not estimate image portion size automatically.
large_egg_white_100g,large_egg_white,100 g,100,True,Reference portion only. The system must not estimate image portion size automatically.
large_egg_whole_100g,large_egg_whole,100 g,100,True,Reference portion only. The system must not estimate image portion size automatically.
large_egg_yolk_100g,large_egg_yolk,100 g,100,True,Reference portion only. The system must not estimate image portion size automatically.
lasagna_100g,lasagna,100 g,100,True,Reference portion only. The system must not estimate image portion size automatically.
lemonade_100g,lemonade,100 g,100,True,Reference portion only. The system must not estimate image portion size automatically.
lentil_soup_100g,lentil_soup,100 g,100,True,Reference portion only. The system must not estimate image portion size automatically.
lentils_cooked_100g,lentils_cooked,100 g,100,True,Reference portion only. The system must not estimate image portion size automatically.
lettuce_100g,lettuce,100 g,100,True,Reference portion only. The system must not estimate image portion size automatically.
macaroni_bechamel_100g,macaroni_bechamel,100 g,100,True,Reference portion only. The system must not estimate image portion size automatically.
mahshi_100g,mahshi,100 g,100,True,Reference portion only. The system must not estimate image portion size automatically.
mandi_chicken_100g,mandi_chicken,100 g,100,True,Reference portion only. The system must not estimate image portion size automatically.
mango_100g,mango,100 g,100,True,Reference portion only. The system must not estimate image portion size automatically.
marinara_sauce_100g,marinara_sauce,100 g,100,True,Reference portion only. The system must not estimate image portion size automatically.
meatballs_100g,meatballs,100 g,100,True,Reference portion only. The system must not estimate image portion size automatically.
milk_1_percent_100g,milk_1_percent,100 g,100,True,Reference portion only. The system must not estimate image portion size automatically.
milk_2_percent_100g,milk_2_percent,100 g,100,True,Reference portion only. The system must not estimate image portion size automatically.
milk_skim_100g,milk_skim,100 g,100,True,Reference portion only. The system must not estimate image portion size automatically.
milk_whole_100g,milk_whole,100 g,100,True,Reference portion only. The system must not estimate image portion size automatically.
mixed_salad_100g,mixed_salad,100 g,100,True,Reference portion only. The system must not estimate image portion size automatically.
molokhia_100g,molokhia,100 g,100,True,Reference portion only. The system must not estimate image portion size automatically.
mozzarella_cheese_100g,mozzarella_cheese,100 g,100,True,Reference portion only. The system must not estimate image portion size automatically.
nectarines_raw_100g,nectarines_raw,100 g,100,True,Reference portion only. The system must not estimate image portion size automatically.
nuts_mixed_100g,nuts_mixed,100 g,100,True,Reference portion only. The system must not estimate image portion size automatically.
oatmeal_raisin_cookies_100g,oatmeal_raisin_cookies,100 g,100,True,Reference portion only. The system must not estimate image portion size automatically.
oats_cooked_100g,oats_cooked,100 g,100,True,Reference portion only. The system must not estimate image portion size automatically.
onion_rings_baked_100g,onion_rings_baked,100 g,100,True,Reference portion only. The system must not estimate image portion size automatically.
orange_100g,orange,100 g,100,True,Reference portion only. The system must not estimate image portion size automatically.
orange_juice_100g,orange_juice,100 g,100,True,Reference portion only. The system must not estimate image portion size automatically.
oranges_raw_100g,oranges_raw,100 g,100,True,Reference portion only. The system must not estimate image portion size automatically.
parmesan_cheese_100g,parmesan_cheese,100 g,100,True,Reference portion only. The system must not estimate image portion size automatically.
pasta_alfredo_100g,pasta_alfredo,100 g,100,True,Reference portion only. The system must not estimate image portion size automatically.
pasta_cooked_100g,pasta_cooked,100 g,100,True,Reference portion only. The system must not estimate image portion size automatically.
peaches_raw_100g,peaches_raw,100 g,100,True,Reference portion only. The system must not estimate image portion size automatically.
peanut_butter_100g,peanut_butter,100 g,100,True,Reference portion only. The system must not estimate image portion size automatically.
peanuts_100g,peanuts,100 g,100,True,Reference portion only. The system must not estimate image portion size automatically.
pear_100g,pear,100 g,100,True,Reference portion only. The system must not estimate image portion size automatically.
pears_raw_100g,pears_raw,100 g,100,True,Reference portion only. The system must not estimate image portion size automatically.
peas_cooked_100g,peas_cooked,100 g,100,True,Reference portion only. The system must not estimate image portion size automatically.
pineapple_100g,pineapple,100 g,100,True,Reference portion only. The system must not estimate image portion size automatically.
pita_bread_100g,pita_bread,100 g,100,True,Reference portion only. The system must not estimate image portion size automatically.
pizza_slice_100g,pizza_slice,100 g,100,True,Reference portion only. The system must not estimate image portion size automatically.
pollock_raw_100g,pollock_raw,100 g,100,True,Reference portion only. The system must not estimate image portion size automatically.
popcorn_butter_100g,popcorn_butter,100 g,100,True,Reference portion only. The system must not estimate image portion size automatically.
popcorn_plain_100g,popcorn_plain,100 g,100,True,Reference portion only. The system must not estimate image portion size automatically.
pork_tamale_100g,pork_tamale,100 g,100,True,Reference portion only. The system must not estimate image portion size automatically.
porterhouse_steak_100g,porterhouse_steak,100 g,100,True,Reference portion only. The system must not estimate image portion size automatically.
potato_baked_100g,potato_baked,100 g,100,True,Reference portion only. The system must not estimate image portion size automatically.
potato_chips_100g,potato_chips,100 g,100,True,Reference portion only. The system must not estimate image portion size automatically.
queso_seco_100g,queso_seco,100 g,100,True,Reference portion only. The system must not estimate image portion size automatically.
quinoa_cooked_100g,quinoa_cooked,100 g,100,True,Reference portion only. The system must not estimate image portion size automatically.
red_onion_raw_100g,red_onion_raw,100 g,100,True,Reference portion only. The system must not estimate image portion size automatically.
rice_brown_cooked_100g,rice_brown_cooked,100 g,100,True,Reference portion only. The system must not estimate image portion size automatically.
rice_pudding_100g,rice_pudding,100 g,100,True,Reference portion only. The system must not estimate image portion size automatically.
rice_white_cooked_100g,rice_white_cooked,100 g,100,True,Reference portion only. The system must not estimate image portion size automatically.
ricotta_cheese_100g,ricotta_cheese,100 g,100,True,Reference portion only. The system must not estimate image portion size automatically.
roasted_lamb_100g,roasted_lamb,100 g,100,True,Reference portion only. The system must not estimate image portion size automatically.
romaine_lettuce_100g,romaine_lettuce,100 g,100,True,Reference portion only. The system must not estimate image portion size automatically.
salmon_grilled_100g,salmon_grilled,100 g,100,True,Reference portion only. The system must not estimate image portion size automatically.
salsa_100g,salsa,100 g,100,True,Reference portion only. The system must not estimate image portion size automatically.
sandwich_cheese_100g,sandwich_cheese,100 g,100,True,Reference portion only. The system must not estimate image portion size automatically.
sandwich_turkey_100g,sandwich_turkey,100 g,100,True,Reference portion only. The system must not estimate image portion size automatically.
sardines_canned_100g,sardines_canned,100 g,100,True,Reference portion only. The system must not estimate image portion size automatically.
sausage_beef_100g,sausage_beef,100 g,100,True,Reference portion only. The system must not estimate image portion size automatically.
scrambled_egg_100g,scrambled_egg,100 g,100,True,Reference portion only. The system must not estimate image portion size automatically.
sea_bass_grilled_100g,sea_bass_grilled,100 g,100,True,Reference portion only. The system must not estimate image portion size automatically.
shawarma_chicken_100g,shawarma_chicken,100 g,100,True,Reference portion only. The system must not estimate image portion size automatically.
shrimp_cooked_100g,shrimp_cooked,100 g,100,True,Reference portion only. The system must not estimate image portion size automatically.
smoothie_fruit_100g,smoothie_fruit,100 g,100,True,Reference portion only. The system must not estimate image portion size automatically.
soup_chicken_100g,soup_chicken,100 g,100,True,Reference portion only. The system must not estimate image portion size automatically.
spaghetti_tomato_sauce_100g,spaghetti_tomato_sauce,100 g,100,True,Reference portion only. The system must not estimate image portion size automatically.
sparkling_water_100g,sparkling_water,100 g,100,True,Reference portion only. The system must not estimate image portion size automatically.
spinach_100g,spinach,100 g,100,True,Reference portion only. The system must not estimate image portion size automatically.
sports_drink_100g,sports_drink,100 g,100,True,Reference portion only. The system must not estimate image portion size automatically.
strawberries_100g,strawberries,100 g,100,True,Reference portion only. The system must not estimate image portion size automatically.
strawberries_raw_100g,strawberries_raw,100 g,100,True,Reference portion only. The system must not estimate image portion size automatically.
sunflower_seeds_100g,sunflower_seeds,100 g,100,True,Reference portion only. The system must not estimate image portion size automatically.
sweet_potato_baked_100g,sweet_potato_baked,100 g,100,True,Reference portion only. The system must not estimate image portion size automatically.
sweet_sour_pork_100g,sweet_sour_pork,100 g,100,True,Reference portion only. The system must not estimate image portion size automatically.
swiss_cheese_100g,swiss_cheese,100 g,100,True,Reference portion only. The system must not estimate image portion size automatically.
tbone_steak_grilled_100g,tbone_steak_grilled,100 g,100,True,Reference portion only. The system must not estimate image portion size automatically.
tea_sweetened_100g,tea_sweetened,100 g,100,True,Reference portion only. The system must not estimate image portion size automatically.
tea_unsweetened_100g,tea_unsweetened,100 g,100,True,Reference portion only. The system must not estimate image portion size automatically.
tilapia_grilled_100g,tilapia_grilled,100 g,100,True,Reference portion only. The system must not estimate image portion size automatically.
tofu_firm_100g,tofu_firm,100 g,100,True,Reference portion only. The system must not estimate image portion size automatically.
tomato_100g,tomato,100 g,100,True,Reference portion only. The system must not estimate image portion size automatically.
tomatoes_grape_100g,tomatoes_grape,100 g,100,True,Reference portion only. The system must not estimate image portion size automatically.
tortilla_wrap_100g,tortilla_wrap,100 g,100,True,Reference portion only. The system must not estimate image portion size automatically.
tuna_canned_100g,tuna_canned,100 g,100,True,Reference portion only. The system must not estimate image portion size automatically.
turkey_breakfast_sausage_100g,turkey_breakfast_sausage,100 g,100,True,Reference portion only. The system must not estimate image portion size automatically.
turkey_slices_100g,turkey_slices,100 g,100,True,Reference portion only. The system must not estimate image portion size automatically.
veggie_burger_100g,veggie_burger,100 g,100,True,Reference portion only. The system must not estimate image portion size automatically.
water_100g,water,100 g,100,True,Reference portion only. The system must not estimate image portion size automatically.
watermelon_100g,watermelon,100 g,100,True,Reference portion only. The system must not estimate image portion size automatically.
white_onion_raw_100g,white_onion_raw,100 g,100,True,Reference portion only. The system must not estimate image portion size automatically.
yellow_mustard_100g,yellow_mustard,100 g,100,True,Reference portion only. The system must not estimate image portion size automatically.
yellow_onion_raw_100g,yellow_onion_raw,100 g,100,True,Reference portion only. The system must not estimate image portion size automatically.
yogurt_fruit_100g,yogurt_fruit,100 g,100,True,Reference portion only. The system must not estimate image portion size automatically.
fndds_goat_milk_100g,fndds_goat_milk,100 g,100,True,Reference portion matching the stored per-100g nutrition basis.
fndds_buttermilk_100g,fndds_buttermilk,100 g,100,True,Reference portion matching the stored per-100g nutrition basis.
fndds_milk_evaporated_whole_100g,fndds_milk_evaporated_whole,100 g,100,True,Reference portion matching the stored per-100g nutrition basis.
fndds_milk_lactose_free_whole_100g,fndds_milk_lactose_free_whole,100 g,100,True,Reference portion matching the stored per-100g nutrition basis.
fndds_milk_reduced_fat_2_100g,fndds_milk_reduced_fat_2,100 g,100,True,Reference portion matching the stored per-100g nutrition basis.
fndds_milk_evaporated_reduced_fat_2_100g,fndds_milk_evaporated_reduced_fat_2,100 g,100,True,Reference portion matching the stored per-100g nutrition basis.
fndds_milk_lactose_free_reduced_fat_2_100g,fndds_milk_lactose_free_reduced_fat_2,100 g,100,True,Reference portion matching the stored per-100g nutrition basis.
fndds_kefir_100g,fndds_kefir,100 g,100,True,Reference portion matching the stored per-100g nutrition basis.
fndds_milk_low_fat_1_100g,fndds_milk_low_fat_1,100 g,100,True,Reference portion matching the stored per-100g nutrition basis.
fndds_milk_lactose_free_low_fat_1_100g,fndds_milk_lactose_free_low_fat_1,100 g,100,True,Reference portion matching the stored per-100g nutrition basis.
fndds_milk_fat_free_skim_100g,fndds_milk_fat_free_skim,100 g,100,True,Reference portion matching the stored per-100g nutrition basis.
fndds_milk_dry_reconstituted_nonfat_100g,fndds_milk_dry_reconstituted_nonfat,100 g,100,True,Reference portion matching the stored per-100g nutrition basis.
fndds_milk_evaporated_fat_free_skim_100g,fndds_milk_evaporated_fat_free_skim,100 g,100,True,Reference portion matching the stored per-100g nutrition basis.
fndds_milk_lactose_free_fat_free_skim_100g,fndds_milk_lactose_free_fat_free_skim,100 g,100,True,Reference portion matching the stored per-100g nutrition basis.
fndds_strawberry_milk_whole_100g,fndds_strawberry_milk_whole,100 g,100,True,Reference portion matching the stored per-100g nutrition basis.
fndds_chocolate_milk_whole_100g,fndds_chocolate_milk_whole,100 g,100,True,Reference portion matching the stored per-100g nutrition basis.
fndds_milk_condensed_sweetened_100g,fndds_milk_condensed_sweetened,100 g,100,True,Reference portion matching the stored per-100g nutrition basis.
fndds_chocolate_milk_reduced_sugar_whole_100g,fndds_chocolate_milk_reduced_sugar_whole,100 g,100,True,Reference portion matching the stored per-100g nutrition basis.
fndds_milk_malted_100g,fndds_milk_malted,100 g,100,True,Reference portion matching the stored per-100g nutrition basis.
fndds_strawberry_milk_reduced_fat_2_100g,fndds_strawberry_milk_reduced_fat_2,100 g,100,True,Reference portion matching the stored per-100g nutrition basis.
fndds_chocolate_milk_reduced_fat_2_100g,fndds_chocolate_milk_reduced_fat_2,100 g,100,True,Reference portion matching the stored per-100g nutrition basis.
fndds_hot_chocolate_cocoa_with_whipped_cream_100g,fndds_hot_chocolate_cocoa_with_whipped_cream,100 g,100,True,Reference portion matching the stored per-100g nutrition basis.
fndds_chocolate_milk_reduced_sugar_reduced_fat_2_100g,fndds_chocolate_milk_reduced_sugar_reduced_fat_2,100 g,100,True,Reference portion matching the stored per-100g nutrition basis.
fndds_strawberry_milk_reduced_sugar_100g,fndds_strawberry_milk_reduced_sugar,100 g,100,True,Reference portion matching the stored per-100g nutrition basis.
fndds_strawberry_milk_low_fat_1_100g,fndds_strawberry_milk_low_fat_1,100 g,100,True,Reference portion matching the stored per-100g nutrition basis.
fndds_chocolate_milk_low_fat_1_100g,fndds_chocolate_milk_low_fat_1,100 g,100,True,Reference portion matching the stored per-100g nutrition basis.
fndds_chocolate_milk_reduced_sugar_low_fat_1_100g,fndds_chocolate_milk_reduced_sugar_low_fat_1,100 g,100,True,Reference portion matching the stored per-100g nutrition basis.
fndds_strawberry_milk_fat_free_skim_100g,fndds_strawberry_milk_fat_free_skim,100 g,100,True,Reference portion matching the stored per-100g nutrition basis.
fndds_chocolate_milk_fat_free_skim_100g,fndds_chocolate_milk_fat_free_skim,100 g,100,True,Reference portion matching the stored per-100g nutrition basis.
fndds_hot_chocolate_cocoa_dry_mix_made_with_water_100g,fndds_hot_chocolate_cocoa_dry_mix_made_with_water,100 g,100,True,Reference portion matching the stored per-100g nutrition basis.
fndds_chocolate_milk_reduced_sugar_fat_free_skim_100g,fndds_chocolate_milk_reduced_sugar_fat_free_skim,100 g,100,True,Reference portion matching the stored per-100g nutrition basis.
fndds_hot_chocolate_cocoa_dry_mix_reduced_sugar_made_with_water_100g,fndds_hot_chocolate_cocoa_dry_mix_reduced_sugar_made_with_water,100 g,100,True,Reference portion matching the stored per-100g nutrition basis.
fndds_eggnog_100g,fndds_eggnog,100 g,100,True,Reference portion matching the stored per-100g nutrition basis.
fndds_milk_shake_with_malt_100g,fndds_milk_shake_with_malt,100 g,100,True,Reference portion matching the stored per-100g nutrition basis.
fndds_chocolate_milk_drink_100g,fndds_chocolate_milk_drink,100 g,100,True,Reference portion matching the stored per-100g nutrition basis.
fndds_ice_cream_soda_chocolate_100g,fndds_ice_cream_soda_chocolate,100 g,100,True,Reference portion matching the stored per-100g nutrition basis.
fndds_milk_shake_bottled_chocolate_100g,fndds_milk_shake_bottled_chocolate,100 g,100,True,Reference portion matching the stored per-100g nutrition basis.
fndds_milk_shake_home_recipe_chocolate_100g,fndds_milk_shake_home_recipe_chocolate,100 g,100,True,Reference portion matching the stored per-100g nutrition basis.
fndds_cheese_ball_100g,fndds_cheese_ball,100 g,100,True,Reference portion matching the stored per-100g nutrition basis.
fndds_queso_fresco_100g,fndds_queso_fresco,100 g,100,True,Reference portion matching the stored per-100g nutrition basis.
fndds_queso_cotija_100g,fndds_queso_cotija,100 g,100,True,Reference portion matching the stored per-100g nutrition basis.
fndds_queso_asadero_100g,fndds_queso_asadero,100 g,100,True,Reference portion matching the stored per-100g nutrition basis.
fndds_cheese_brie_100g,fndds_cheese_brie,100 g,100,True,Reference portion matching the stored per-100g nutrition basis.
fndds_cheese_feta_100g,fndds_cheese_feta,100 g,100,True,Reference portion matching the stored per-100g nutrition basis.
fndds_cheese_goat_100g,fndds_cheese_goat,100 g,100,True,Reference portion matching the stored per-100g nutrition basis.
fndds_imitation_cheese_100g,fndds_imitation_cheese,100 g,100,True,Reference portion matching the stored per-100g nutrition basis.
fndds_cheese_brick_100g,fndds_cheese_brick,100 g,100,True,Reference portion matching the stored per-100g nutrition basis.
fndds_cheese_colby_100g,fndds_cheese_colby,100 g,100,True,Reference portion matching the stored per-100g nutrition basis.
fndds_cheese_swiss_100g,fndds_cheese_swiss,100 g,100,True,Reference portion matching the stored per-100g nutrition basis.
fndds_cheese_paneer_100g,fndds_cheese_paneer,100 g,100,True,Reference portion matching the stored per-100g nutrition basis.
fndds_cheese_cheddar_100g,fndds_cheese_cheddar,100 g,100,True,Reference portion matching the stored per-100g nutrition basis.
fndds_cheese_ricotta_100g,fndds_cheese_ricotta,100 g,100,True,Reference portion matching the stored per-100g nutrition basis.
fndds_puerto_rican_white_cheese_100g,fndds_puerto_rican_white_cheese,100 g,100,True,Reference portion matching the stored per-100g nutrition basis.
fndds_cottage_cheese_farmer_s_100g,fndds_cottage_cheese_farmer_s,100 g,100,True,Reference portion matching the stored per-100g nutrition basis.
fndds_cheese_cottage_low_fat_100g,fndds_cheese_cottage_low_fat,100 g,100,True,Reference portion matching the stored per-100g nutrition basis.
fndds_cheese_cottage_dry_curd_100g,fndds_cheese_cottage_dry_curd,100 g,100,True,Reference portion matching the stored per-100g nutrition basis.
fndds_cheese_cottage_with_fruit_100g,fndds_cheese_cottage_with_fruit,100 g,100,True,Reference portion matching the stored per-100g nutrition basis.
fndds_cheese_cottage_with_vegetables_100g,fndds_cheese_cottage_with_vegetables,100 g,100,True,Reference portion matching the stored per-100g nutrition basis.
fndds_yogurt_tube_100g,fndds_yogurt_tube,100 g,100,True,Reference portion matching the stored per-100g nutrition basis.
fndds_yogurt_liquid_100g,fndds_yogurt_liquid,100 g,100,True,Reference portion matching the stored per-100g nutrition basis.
fndds_yogurt_whole_milk_plain_100g,fndds_yogurt_whole_milk_plain,100 g,100,True,Reference portion matching the stored per-100g nutrition basis.
fndds_yogurt_nonfat_milk_plain_100g,fndds_yogurt_nonfat_milk_plain,100 g,100,True,Reference portion matching the stored per-100g nutrition basis.
fndds_yogurt_parfait_with_fruit_100g,fndds_yogurt_parfait_with_fruit,100 g,100,True,Reference portion matching the stored per-100g nutrition basis.
fndds_yogurt_low_fat_milk_plain_100g,fndds_yogurt_low_fat_milk_plain,100 g,100,True,Reference portion matching the stored per-100g nutrition basis.
fndds_yogurt_greek_with_oats_100g,fndds_yogurt_greek_with_oats,100 g,100,True,Reference portion matching the stored per-100g nutrition basis.
fndds_yogurt_greek_whole_milk_plain_100g,fndds_yogurt_greek_whole_milk_plain,100 g,100,True,Reference portion matching the stored per-100g nutrition basis.
fndds_yogurt_greek_nonfat_milk_plain_100g,fndds_yogurt_greek_nonfat_milk_plain,100 g,100,True,Reference portion matching the stored per-100g nutrition basis.
fndds_yogurt_greek_low_fat_milk_plain_100g,fndds_yogurt_greek_low_fat_milk_plain,100 g,100,True,Reference portion matching the stored per-100g nutrition basis.
fndds_yogurt_greek_whole_milk_fruit_100g,fndds_yogurt_greek_whole_milk_fruit,100 g,100,True,Reference portion matching the stored per-100g nutrition basis.
fndds_oat_milk_100g,fndds_oat_milk,100 g,100,True,Reference portion matching the stored per-100g nutrition basis.
fndds_rice_milk_100g,fndds_rice_milk,100 g,100,True,Reference portion matching the stored per-100g nutrition basis.
fndds_coconut_milk_100g,fndds_coconut_milk,100 g,100,True,Reference portion matching the stored per-100g nutrition basis.
fndds_soy_milk_sweetened_100g,fndds_soy_milk_sweetened,100 g,100,True,Reference portion matching the stored per-100g nutrition basis.
fndds_soy_milk_chocolate_100g,fndds_soy_milk_chocolate,100 g,100,True,Reference portion matching the stored per-100g nutrition basis.
fndds_soy_milk_unsweetened_100g,fndds_soy_milk_unsweetened,100 g,100,True,Reference portion matching the stored per-100g nutrition basis.
fndds_almond_milk_sweetened_100g,fndds_almond_milk_sweetened,100 g,100,True,Reference portion matching the stored per-100g nutrition basis.
fndds_yogurt_soy_100g,fndds_yogurt_soy,100 g,100,True,Reference portion matching the stored per-100g nutrition basis.
fndds_yogurt_almond_milk_100g,fndds_yogurt_almond_milk,100 g,100,True,Reference portion matching the stored per-100g nutrition basis.
fndds_yogurt_coconut_milk_100g,fndds_yogurt_coconut_milk,100 g,100,True,Reference portion matching the stored per-100g nutrition basis.
fndds_veal_chop_100g,fndds_veal_chop,100 g,100,True,Reference portion matching the stored per-100g nutrition basis.
fndds_beef_roast_100g,fndds_beef_roast,100 g,100,True,Reference portion matching the stored per-100g nutrition basis.
fndds_beef_oxtails_100g,fndds_beef_oxtails,100 g,100,True,Reference portion matching the stored per-100g nutrition basis.
fndds_beef_brisket_100g,fndds_beef_brisket,100 g,100,True,Reference portion matching the stored per-100g nutrition basis.
fndds_beef_shortribs_100g,fndds_beef_shortribs,100 g,100,True,Reference portion matching the stored per-100g nutrition basis.
fndds_beef_pot_roast_100g,fndds_beef_pot_roast,100 g,100,True,Reference portion matching the stored per-100g nutrition basis.
fndds_beef_stew_meat_100g,fndds_beef_stew_meat,100 g,100,True,Reference portion matching the stored per-100g nutrition basis.
fndds_beef_neck_bones_100g,fndds_beef_neck_bones,100 g,100,True,Reference portion matching the stored per-100g nutrition basis.
fndds_beef_sandwich_steak_100g,fndds_beef_sandwich_steak,100 g,100,True,Reference portion matching the stored per-100g nutrition basis.
fndds_beef_ground_100g,fndds_beef_ground,100 g,100,True,Reference portion matching the stored per-100g nutrition basis.
fndds_veal_ground_100g,fndds_veal_ground,100 g,100,True,Reference portion matching the stored per-100g nutrition basis.
fndds_beef_ground_raw_100g,fndds_beef_ground_raw,100 g,100,True,Reference portion matching the stored per-100g nutrition basis.
fndds_beef_ground_patty_100g,fndds_beef_ground_patty,100 g,100,True,Reference portion matching the stored per-100g nutrition basis.
fndds_pork_ribs_100g,fndds_pork_ribs,100 g,100,True,Reference portion matching the stored per-100g nutrition basis.
fndds_pork_ears_100g,fndds_pork_ears,100 g,100,True,Reference portion matching the stored per-100g nutrition basis.
fndds_pork_roast_100g,fndds_pork_roast,100 g,100,True,Reference portion matching the stored per-100g nutrition basis.
fndds_pork_bones_100g,fndds_pork_bones,100 g,100,True,Reference portion matching the stored per-100g nutrition basis.
fndds_pork_belly_100g,fndds_pork_belly,100 g,100,True,Reference portion matching the stored per-100g nutrition basis.
fndds_pork_skin_rinds_100g,fndds_pork_skin_rinds,100 g,100,True,Reference portion matching the stored per-100g nutrition basis.
fndds_pork_ground_100g,fndds_pork_ground,100 g,100,True,Reference portion matching the stored per-100g nutrition basis.
fndds_pork_carnitas_100g,fndds_pork_carnitas,100 g,100,True,Reference portion matching the stored per-100g nutrition basis.
fndds_goat_100g,fndds_goat,100 g,100,True,Reference portion matching the stored per-100g nutrition basis.
fndds_bear_100g,fndds_bear,100 g,100,True,Reference portion matching the stored per-100g nutrition basis.
fndds_moose_100g,fndds_moose,100 g,100,True,Reference portion matching the stored per-100g nutrition basis.
fndds_bison_100g,fndds_bison,100 g,100,True,Reference portion matching the stored per-100g nutrition basis.
fndds_rabbit_100g,fndds_rabbit,100 g,100,True,Reference portion matching the stored per-100g nutrition basis.
fndds_beaver_100g,fndds_beaver,100 g,100,True,Reference portion matching the stored per-100g nutrition basis.
fndds_caribou_100g,fndds_caribou,100 g,100,True,Reference portion matching the stored per-100g nutrition basis.
fndds_heart_100g,fndds_heart,100 g,100,True,Reference portion matching the stored per-100g nutrition basis.
fndds_tripe_100g,fndds_tripe,100 g,100,True,Reference portion matching the stored per-100g nutrition basis.
fndds_kidney_100g,fndds_kidney,100 g,100,True,Reference portion matching the stored per-100g nutrition basis.
fndds_brains_100g,fndds_brains,100 g,100,True,Reference portion matching the stored per-100g nutrition basis.
fndds_tongue_100g,fndds_tongue,100 g,100,True,Reference portion matching the stored per-100g nutrition basis.
fndds_gizzard_100g,fndds_gizzard,100 g,100,True,Reference portion matching the stored per-100g nutrition basis.
fndds_chicken_skin_100g,fndds_chicken_skin,100 g,100,True,Reference portion matching the stored per-100g nutrition basis.
fndds_chicken_back_100g,fndds_chicken_back,100 g,100,True,Reference portion matching the stored per-100g nutrition basis.
fndds_chicken_tail_100g,fndds_chicken_tail,100 g,100,True,Reference portion matching the stored per-100g nutrition basis.
fndds_chicken_ground_100g,fndds_chicken_ground,100 g,100,True,Reference portion matching the stored per-100g nutrition basis.
fndds_chicken_wing_stewed_100g,fndds_chicken_wing_stewed,100 g,100,True,Reference portion matching the stored per-100g nutrition basis.
fndds_chicken_wing_sauteed_100g,fndds_chicken_wing_sauteed,100 g,100,True,Reference portion matching the stored per-100g nutrition basis.
fndds_chicken_wing_rotisserie_100g,fndds_chicken_wing_rotisserie,100 g,100,True,Reference portion matching the stored per-100g nutrition basis.
fndds_chicken_wing_baked_coated_100g,fndds_chicken_wing_baked_coated,100 g,100,True,Reference portion matching the stored per-100g nutrition basis.
fndds_chicken_feet_100g,fndds_chicken_feet,100 g,100,True,Reference portion matching the stored per-100g nutrition basis.
fndds_chicken_wing_grilled_with_sauce_100g,fndds_chicken_wing_grilled_with_sauce,100 g,100,True,Reference portion matching the stored per-100g nutrition basis.
fndds_chicken_chicken_roll_roasted_100g,fndds_chicken_chicken_roll_roasted,100 g,100,True,Reference portion matching the stored per-100g nutrition basis.
fndds_chicken_canned_meat_only_100g,fndds_chicken_canned_meat_only,100 g,100,True,Reference portion matching the stored per-100g nutrition basis.
fndds_chicken_wing_grilled_without_sauce_100g,fndds_chicken_wing_grilled_without_sauce,100 g,100,True,Reference portion matching the stored per-100g nutrition basis.
fndds_chicken_wings_plain_from_precooked_100g,fndds_chicken_wings_plain_from_precooked,100 g,100,True,Reference portion matching the stored per-100g nutrition basis.
fndds_chicken_neck_or_ribs_100g,fndds_chicken_neck_or_ribs,100 g,100,True,Reference portion matching the stored per-100g nutrition basis.
fndds_chicken_thigh_stewed_skin_eaten_100g,fndds_chicken_thigh_stewed_skin_eaten,100 g,100,True,Reference portion matching the stored per-100g nutrition basis.
fndds_chicken_breast_stewed_skin_eaten_100g,fndds_chicken_breast_stewed_skin_eaten,100 g,100,True,Reference portion matching the stored per-100g nutrition basis.
fndds_chicken_thigh_sauteed_skin_eaten_100g,fndds_chicken_thigh_sauteed_skin_eaten,100 g,100,True,Reference portion matching the stored per-100g nutrition basis.
fndds_chicken_breast_sauteed_skin_eaten_100g,fndds_chicken_breast_sauteed_skin_eaten,100 g,100,True,Reference portion matching the stored per-100g nutrition basis.
fndds_chicken_wing_fried_coated_from_raw_100g,fndds_chicken_wing_fried_coated_from_raw,100 g,100,True,Reference portion matching the stored per-100g nutrition basis.
fndds_chicken_fillet_grilled_100g,fndds_chicken_fillet_grilled,100 g,100,True,Reference portion matching the stored per-100g nutrition basis.
fndds_chicken_patty_breaded_100g,fndds_chicken_patty_breaded,100 g,100,True,Reference portion matching the stored per-100g nutrition basis.
fndds_chicken_fillet_breaded_100g,fndds_chicken_fillet_breaded,100 g,100,True,Reference portion matching the stored per-100g nutrition basis.
fndds_chicken_nuggets_from_frozen_100g,fndds_chicken_nuggets_from_frozen,100 g,100,True,Reference portion matching the stored per-100g nutrition basis.
fndds_chicken_nuggets_from_other_sources_100g,fndds_chicken_nuggets_from_other_sources,100 g,100,True,Reference portion matching the stored per-100g nutrition basis.
fndds_chicken_nuggets_from_fast_food_100g,fndds_chicken_nuggets_from_fast_food,100 g,100,True,Reference portion matching the stored per-100g nutrition basis.
fndds_ostrich_100g,fndds_ostrich,100 g,100,True,Reference portion matching the stored per-100g nutrition basis.
fndds_quail_cooked_100g,fndds_quail_cooked,100 g,100,True,Reference portion matching the stored per-100g nutrition basis.
fndds_dove_fried_100g,fndds_dove_fried,100 g,100,True,Reference portion matching the stored per-100g nutrition basis.
fndds_pheasant_cooked_100g,fndds_pheasant_cooked,100 g,100,True,Reference portion matching the stored per-100g nutrition basis.
fndds_turkey_neck_100g,fndds_turkey_neck,100 g,100,True,Reference portion matching the stored per-100g nutrition basis.
fndds_turkey_tail_100g,fndds_turkey_tail,100 g,100,True,Reference portion matching the stored per-100g nutrition basis.
fndds_turkey_back_100g,fndds_turkey_back,100 g,100,True,Reference portion matching the stored per-100g nutrition basis.
fndds_duck_peking_100g,fndds_duck_peking,100 g,100,True,Reference portion matching the stored per-100g nutrition basis.
fndds_turkey_canned_100g,fndds_turkey_canned,100 g,100,True,Reference portion matching the stored per-100g nutrition basis.
fndds_turkey_ground_100g,fndds_turkey_ground,100 g,100,True,Reference portion matching the stored per-100g nutrition basis.
fndds_turkey_nuggets_100g,fndds_turkey_nuggets,100 g,100,True,Reference portion matching the stored per-100g nutrition basis.
fndds_caviar_100g,fndds_caviar,100 g,100,True,Reference portion matching the stored per-100g nutrition basis.
fndds_fish_raw_100g,fndds_fish_raw,100 g,100,True,Reference portion matching the stored per-100g nutrition basis.
fndds_fish_eel_100g,fndds_fish_eel,100 g,100,True,Reference portion matching the stored per-100g nutrition basis.
fndds_fish_carp_100g,fndds_fish_carp,100 g,100,True,Reference portion matching the stored per-100g nutrition basis.
fndds_fish_pike_100g,fndds_fish_pike,100 g,100,True,Reference portion matching the stored per-100g nutrition basis.
fndds_fish_stick_100g,fndds_fish_stick,100 g,100,True,Reference portion matching the stored per-100g nutrition basis.
fndds_fish_shark_100g,fndds_fish_shark,100 g,100,True,Reference portion matching the stored per-100g nutrition basis.
fndds_fish_canned_100g,fndds_fish_canned,100 g,100,True,Reference portion matching the stored per-100g nutrition basis.
fndds_fish_smoked_100g,fndds_fish_smoked,100 g,100,True,Reference portion matching the stored per-100g nutrition basis.
fndds_fish_mullet_100g,fndds_fish_mullet,100 g,100,True,Reference portion matching the stored per-100g nutrition basis.
fndds_fish_anchovy_100g,fndds_fish_anchovy,100 g,100,True,Reference portion matching the stored per-100g nutrition basis.
fndds_fish_croaker_100g,fndds_fish_croaker,100 g,100,True,Reference portion matching the stored per-100g nutrition basis.
fndds_fish_halibut_100g,fndds_fish_halibut,100 g,100,True,Reference portion matching the stored per-100g nutrition basis.
fndds_fish_herring_100g,fndds_fish_herring,100 g,100,True,Reference portion matching the stored per-100g nutrition basis.
fndds_fish_pickled_100g,fndds_fish_pickled,100 g,100,True,Reference portion matching the stored per-100g nutrition basis.
fndds_fish_snapper_100g,fndds_fish_snapper,100 g,100,True,Reference portion matching the stored per-100g nutrition basis.
fndds_fish_tuna_raw_100g,fndds_fish_tuna_raw,100 g,100,True,Reference portion matching the stored per-100g nutrition basis.
fndds_crab_100g,fndds_crab,100 g,100,True,Reference portion matching the stored per-100g nutrition basis.
fndds_turtle_100g,fndds_turtle,100 g,100,True,Reference portion matching the stored per-100g nutrition basis.
fndds_octopus_100g,fndds_octopus,100 g,100,True,Reference portion matching the stored per-100g nutrition basis.
fndds_abalone_100g,fndds_abalone,100 g,100,True,Reference portion matching the stored per-100g nutrition basis.
fndds_lobster_100g,fndds_lobster,100 g,100,True,Reference portion matching the stored per-100g nutrition basis.
fndds_mussels_100g,fndds_mussels,100 g,100,True,Reference portion matching the stored per-100g nutrition basis.
fndds_escargot_100g,fndds_escargot,100 g,100,True,Reference portion matching the stored per-100g nutrition basis.
fndds_frog_legs_100g,fndds_frog_legs,100 g,100,True,Reference portion matching the stored per-100g nutrition basis.
fndds_clams_raw_100g,fndds_clams_raw,100 g,100,True,Reference portion matching the stored per-100g nutrition basis.
fndds_oysters_raw_100g,fndds_oysters_raw,100 g,100,True,Reference portion matching the stored per-100g nutrition basis.
fndds_cheese_souffle_100g,fndds_cheese_souffle,100 g,100,True,Reference portion matching the stored per-100g nutrition basis.
fndds_duck_egg_cooked_100g,fndds_duck_egg_cooked,100 g,100,True,Reference portion matching the stored per-100g nutrition basis.
fndds_egg_creamed_100g,fndds_egg_creamed,100 g,100,True,Reference portion matching the stored per-100g nutrition basis.
fndds_egg_deviled_100g,fndds_egg_deviled,100 g,100,True,Reference portion matching the stored per-100g nutrition basis.
fndds_huevos_rancheros_100g,fndds_huevos_rancheros,100 g,100,True,Reference portion matching the stored per-100g nutrition basis.
fndds_goose_egg_cooked_100g,fndds_goose_egg_cooked,100 g,100,True,Reference portion matching the stored per-100g nutrition basis.
fndds_egg_benedict_100g,fndds_egg_benedict,100 g,100,True,Reference portion matching the stored per-100g nutrition basis.
fndds_quail_egg_canned_100g,fndds_quail_egg_canned,100 g,100,True,Reference portion matching the stored per-100g nutrition basis.
fndds_egg_yolk_only_raw_100g,fndds_egg_yolk_only_raw,100 g,100,True,Reference portion matching the stored per-100g nutrition basis.
fndds_egg_white_only_raw_100g,fndds_egg_white_only_raw,100 g,100,True,Reference portion matching the stored per-100g nutrition basis.
fndds_egg_whole_pickled_100g,fndds_egg_whole_pickled,100 g,100,True,Reference portion matching the stored per-100g nutrition basis.
fndds_egg_whole_boiled_or_poached_100g,fndds_egg_whole_boiled_or_poached,100 g,100,True,Reference portion matching the stored per-100g nutrition basis.
fndds_egg_whole_fried_with_oil_100g,fndds_egg_whole_fried_with_oil,100 g,100,True,Reference portion matching the stored per-100g nutrition basis.
fndds_egg_whole_baked_fat_added_100g,fndds_egg_whole_baked_fat_added,100 g,100,True,Reference portion matching the stored per-100g nutrition basis.
fndds_egg_salad_made_with_mayonnaise_100g,fndds_egg_salad_made_with_mayonnaise,100 g,100,True,Reference portion matching the stored per-100g nutrition basis.
fndds_egg_white_cooked_fat_added_100g,fndds_egg_white_cooked_fat_added,100 g,100,True,Reference portion matching the stored per-100g nutrition basis.
fndds_egg_whole_fried_with_butter_100g,fndds_egg_whole_fried_with_butter,100 g,100,True,Reference portion matching the stored per-100g nutrition basis.
fndds_egg_whole_fried_no_added_fat_100g,fndds_egg_whole_fried_no_added_fat,100 g,100,True,Reference portion matching the stored per-100g nutrition basis.
fndds_egg_whole_baked_no_added_fat_100g,fndds_egg_whole_baked_no_added_fat,100 g,100,True,Reference portion matching the stored per-100g nutrition basis.
fndds_spam_100g,fndds_spam,100 g,100,True,Reference portion matching the stored per-100g nutrition basis.
fndds_bologna_100g,fndds_bologna,100 g,100,True,Reference portion matching the stored per-100g nutrition basis.
fndds_beef_jerky_100g,fndds_beef_jerky,100 g,100,True,Reference portion matching the stored per-100g nutrition basis.
fndds_pork_jerky_100g,fndds_pork_jerky,100 g,100,True,Reference portion matching the stored per-100g nutrition basis.
fndds_mortadella_100g,fndds_mortadella,100 g,100,True,Reference portion matching the stored per-100g nutrition basis.
fndds_liverwurst_100g,fndds_liverwurst,100 g,100,True,Reference portion matching the stored per-100g nutrition basis.
fndds_head_cheese_100g,fndds_head_cheese,100 g,100,True,Reference portion matching the stored per-100g nutrition basis.
fndds_pork_roll_100g,fndds_pork_roll,100 g,100,True,Reference portion matching the stored per-100g nutrition basis.
fndds_ham_canned_100g,fndds_ham_canned,100 g,100,True,Reference portion matching the stored per-100g nutrition basis.
fndds_ham_ground_100g,fndds_ham_ground,100 g,100,True,Reference portion matching the stored per-100g nutrition basis.
fndds_venison_sausage_100g,fndds_venison_sausage,100 g,100,True,Reference portion matching the stored per-100g nutrition basis.
fndds_bacon_bits_100g,fndds_bacon_bits,100 g,100,True,Reference portion matching the stored per-100g nutrition basis.
fndds_turkey_bacon_cooked_100g,fndds_turkey_bacon_cooked,100 g,100,True,Reference portion matching the stored per-100g nutrition basis.
fndds_beef_bacon_cooked_100g,fndds_beef_bacon_cooked,100 g,100,True,Reference portion matching the stored per-100g nutrition basis.
fndds_bacon_or_side_pork_fresh_cooked_100g,fndds_bacon_or_side_pork_fresh_cooked,100 g,100,True,Reference portion matching the stored per-100g nutrition basis.
fndds_pork_bacon_smoked_or_cured_cooked_100g,fndds_pork_bacon_smoked_or_cured_cooked,100 g,100,True,Reference portion matching the stored per-100g nutrition basis.
fndds_hot_dog_beef_100g,fndds_hot_dog_beef,100 g,100,True,Reference portion matching the stored per-100g nutrition basis.
fndds_hot_dog_turkey_100g,fndds_hot_dog_turkey,100 g,100,True,Reference portion matching the stored per-100g nutrition basis.
fndds_hot_dog_reduced_fat_100g,fndds_hot_dog_reduced_fat,100 g,100,True,Reference portion matching the stored per-100g nutrition basis.
fndds_hot_dog_meat_and_poultry_100g,fndds_hot_dog_meat_and_poultry,100 g,100,True,Reference portion matching the stored per-100g nutrition basis.
fndds_chorizo_100g,fndds_chorizo,100 g,100,True,Reference portion matching the stored per-100g nutrition basis.
fndds_bratwurst_100g,fndds_bratwurst,100 g,100,True,Reference portion matching the stored per-100g nutrition basis.
fndds_thuringer_100g,fndds_thuringer,100 g,100,True,Reference portion matching the stored per-100g nutrition basis.
fndds_knockwurst_100g,fndds_knockwurst,100 g,100,True,Reference portion matching the stored per-100g nutrition basis.
fndds_pork_sausage_100g,fndds_pork_sausage,100 g,100,True,Reference portion matching the stored per-100g nutrition basis.
fndds_blood_sausage_100g,fndds_blood_sausage,100 g,100,True,Reference portion matching the stored per-100g nutrition basis.
fndds_polish_sausage_100g,fndds_polish_sausage,100 g,100,True,Reference portion matching the stored per-100g nutrition basis.
fndds_dal_100g,fndds_dal,100 g,100,True,Reference portion matching the stored per-100g nutrition basis.
fndds_baked_beans_100g,fndds_baked_beans,100 g,100,True,Reference portion matching the stored per-100g nutrition basis.
fndds_soy_nuts_100g,fndds_soy_nuts,100 g,100,True,Reference portion matching the stored per-100g nutrition basis.
fndds_wasabi_peas_100g,fndds_wasabi_peas,100 g,100,True,Reference portion matching the stored per-100g nutrition basis.
fndds_refried_beans_100g,fndds_refried_beans,100 g,100,True,Reference portion matching the stored per-100g nutrition basis.
fndds_pork_and_beans_100g,fndds_pork_and_beans,100 g,100,True,Reference portion matching the stored per-100g nutrition basis.
fndds_edamame_cooked_100g,fndds_edamame_cooked,100 g,100,True,Reference portion matching the stored per-100g nutrition basis.
fndds_soybeans_cooked_100g,fndds_soybeans_cooked,100 g,100,True,Reference portion matching the stored per-100g nutrition basis.
fndds_beans_and_franks_100g,fndds_beans_and_franks,100 g,100,True,Reference portion matching the stored per-100g nutrition basis.
fndds_fava_beans_cooked_100g,fndds_fava_beans_cooked,100 g,100,True,Reference portion matching the stored per-100g nutrition basis.
fndds_pink_beans_cooked_100g,fndds_pink_beans_cooked,100 g,100,True,Reference portion matching the stored per-100g nutrition basis.
fndds_mung_beans_cooked_100g,fndds_mung_beans_cooked,100 g,100,True,Reference portion matching the stored per-100g nutrition basis.
fndds_black_beans_with_meat_100g,fndds_black_beans_with_meat,100 g,100,True,Reference portion matching the stored per-100g nutrition basis.
fndds_pinto_beans_with_meat_100g,fndds_pinto_beans_with_meat,100 g,100,True,Reference portion matching the stored per-100g nutrition basis.
fndds_tahini_100g,fndds_tahini,100 g,100,True,Reference portion matching the stored per-100g nutrition basis.
fndds_chestnuts_100g,fndds_chestnuts,100 g,100,True,Reference portion matching the stored per-100g nutrition basis.
fndds_hazelnuts_100g,fndds_hazelnuts,100 g,100,True,Reference portion matching the stored per-100g nutrition basis.
fndds_pine_nuts_100g,fndds_pine_nuts,100 g,100,True,Reference portion matching the stored per-100g nutrition basis.
fndds_flax_seeds_100g,fndds_flax_seeds,100 g,100,True,Reference portion matching the stored per-100g nutrition basis.
fndds_chia_seeds_100g,fndds_chia_seeds,100 g,100,True,Reference portion matching the stored per-100g nutrition basis.
fndds_brazil_nuts_100g,fndds_brazil_nuts,100 g,100,True,Reference portion matching the stored per-100g nutrition basis.
fndds_mixed_seeds_100g,fndds_mixed_seeds,100 g,100,True,Reference portion matching the stored per-100g nutrition basis.
fndds_almond_paste_100g,fndds_almond_paste,100 g,100,True,Reference portion matching the stored per-100g nutrition basis.
fndds_sesame_seeds_100g,fndds_sesame_seeds,100 g,100,True,Reference portion matching the stored per-100g nutrition basis.
fndds_almond_butter_100g,fndds_almond_butter,100 g,100,True,Reference portion matching the stored per-100g nutrition basis.
fndds_cashew_butter_100g,fndds_cashew_butter,100 g,100,True,Reference portion matching the stored per-100g nutrition basis.
fndds_coconut_fresh_100g,fndds_coconut_fresh,100 g,100,True,Reference portion matching the stored per-100g nutrition basis.
fndds_macadamia_nuts_100g,fndds_macadamia_nuts,100 g,100,True,Reference portion matching the stored per-100g nutrition basis.
fndds_soybean_curd_100g,fndds_soybean_curd,100 g,100,True,Reference portion matching the stored per-100g nutrition basis.
fndds_soy_nut_butter_100g,fndds_soy_nut_butter,100 g,100,True,Reference portion matching the stored per-100g nutrition basis.
fndds_soybean_curd_cheese_100g,fndds_soybean_curd_cheese,100 g,100,True,Reference portion matching the stored per-100g nutrition basis.
fndds_meatball_meatless_100g,fndds_meatball_meatless,100 g,100,True,Reference portion matching the stored per-100g nutrition basis.
fndds_vegetarian_fillet_100g,fndds_vegetarian_fillet,100 g,100,True,Reference portion matching the stored per-100g nutrition basis.
fndds_hot_dog_vegetarian_100g,fndds_hot_dog_vegetarian,100 g,100,True,Reference portion matching the stored per-100g nutrition basis.
fndds_bacon_strip_meatless_100g,fndds_bacon_strip_meatless,100 g,100,True,Reference portion matching the stored per-100g nutrition basis.
fndds_pork_hash_100g,fndds_pork_hash,100 g,100,True,Reference portion matching the stored per-100g nutrition basis.
fndds_beef_curry_100g,fndds_beef_curry,100 g,100,True,Reference portion matching the stored per-100g nutrition basis.
fndds_beef_salad_100g,fndds_beef_salad,100 g,100,True,Reference portion matching the stored per-100g nutrition basis.
fndds_swiss_steak_100g,fndds_swiss_steak,100 g,100,True,Reference portion matching the stored per-100g nutrition basis.
fndds_veal_marsala_100g,fndds_veal_marsala,100 g,100,True,Reference portion matching the stored per-100g nutrition basis.
fndds_pepper_steak_100g,fndds_pepper_steak,100 g,100,True,Reference portion matching the stored per-100g nutrition basis.
fndds_beef_burgundy_100g,fndds_beef_burgundy,100 g,100,True,Reference portion matching the stored per-100g nutrition basis.
fndds_steak_tartare_100g,fndds_steak_tartare,100 g,100,True,Reference portion matching the stored per-100g nutrition basis.
fndds_sausage_gravy_100g,fndds_sausage_gravy,100 g,100,True,Reference portion matching the stored per-100g nutrition basis.
fndds_ham_croquette_100g,fndds_ham_croquette,100 g,100,True,Reference portion matching the stored per-100g nutrition basis.
fndds_stew_pork_100g,fndds_stew_pork,100 g,100,True,Reference portion matching the stored per-100g nutrition basis.
fndds_stew_beef_100g,fndds_stew_beef,100 g,100,True,Reference portion matching the stored per-100g nutrition basis.
fndds_stew_lamb_100g,fndds_stew_lamb,100 g,100,True,Reference portion matching the stored per-100g nutrition basis.
fndds_ham_stroganoff_100g,fndds_ham_stroganoff,100 g,100,True,Reference portion matching the stored per-100g nutrition basis.
fndds_shepherd_s_pie_100g,fndds_shepherd_s_pie,100 g,100,True,Reference portion matching the stored per-100g nutrition basis.
fndds_chili_with_meat_100g,fndds_chili_with_meat,100 g,100,True,Reference portion matching the stored per-100g nutrition basis.
fndds_beef_with_gravy_100g,fndds_beef_with_gravy,100 g,100,True,Reference portion matching the stored per-100g nutrition basis.
fndds_beef_stroganoff_100g,fndds_beef_stroganoff,100 g,100,True,Reference portion matching the stored per-100g nutrition basis.
fndds_veal_scallopini_100g,fndds_veal_scallopini,100 g,100,True,Reference portion matching the stored per-100g nutrition basis.
fndds_veal_parmigiana_100g,fndds_veal_parmigiana,100 g,100,True,Reference portion matching the stored per-100g nutrition basis.
fndds_chicken_kiev_100g,fndds_chicken_kiev,100 g,100,True,Reference portion matching the stored per-100g nutrition basis.
fndds_chicken_curry_100g,fndds_chicken_curry,100 g,100,True,Reference portion matching the stored per-100g nutrition basis.
fndds_chili_white_100g,fndds_chili_white,100 g,100,True,Reference portion matching the stored per-100g nutrition basis.
fndds_barbecue_chicken_100g,fndds_barbecue_chicken,100 g,100,True,Reference portion matching the stored per-100g nutrition basis.
fndds_stew_chicken_100g,fndds_stew_chicken,100 g,100,True,Reference portion matching the stored per-100g nutrition basis.
fndds_turkey_with_gravy_100g,fndds_turkey_with_gravy,100 g,100,True,Reference portion matching the stored per-100g nutrition basis.
fndds_chicken_cornbread_100g,fndds_chicken_cornbread,100 g,100,True,Reference portion matching the stored per-100g nutrition basis.
fndds_chili_with_chicken_100g,fndds_chili_with_chicken,100 g,100,True,Reference portion matching the stored per-100g nutrition basis.
fndds_chicken_with_gravy_100g,fndds_chicken_with_gravy,100 g,100,True,Reference portion matching the stored per-100g nutrition basis.
fndds_pot_pie_chicken_100g,fndds_pot_pie_chicken,100 g,100,True,Reference portion matching the stored per-100g nutrition basis.
fndds_adobo_with_rice_100g,fndds_adobo_with_rice,100 g,100,True,Reference portion matching the stored per-100g nutrition basis.
fndds_chicken_or_turkey_hash_100g,fndds_chicken_or_turkey_hash,100 g,100,True,Reference portion matching the stored per-100g nutrition basis.
fndds_adobo_with_noodles_100g,fndds_adobo_with_noodles,100 g,100,True,Reference portion matching the stored per-100g nutrition basis.
fndds_chicken_curry_with_rice_100g,fndds_chicken_curry_with_rice,100 g,100,True,Reference portion matching the stored per-100g nutrition basis.
fndds_chicken_with_mole_sauce_100g,fndds_chicken_with_mole_sauce,100 g,100,True,Reference portion matching the stored per-100g nutrition basis.
fndds_chicken_or_turkey_divan_100g,fndds_chicken_or_turkey_divan,100 g,100,True,Reference portion matching the stored per-100g nutrition basis.
fndds_chicken_or_turkey_souffle_100g,fndds_chicken_or_turkey_souffle,100 g,100,True,Reference portion matching the stored per-100g nutrition basis.
fndds_chicken_or_turkey_fricassee_100g,fndds_chicken_or_turkey_fricassee,100 g,100,True,Reference portion matching the stored per-100g nutrition basis.
fndds_chicken_or_turkey_cacciatore_100g,fndds_chicken_or_turkey_cacciatore,100 g,100,True,Reference portion matching the stored per-100g nutrition basis.
fndds_chili_with_chicken_and_beans_100g,fndds_chili_with_chicken_and_beans,100 g,100,True,Reference portion matching the stored per-100g nutrition basis.
fndds_ceviche_100g,fndds_ceviche,100 g,100,True,Reference portion matching the stored per-100g nutrition basis.
fndds_lau_lau_100g,fndds_lau_lau,100 g,100,True,Reference portion matching the stored per-100g nutrition basis.
fndds_fish_curry_100g,fndds_fish_curry,100 g,100,True,Reference portion matching the stored per-100g nutrition basis.
fndds_crab_salad_100g,fndds_crab_salad,100 g,100,True,Reference portion matching the stored per-100g nutrition basis.
fndds_lomi_salmon_100g,fndds_lomi_salmon,100 g,100,True,Reference portion matching the stored per-100g nutrition basis.
fndds_gefilte_fish_100g,fndds_gefilte_fish,100 g,100,True,Reference portion matching the stored per-100g nutrition basis.
fndds_clams_casino_100g,fndds_clams_casino,100 g,100,True,Reference portion matching the stored per-100g nutrition basis.
fndds_shrimp_toast_100g,fndds_shrimp_toast,100 g,100,True,Reference portion matching the stored per-100g nutrition basis.
fndds_salmon_salad_100g,fndds_salmon_salad,100 g,100,True,Reference portion matching the stored per-100g nutrition basis.
fndds_shrimp_salad_100g,fndds_shrimp_salad,100 g,100,True,Reference portion matching the stored per-100g nutrition basis.
fndds_shrimp_gumbo_100g,fndds_shrimp_gumbo,100 g,100,True,Reference portion matching the stored per-100g nutrition basis.
fndds_lobster_salad_100g,fndds_lobster_salad,100 g,100,True,Reference portion matching the stored per-100g nutrition basis.
fndds_seafood_salad_100g,fndds_seafood_salad,100 g,100,True,Reference portion matching the stored per-100g nutrition basis.
fndds_lobster_gumbo_100g,fndds_lobster_gumbo,100 g,100,True,Reference portion matching the stored per-100g nutrition basis.
fndds_stew_fish_100g,fndds_stew_fish,100 g,100,True,Reference portion matching the stored per-100g nutrition basis.
fndds_crab_cake_100g,fndds_crab_cake,100 g,100,True,Reference portion matching the stored per-100g nutrition basis.
fndds_seafood_souffle_100g,fndds_seafood_souffle,100 g,100,True,Reference portion matching the stored per-100g nutrition basis.
fndds_bean_cake_100g,fndds_bean_cake,100 g,100,True,Reference portion matching the stored per-100g nutrition basis.
fndds_lentil_curry_100g,fndds_lentil_curry,100 g,100,True,Reference portion matching the stored per-100g nutrition basis.
fndds_black_bean_salad_100g,fndds_black_bean_salad,100 g,100,True,Reference portion matching the stored per-100g nutrition basis.
fndds_pot_pie_no_meat_100g,fndds_pot_pie_no_meat,100 g,100,True,Reference portion matching the stored per-100g nutrition basis.
fndds_beans_and_white_rice_100g,fndds_beans_and_white_rice,100 g,100,True,Reference portion matching the stored per-100g nutrition basis.
fndds_beans_and_brown_rice_100g,fndds_beans_and_brown_rice,100 g,100,True,Reference portion matching the stored per-100g nutrition basis.
fndds_chili_vegetarian_100g,fndds_chili_vegetarian,100 g,100,True,Reference portion matching the stored per-100g nutrition basis.
fndds_vegetarian_stroganoff_100g,fndds_vegetarian_stroganoff,100 g,100,True,Reference portion matching the stored per-100g nutrition basis.
fndds_channa_saag_100g,fndds_channa_saag,100 g,100,True,Reference portion matching the stored per-100g nutrition basis.
fndds_ratatouille_100g,fndds_ratatouille,100 g,100,True,Reference portion matching the stored per-100g nutrition basis.
fndds_palak_paneer_100g,fndds_palak_paneer,100 g,100,True,Reference portion matching the stored per-100g nutrition basis.
fndds_vegetarian_stew_100g,fndds_vegetarian_stew,100 g,100,True,Reference portion matching the stored per-100g nutrition basis.
fndds_spinach_souffle_100g,fndds_spinach_souffle,100 g,100,True,Reference portion matching the stored per-100g nutrition basis.
fndds_vegetable_curry_100g,fndds_vegetable_curry,100 g,100,True,Reference portion matching the stored per-100g nutrition basis.
fndds_stew_vegetable_100g,fndds_stew_vegetable,100 g,100,True,Reference portion matching the stored per-100g nutrition basis.
fndds_green_bean_casserole_100g,fndds_green_bean_casserole,100 g,100,True,Reference portion matching the stored per-100g nutrition basis.
fndds_mushrooms_stuffed_100g,fndds_mushrooms_stuffed,100 g,100,True,Reference portion matching the stored per-100g nutrition basis.
fndds_tomatoes_scalloped_100g,fndds_tomatoes_scalloped,100 g,100,True,Reference portion matching the stored per-100g nutrition basis.
fndds_idli_100g,fndds_idli,100 g,100,True,Reference portion matching the stored per-100g nutrition basis.
fndds_rice_pilaf_100g,fndds_rice_pilaf,100 g,100,True,Reference portion matching the stored per-100g nutrition basis.
fndds_dirty_rice_100g,fndds_dirty_rice,100 g,100,True,Reference portion matching the stored per-100g nutrition basis.
fndds_rice_dressing_100g,fndds_rice_dressing,100 g,100,True,Reference portion matching the stored per-100g nutrition basis.
fndds_rice_croquette_100g,fndds_rice_croquette,100 g,100,True,Reference portion matching the stored per-100g nutrition basis.
fndds_biryani_with_meat_100g,fndds_biryani_with_meat,100 g,100,True,Reference portion matching the stored per-100g nutrition basis.
fndds_rice_with_raisins_100g,fndds_rice_with_raisins,100 g,100,True,Reference portion matching the stored per-100g nutrition basis.
fndds_paella_with_seafood_100g,fndds_paella_with_seafood,100 g,100,True,Reference portion matching the stored per-100g nutrition basis.
fndds_bibimbap_korean_100g,fndds_bibimbap_korean,100 g,100,True,Reference portion matching the stored per-100g nutrition basis.
fndds_congee_with_egg_100g,fndds_congee_with_egg,100 g,100,True,Reference portion matching the stored per-100g nutrition basis.
fndds_biryani_with_chicken_100g,fndds_biryani_with_chicken,100 g,100,True,Reference portion matching the stored per-100g nutrition basis.
fndds_flavored_rice_mixture_100g,fndds_flavored_rice_mixture,100 g,100,True,Reference portion matching the stored per-100g nutrition basis.
fndds_biryani_with_vegetables_100g,fndds_biryani_with_vegetables,100 g,100,True,Reference portion matching the stored per-100g nutrition basis.
fndds_congee_with_vegetables_100g,fndds_congee_with_vegetables,100 g,100,True,Reference portion matching the stored per-100g nutrition basis.
fndds_spanish_rice_fat_added_100g,fndds_spanish_rice_fat_added,100 g,100,True,Reference portion matching the stored per-100g nutrition basis.
fndds_jambalaya_with_meat_and_rice_100g,fndds_jambalaya_with_meat_and_rice,100 g,100,True,Reference portion matching the stored per-100g nutrition basis.
fndds_cake_made_with_glutinous_rice_100g,fndds_cake_made_with_glutinous_rice,100 g,100,True,Reference portion matching the stored per-100g nutrition basis.
fndds_flavored_pasta_100g,fndds_flavored_pasta,100 g,100,True,Reference portion matching the stored per-100g nutrition basis.
fndds_noodle_pudding_100g,fndds_noodle_pudding,100 g,100,True,Reference portion matching the stored per-100g nutrition basis.
fndds_lasagna_with_meat_100g,fndds_lasagna_with_meat,100 g,100,True,Reference portion matching the stored per-100g nutrition basis.
fndds_gnocchi_cheese_100g,fndds_gnocchi_cheese,100 g,100,True,Reference portion matching the stored per-100g nutrition basis.
fndds_gnocchi_potato_100g,fndds_gnocchi_potato,100 g,100,True,Reference portion matching the stored per-100g nutrition basis.
fndds_lasagna_meatless_100g,fndds_lasagna_meatless,100 g,100,True,Reference portion matching the stored per-100g nutrition basis.
fndds_lasagna_with_meat_canned_100g,fndds_lasagna_with_meat_canned,100 g,100,True,Reference portion matching the stored per-100g nutrition basis.
fndds_lasagna_with_meat_frozen_100g,fndds_lasagna_with_meat_frozen,100 g,100,True,Reference portion matching the stored per-100g nutrition basis.
fndds_lasagna_with_meat_and_spinach_100g,fndds_lasagna_with_meat_and_spinach,100 g,100,True,Reference portion matching the stored per-100g nutrition basis.
fndds_lasagna_with_chicken_or_turkey_100g,fndds_lasagna_with_chicken_or_turkey,100 g,100,True,Reference portion matching the stored per-100g nutrition basis.
fndds_macaroni_or_pasta_salad_with_egg_100g,fndds_macaroni_or_pasta_salad_with_egg,100 g,100,True,Reference portion matching the stored per-100g nutrition basis.
fndds_macaroni_or_pasta_salad_with_tuna_100g,fndds_macaroni_or_pasta_salad_with_tuna,100 g,100,True,Reference portion matching the stored per-100g nutrition basis.
fndds_macaroni_or_pasta_salad_with_meat_100g,fndds_macaroni_or_pasta_salad_with_meat,100 g,100,True,Reference portion matching the stored per-100g nutrition basis.
fndds_lasagna_with_meat_home_recipe_100g,fndds_lasagna_with_meat_home_recipe,100 g,100,True,Reference portion matching the stored per-100g nutrition basis.
fndds_macaroni_or_pasta_salad_with_shrimp_100g,fndds_macaroni_or_pasta_salad_with_shrimp,100 g,100,True,Reference portion matching the stored per-100g nutrition basis.
fndds_macaroni_or_pasta_salad_with_cheese_100g,fndds_macaroni_or_pasta_salad_with_cheese,100 g,100,True,Reference portion matching the stored per-100g nutrition basis.
fndds_macaroni_or_pasta_salad_with_chicken_100g,fndds_macaroni_or_pasta_salad_with_chicken,100 g,100,True,Reference portion matching the stored per-100g nutrition basis.
fndds_ravioli_meat_filled_no_sauce_100g,fndds_ravioli_meat_filled_no_sauce,100 g,100,True,Reference portion matching the stored per-100g nutrition basis.
fndds_macaroni_or_pasta_salad_with_crab_meat_100g,fndds_macaroni_or_pasta_salad_with_crab_meat,100 g,100,True,Reference portion matching the stored per-100g nutrition basis.
fndds_pasta_with_cream_sauce_home_recipe_100g,fndds_pasta_with_cream_sauce_home_recipe,100 g,100,True,Reference portion matching the stored per-100g nutrition basis.
fndds_macaroni_or_noodles_with_cheese_100g,fndds_macaroni_or_noodles_with_cheese,100 g,100,True,Reference portion matching the stored per-100g nutrition basis.
fndds_macaroni_or_noodles_with_cheese_and_egg_100g,fndds_macaroni_or_noodles_with_cheese_and_egg,100 g,100,True,Reference portion matching the stored per-100g nutrition basis.
fndds_macaroni_or_noodles_with_cheese_and_tuna_100g,fndds_macaroni_or_noodles_with_cheese_and_tuna,100 g,100,True,Reference portion matching the stored per-100g nutrition basis.
fndds_macaroni_or_noodles_with_cheese_and_meat_100g,fndds_macaroni_or_noodles_with_cheese_and_meat,100 g,100,True,Reference portion matching the stored per-100g nutrition basis.
fndds_macaroni_or_noodles_with_cheese_and_tomato_100g,fndds_macaroni_or_noodles_with_cheese_and_tomato,100 g,100,True,Reference portion matching the stored per-100g nutrition basis.
fndds_macaroni_or_noodles_with_cheese_canned_100g,fndds_macaroni_or_noodles_with_cheese_canned,100 g,100,True,Reference portion matching the stored per-100g nutrition basis.
fndds_macaroni_or_noodles_with_cheese_whole_grain_100g,fndds_macaroni_or_noodles_with_cheese_whole_grain,100 g,100,True,Reference portion matching the stored per-100g nutrition basis.
fndds_vada_100g,fndds_vada,100 g,100,True,Reference portion matching the stored per-100g nutrition basis.
fndds_knish_100g,fndds_knish,100 g,100,True,Reference portion matching the stored per-100g nutrition basis.
fndds_samosa_100g,fndds_samosa,100 g,100,True,Reference portion matching the stored per-100g nutrition basis.
fndds_pierogi_100g,fndds_pierogi,100 g,100,True,Reference portion matching the stored per-100g nutrition basis.
fndds_tabbouleh_100g,fndds_tabbouleh,100 g,100,True,Reference portion matching the stored per-100g nutrition basis.
fndds_spanakopita_100g,fndds_spanakopita,100 g,100,True,Reference portion matching the stored per-100g nutrition basis.
fndds_bread_stuffing_100g,fndds_bread_stuffing,100 g,100,True,Reference portion matching the stored per-100g nutrition basis.
fndds_empanada_beef_100g,fndds_empanada_beef,100 g,100,True,Reference portion matching the stored per-100g nutrition basis.
fndds_cornbread_stuffing_100g,fndds_cornbread_stuffing,100 g,100,True,Reference portion matching the stored per-100g nutrition basis.
fndds_crepe_with_meat_100g,fndds_crepe_with_meat,100 g,100,True,Reference portion matching the stored per-100g nutrition basis.
fndds_pad_thai_with_meat_100g,fndds_pad_thai_with_meat,100 g,100,True,Reference portion matching the stored per-100g nutrition basis.
fndds_lo_mein_meatless_100g,fndds_lo_mein_meatless,100 g,100,True,Reference portion matching the stored per-100g nutrition basis.
fndds_pad_thai_with_chicken_100g,fndds_pad_thai_with_chicken,100 g,100,True,Reference portion matching the stored per-100g nutrition basis.
fndds_pad_thai_with_seafood_100g,fndds_pad_thai_with_seafood,100 g,100,True,Reference portion matching the stored per-100g nutrition basis.
fndds_lo_mein_with_pork_100g,fndds_lo_mein_with_pork,100 g,100,True,Reference portion matching the stored per-100g nutrition basis.
fndds_lo_mein_with_beef_100g,fndds_lo_mein_with_beef,100 g,100,True,Reference portion matching the stored per-100g nutrition basis.
fndds_pad_thai_meatless_100g,fndds_pad_thai_meatless,100 g,100,True,Reference portion matching the stored per-100g nutrition basis.
fndds_lo_mein_with_shrimp_100g,fndds_lo_mein_with_shrimp,100 g,100,True,Reference portion matching the stored per-100g nutrition basis.
fndds_lo_mein_with_chicken_100g,fndds_lo_mein_with_chicken,100 g,100,True,Reference portion matching the stored per-100g nutrition basis.
fndds_rice_fried_meatless_100g,fndds_rice_fried_meatless,100 g,100,True,Reference portion matching the stored per-100g nutrition basis.
fndds_hunan_beef_100g,fndds_hunan_beef,100 g,100,True,Reference portion matching the stored per-100g nutrition basis.
fndds_szechuan_beef_100g,fndds_szechuan_beef,100 g,100,True,Reference portion matching the stored per-100g nutrition basis.
fndds_kung_pao_beef_100g,fndds_kung_pao_beef,100 g,100,True,Reference portion matching the stored per-100g nutrition basis.
fndds_kung_pao_pork_100g,fndds_kung_pao_pork,100 g,100,True,Reference portion matching the stored per-100g nutrition basis.
fndds_steak_teriyaki_100g,fndds_steak_teriyaki,100 g,100,True,Reference portion matching the stored per-100g nutrition basis.
fndds_orange_chicken_100g,fndds_orange_chicken,100 g,100,True,Reference portion matching the stored per-100g nutrition basis.
fndds_sesame_chicken_100g,fndds_sesame_chicken,100 g,100,True,Reference portion matching the stored per-100g nutrition basis.
fndds_almond_chicken_100g,fndds_almond_chicken,100 g,100,True,Reference portion matching the stored per-100g nutrition basis.
fndds_shrimp_teriyaki_100g,fndds_shrimp_teriyaki,100 g,100,True,Reference portion matching the stored per-100g nutrition basis.
fndds_moo_goo_gai_pan_100g,fndds_moo_goo_gai_pan,100 g,100,True,Reference portion matching the stored per-100g nutrition basis.
fndds_kung_pao_shrimp_100g,fndds_kung_pao_shrimp,100 g,100,True,Reference portion matching the stored per-100g nutrition basis.
fndds_kung_pao_chicken_100g,fndds_kung_pao_chicken,100 g,100,True,Reference portion matching the stored per-100g nutrition basis.
fndds_beef_and_broccoli_100g,fndds_beef_and_broccoli,100 g,100,True,Reference portion matching the stored per-100g nutrition basis.
fndds_pork_egg_foo_yung_100g,fndds_pork_egg_foo_yung,100 g,100,True,Reference portion matching the stored per-100g nutrition basis.
fndds_bao_bun_100g,fndds_bao_bun,100 g,100,True,Reference portion matching the stored per-100g nutrition basis.
fndds_sushi_roll_tuna_100g,fndds_sushi_roll_tuna,100 g,100,True,Reference portion matching the stored per-100g nutrition basis.
fndds_sushi_roll_eel_100g,fndds_sushi_roll_eel,100 g,100,True,Reference portion matching the stored per-100g nutrition basis.
fndds_bao_bun_no_meat_100g,fndds_bao_bun_no_meat,100 g,100,True,Reference portion matching the stored per-100g nutrition basis.
fndds_egg_roll_meatless_100g,fndds_egg_roll_meatless,100 g,100,True,Reference portion matching the stored per-100g nutrition basis.
fndds_sushi_roll_salmon_100g,fndds_sushi_roll_salmon,100 g,100,True,Reference portion matching the stored per-100g nutrition basis.
fndds_sushi_roll_shrimp_100g,fndds_sushi_roll_shrimp,100 g,100,True,Reference portion matching the stored per-100g nutrition basis.
fndds_sushi_roll_avocado_100g,fndds_sushi_roll_avocado,100 g,100,True,Reference portion matching the stored per-100g nutrition basis.
fndds_taco_fish_100g,fndds_taco_fish,100 g,100,True,Reference portion matching the stored per-100g nutrition basis.
fndds_taco_cheese_only_100g,fndds_taco_cheese_only,100 g,100,True,Reference portion matching the stored per-100g nutrition basis.
fndds_burrito_cheese_only_100g,fndds_burrito_cheese_only,100 g,100,True,Reference portion matching the stored per-100g nutrition basis.
fndds_taco_meat_no_cheese_100g,fndds_taco_meat_no_cheese,100 g,100,True,Reference portion matching the stored per-100g nutrition basis.
fndds_burrito_beef_cheese_100g,fndds_burrito_beef_cheese,100 g,100,True,Reference portion matching the stored per-100g nutrition basis.
fndds_burrito_pork_cheese_100g,fndds_burrito_pork_cheese,100 g,100,True,Reference portion matching the stored per-100g nutrition basis.
fndds_taco_or_tostada_salad_with_meat_100g,fndds_taco_or_tostada_salad_with_meat,100 g,100,True,Reference portion matching the stored per-100g nutrition basis.
fndds_burrito_chicken_cheese_100g,fndds_burrito_chicken_cheese,100 g,100,True,Reference portion matching the stored per-100g nutrition basis.
fndds_burrito_meat_no_cheese_100g,fndds_burrito_meat_no_cheese,100 g,100,True,Reference portion matching the stored per-100g nutrition basis.
fndds_taco_or_tostada_salad_with_chicken_100g,fndds_taco_or_tostada_salad_with_chicken,100 g,100,True,Reference portion matching the stored per-100g nutrition basis.
fndds_taco_with_beans_no_cheese_100g,fndds_taco_with_beans_no_cheese,100 g,100,True,Reference portion matching the stored per-100g nutrition basis.
fndds_burrito_with_beans_cheese_100g,fndds_burrito_with_beans_cheese,100 g,100,True,Reference portion matching the stored per-100g nutrition basis.
fndds_nachos_chicken_100g,fndds_nachos_chicken,100 g,100,True,Reference portion matching the stored per-100g nutrition basis.
fndds_nachos_with_beans_100g,fndds_nachos_with_beans,100 g,100,True,Reference portion matching the stored per-100g nutrition basis.
fndds_nachos_cheese_only_100g,fndds_nachos_cheese_only,100 g,100,True,Reference portion matching the stored per-100g nutrition basis.
fndds_nachos_beef_or_pork_100g,fndds_nachos_beef_or_pork,100 g,100,True,Reference portion matching the stored per-100g nutrition basis.
fndds_frito_pie_100g,fndds_frito_pie,100 g,100,True,Reference portion matching the stored per-100g nutrition basis.
fndds_chilaquiles_100g,fndds_chilaquiles,100 g,100,True,Reference portion matching the stored per-100g nutrition basis.
fndds_mexican_pizza_100g,fndds_mexican_pizza,100 g,100,True,Reference portion matching the stored per-100g nutrition basis.
fndds_tamale_beef_100g,fndds_tamale_beef,100 g,100,True,Reference portion matching the stored per-100g nutrition basis.
fndds_tamale_pork_100g,fndds_tamale_pork,100 g,100,True,Reference portion matching the stored per-100g nutrition basis.
fndds_pupusa_meat_100g,fndds_pupusa_meat,100 g,100,True,Reference portion matching the stored per-100g nutrition basis.
fndds_gordita_meat_100g,fndds_gordita_meat,100 g,100,True,Reference portion matching the stored per-100g nutrition basis.
fndds_fajita_shrimp_100g,fndds_fajita_shrimp,100 g,100,True,Reference portion matching the stored per-100g nutrition basis.
fndds_enchilada_beef_100g,fndds_enchilada_beef,100 g,100,True,Reference portion matching the stored per-100g nutrition basis.
fndds_enchilada_pork_100g,fndds_enchilada_pork,100 g,100,True,Reference portion matching the stored per-100g nutrition basis.
fndds_tamale_chicken_100g,fndds_tamale_chicken,100 g,100,True,Reference portion matching the stored per-100g nutrition basis.
fndds_tamale_no_meat_100g,fndds_tamale_no_meat,100 g,100,True,Reference portion matching the stored per-100g nutrition basis.
fndds_pizza_rolls_100g,fndds_pizza_rolls,100 g,100,True,Reference portion matching the stored per-100g nutrition basis.
fndds_topping_from_meat_pizza_100g,fndds_topping_from_meat_pizza,100 g,100,True,Reference portion matching the stored per-100g nutrition basis.
fndds_topping_from_cheese_pizza_100g,fndds_topping_from_cheese_pizza,100 g,100,True,Reference portion matching the stored per-100g nutrition basis.
fndds_topping_from_vegetable_pizza_100g,fndds_topping_from_vegetable_pizza,100 g,100,True,Reference portion matching the stored per-100g nutrition basis.
fndds_calzone_with_meat_and_cheese_100g,fndds_calzone_with_meat_and_cheese,100 g,100,True,Reference portion matching the stored per-100g nutrition basis.
fndds_pizza_cheese_stuffed_crust_100g,fndds_pizza_cheese_stuffed_crust,100 g,100,True,Reference portion matching the stored per-100g nutrition basis.
fndds_pizza_no_cheese_thin_crust_100g,fndds_pizza_no_cheese_thin_crust,100 g,100,True,Reference portion matching the stored per-100g nutrition basis.
fndds_pizza_no_cheese_thick_crust_100g,fndds_pizza_no_cheese_thick_crust,100 g,100,True,Reference portion matching the stored per-100g nutrition basis.
fndds_pizza_with_extra_meat_thin_crust_100g,fndds_pizza_with_extra_meat_thin_crust,100 g,100,True,Reference portion matching the stored per-100g nutrition basis.
fndds_topping_from_meat_and_vegetable_pizza_100g,fndds_topping_from_meat_and_vegetable_pizza,100 g,100,True,Reference portion matching the stored per-100g nutrition basis.
fndds_calzone_with_cheese_meatless_100g,fndds_calzone_with_cheese_meatless,100 g,100,True,Reference portion matching the stored per-100g nutrition basis.
fndds_pizza_with_extra_meat_thick_crust_100g,fndds_pizza_with_extra_meat_thick_crust,100 g,100,True,Reference portion matching the stored per-100g nutrition basis.
fndds_pizza_extra_cheese_thin_crust_100g,fndds_pizza_extra_cheese_thin_crust,100 g,100,True,Reference portion matching the stored per-100g nutrition basis.
fndds_white_pizza_cheese_thin_crust_100g,fndds_white_pizza_cheese_thin_crust,100 g,100,True,Reference portion matching the stored per-100g nutrition basis.
fndds_pizza_with_pepperoni_stuffed_crust_100g,fndds_pizza_with_pepperoni_stuffed_crust,100 g,100,True,Reference portion matching the stored per-100g nutrition basis.
fndds_pizza_with_extra_meat_medium_crust_100g,fndds_pizza_with_extra_meat_medium_crust,100 g,100,True,Reference portion matching the stored per-100g nutrition basis.
fndds_hamburger_slider_100g,fndds_hamburger_slider,100 g,100,True,Reference portion matching the stored per-100g nutrition basis.
fndds_cheeseburger_slider_100g,fndds_cheeseburger_slider,100 g,100,True,Reference portion matching the stored per-100g nutrition basis.
fndds_big_mac_mcdonalds_100g,fndds_big_mac_mcdonalds,100 g,100,True,Reference portion matching the stored per-100g nutrition basis.
fndds_mcdouble_mcdonalds_100g,fndds_mcdouble_mcdonalds,100 g,100,True,Reference portion matching the stored per-100g nutrition basis.
fndds_hamburger_mcdonalds_100g,fndds_hamburger_mcdonalds,100 g,100,True,Reference portion matching the stored per-100g nutrition basis.
fndds_whopper_burger_king_100g,fndds_whopper_burger_king,100 g,100,True,Reference portion matching the stored per-100g nutrition basis.
fndds_hamburger_burger_king_100g,fndds_hamburger_burger_king,100 g,100,True,Reference portion matching the stored per-100g nutrition basis.
fndds_cheeseburger_mcdonalds_100g,fndds_cheeseburger_mcdonalds,100 g,100,True,Reference portion matching the stored per-100g nutrition basis.
fndds_whopper_jr_burger_king_100g,fndds_whopper_jr_burger_king,100 g,100,True,Reference portion matching the stored per-100g nutrition basis.
fndds_cheeseburger_burger_king_100g,fndds_cheeseburger_burger_king,100 g,100,True,Reference portion matching the stored per-100g nutrition basis.
fndds_quarter_pounder_mcdonalds_100g,fndds_quarter_pounder_mcdonalds,100 g,100,True,Reference portion matching the stored per-100g nutrition basis.
fndds_double_cheeseburger_mcdonalds_100g,fndds_double_cheeseburger_mcdonalds,100 g,100,True,Reference portion matching the stored per-100g nutrition basis.
fndds_whopper_with_cheese_burger_king_100g,fndds_whopper_with_cheese_burger_king,100 g,100,True,Reference portion matching the stored per-100g nutrition basis.
fndds_double_cheeseburger_burger_king_100g,fndds_double_cheeseburger_burger_king,100 g,100,True,Reference portion matching the stored per-100g nutrition basis.
fndds_corn_dog_100g,fndds_corn_dog,100 g,100,True,Reference portion matching the stored per-100g nutrition basis.
fndds_pig_in_a_blanket_100g,fndds_pig_in_a_blanket,100 g,100,True,Reference portion matching the stored per-100g nutrition basis.
fndds_italian_sausage_sandwich_on_white_100g,fndds_italian_sausage_sandwich_on_white,100 g,100,True,Reference portion matching the stored per-100g nutrition basis.
fndds_chili_hot_dog_sandwich_on_white_bun_100g,fndds_chili_hot_dog_sandwich_on_white_bun,100 g,100,True,Reference portion matching the stored per-100g nutrition basis.
fndds_chili_hot_dog_sandwich_on_wheat_bun_100g,fndds_chili_hot_dog_sandwich_on_wheat_bun,100 g,100,True,Reference portion matching the stored per-100g nutrition basis.
fndds_chili_hot_dog_sandwich_on_white_bread_100g,fndds_chili_hot_dog_sandwich_on_white_bread,100 g,100,True,Reference portion matching the stored per-100g nutrition basis.
fndds_chili_hot_dog_sandwich_on_wheat_bread_100g,fndds_chili_hot_dog_sandwich_on_wheat_bread,100 g,100,True,Reference portion matching the stored per-100g nutrition basis.
fndds_hot_dog_sandwich_beef_on_white_bun_100g,fndds_hot_dog_sandwich_beef_on_white_bun,100 g,100,True,Reference portion matching the stored per-100g nutrition basis.
fndds_hot_dog_sandwich_beef_on_wheat_bun_100g,fndds_hot_dog_sandwich_beef_on_wheat_bun,100 g,100,True,Reference portion matching the stored per-100g nutrition basis.
fndds_chicken_salad_sandwich_wrap_100g,fndds_chicken_salad_sandwich_wrap,100 g,100,True,Reference portion matching the stored per-100g nutrition basis.
fndds_chicken_salad_sandwich_on_white_100g,fndds_chicken_salad_sandwich_on_white,100 g,100,True,Reference portion matching the stored per-100g nutrition basis.
fndds_chicken_salad_sandwich_on_wheat_100g,fndds_chicken_salad_sandwich_on_wheat,100 g,100,True,Reference portion matching the stored per-100g nutrition basis.
fndds_chicken_fillet_sandwich_grilled_on_white_bun_100g,fndds_chicken_fillet_sandwich_grilled_on_white_bun,100 g,100,True,Reference portion matching the stored per-100g nutrition basis.
fndds_chicken_fillet_sandwich_grilled_on_wheat_bun_100g,fndds_chicken_fillet_sandwich_grilled_on_wheat_bun,100 g,100,True,Reference portion matching the stored per-100g nutrition basis.
fndds_chicken_fillet_biscuit_from_fast_food_100g,fndds_chicken_fillet_biscuit_from_fast_food,100 g,100,True,Reference portion matching the stored per-100g nutrition basis.
fndds_chicken_fillet_sandwich_fried_on_white_bun_100g,fndds_chicken_fillet_sandwich_fried_on_white_bun,100 g,100,True,Reference portion matching the stored per-100g nutrition basis.
fndds_egg_burrito_100g,fndds_egg_burrito,100 g,100,True,Reference portion matching the stored per-100g nutrition basis.
fndds_taquito_egg_100g,fndds_taquito_egg,100 g,100,True,Reference portion matching the stored per-100g nutrition basis.
fndds_egg_white_sandwich_100g,fndds_egg_white_sandwich,100 g,100,True,Reference portion matching the stored per-100g nutrition basis.
fndds_biscuit_with_gravy_100g,fndds_biscuit_with_gravy,100 g,100,True,Reference portion matching the stored per-100g nutrition basis.
fndds_quesadilla_egg_100g,fndds_quesadilla_egg,100 g,100,True,Reference portion matching the stored per-100g nutrition basis.
fndds_ham_biscuit_sandwich_100g,fndds_ham_biscuit_sandwich,100 g,100,True,Reference portion matching the stored per-100g nutrition basis.
fndds_egg_sandwich_on_bagel_100g,fndds_egg_sandwich_on_bagel,100 g,100,True,Reference portion matching the stored per-100g nutrition basis.
fndds_bacon_biscuit_sandwich_100g,fndds_bacon_biscuit_sandwich,100 g,100,True,Reference portion matching the stored per-100g nutrition basis.
fndds_egg_sandwich_on_biscuit_100g,fndds_egg_sandwich_on_biscuit,100 g,100,True,Reference portion matching the stored per-100g nutrition basis.
fndds_sausage_biscuit_sandwich_100g,fndds_sausage_biscuit_sandwich,100 g,100,True,Reference portion matching the stored per-100g nutrition basis.
fndds_breakfast_pizza_with_egg_100g,fndds_breakfast_pizza_with_egg,100 g,100,True,Reference portion matching the stored per-100g nutrition basis.
fndds_egg_burrito_with_ham_100g,fndds_egg_burrito_with_ham,100 g,100,True,Reference portion matching the stored per-100g nutrition basis.
fndds_cheese_sandwich_cheddar_cheese_on_white_bread_100g,fndds_cheese_sandwich_cheddar_cheese_on_white_bread,100 g,100,True,Reference portion matching the stored per-100g nutrition basis.
fndds_cheese_sandwich_cheddar_cheese_on_wheat_bread_100g,fndds_cheese_sandwich_cheddar_cheese_on_wheat_bread,100 g,100,True,Reference portion matching the stored per-100g nutrition basis.
fndds_cheese_sandwich_american_cheese_on_white_bread_100g,fndds_cheese_sandwich_american_cheese_on_white_bread,100 g,100,True,Reference portion matching the stored per-100g nutrition basis.
fndds_cheese_sandwich_american_cheese_on_wheat_bread_100g,fndds_cheese_sandwich_american_cheese_on_wheat_bread,100 g,100,True,Reference portion matching the stored per-100g nutrition basis.
fndds_grilled_cheese_sandwich_cheddar_cheese_on_white_bread_100g,fndds_grilled_cheese_sandwich_cheddar_cheese_on_white_bread,100 g,100,True,Reference portion matching the stored per-100g nutrition basis.
fndds_grilled_cheese_sandwich_cheddar_cheese_on_wheat_bread_100g,fndds_grilled_cheese_sandwich_cheddar_cheese_on_wheat_bread,100 g,100,True,Reference portion matching the stored per-100g nutrition basis.
fndds_nutella_sandwich_on_white_bread_100g,fndds_nutella_sandwich_on_white_bread,100 g,100,True,Reference portion matching the stored per-100g nutrition basis.
fndds_nutella_sandwich_on_wheat_bread_100g,fndds_nutella_sandwich_on_wheat_bread,100 g,100,True,Reference portion matching the stored per-100g nutrition basis.
fndds_jelly_sandwich_on_white_bread_100g,fndds_jelly_sandwich_on_white_bread,100 g,100,True,Reference portion matching the stored per-100g nutrition basis.
fndds_jelly_sandwich_on_wheat_bread_100g,fndds_jelly_sandwich_on_wheat_bread,100 g,100,True,Reference portion matching the stored per-100g nutrition basis.
fndds_almond_butter_sandwich_on_white_bread_100g,fndds_almond_butter_sandwich_on_white_bread,100 g,100,True,Reference portion matching the stored per-100g nutrition basis.
fndds_almond_butter_sandwich_on_wheat_bread_100g,fndds_almond_butter_sandwich_on_wheat_bread,100 g,100,True,Reference portion matching the stored per-100g nutrition basis.
fndds_almond_butter_and_jelly_sandwich_on_white_bread_100g,fndds_almond_butter_and_jelly_sandwich_on_white_bread,100 g,100,True,Reference portion matching the stored per-100g nutrition basis.
fndds_sardine_sandwich_100g,fndds_sardine_sandwich,100 g,100,True,Reference portion matching the stored per-100g nutrition basis.
fndds_crab_cake_sandwich_100g,fndds_crab_cake_sandwich,100 g,100,True,Reference portion matching the stored per-100g nutrition basis.
fndds_fish_wrap_sandwich_100g,fndds_fish_wrap_sandwich,100 g,100,True,Reference portion matching the stored per-100g nutrition basis.
fndds_salmon_cake_sandwich_100g,fndds_salmon_cake_sandwich,100 g,100,True,Reference portion matching the stored per-100g nutrition basis.
fndds_fish_sandwich_grilled_100g,fndds_fish_sandwich_grilled,100 g,100,True,Reference portion matching the stored per-100g nutrition basis.
fndds_fried_seafood_sandwich_100g,fndds_fried_seafood_sandwich,100 g,100,True,Reference portion matching the stored per-100g nutrition basis.
fndds_seafood_salad_sandwich_100g,fndds_seafood_salad_sandwich,100 g,100,True,Reference portion matching the stored per-100g nutrition basis.
fndds_spam_sandwich_100g,fndds_spam_sandwich,100 g,100,True,Reference portion matching the stored per-100g nutrition basis.
fndds_reuben_sandwich_100g,fndds_reuben_sandwich,100 g,100,True,Reference portion matching the stored per-100g nutrition basis.
fndds_ham_sandwich_wrap_100g,fndds_ham_sandwich_wrap,100 g,100,True,Reference portion matching the stored per-100g nutrition basis.
fndds_french_dip_sandwich_100g,fndds_french_dip_sandwich,100 g,100,True,Reference portion matching the stored per-100g nutrition basis.
fndds_turkey_sandwich_wrap_100g,fndds_turkey_sandwich_wrap,100 g,100,True,Reference portion matching the stored per-100g nutrition basis.
fndds_ham_sandwich_on_white_100g,fndds_ham_sandwich_on_white,100 g,100,True,Reference portion matching the stored per-100g nutrition basis.
fndds_ham_sandwich_on_wheat_100g,fndds_ham_sandwich_on_wheat,100 g,100,True,Reference portion matching the stored per-100g nutrition basis.
fndds_club_sandwich_on_white_100g,fndds_club_sandwich_on_white,100 g,100,True,Reference portion matching the stored per-100g nutrition basis.
fndds_club_sandwich_on_wheat_100g,fndds_club_sandwich_on_wheat,100 g,100,True,Reference portion matching the stored per-100g nutrition basis.
fndds_turkey_sandwich_on_white_100g,fndds_turkey_sandwich_on_white,100 g,100,True,Reference portion matching the stored per-100g nutrition basis.
fndds_turkey_sandwich_on_wheat_100g,fndds_turkey_sandwich_on_wheat,100 g,100,True,Reference portion matching the stored per-100g nutrition basis.
fndds_salami_sandwich_on_white_100g,fndds_salami_sandwich_on_white,100 g,100,True,Reference portion matching the stored per-100g nutrition basis.
fndds_salami_sandwich_on_wheat_100g,fndds_salami_sandwich_on_wheat,100 g,100,True,Reference portion matching the stored per-100g nutrition basis.
fndds_bologna_sandwich_on_white_100g,fndds_bologna_sandwich_on_white,100 g,100,True,Reference portion matching the stored per-100g nutrition basis.
fndds_gyro_sandwich_100g,fndds_gyro_sandwich,100 g,100,True,Reference portion matching the stored per-100g nutrition basis.
fndds_pork_sandwich_100g,fndds_pork_sandwich,100 g,100,True,Reference portion matching the stored per-100g nutrition basis.
fndds_cuban_sandwich_100g,fndds_cuban_sandwich,100 g,100,True,Reference portion matching the stored per-100g nutrition basis.
fndds_meatloaf_sandwich_100g,fndds_meatloaf_sandwich,100 g,100,True,Reference portion matching the stored per-100g nutrition basis.
fndds_barbecue_rib_sandwich_100g,fndds_barbecue_rib_sandwich,100 g,100,True,Reference portion matching the stored per-100g nutrition basis.
fndds_meatball_sandwich_or_sub_100g,fndds_meatball_sandwich_or_sub,100 g,100,True,Reference portion matching the stored per-100g nutrition basis.
fndds_pork_sandwich_with_cheese_100g,fndds_pork_sandwich_with_cheese,100 g,100,True,Reference portion matching the stored per-100g nutrition basis.
fndds_bruschetta_100g,fndds_bruschetta,100 g,100,True,Reference portion matching the stored per-100g nutrition basis.
fndds_falafel_sandwich_100g,fndds_falafel_sandwich,100 g,100,True,Reference portion matching the stored per-100g nutrition basis.
fndds_vegetable_sandwich_wrap_100g,fndds_vegetable_sandwich_wrap,100 g,100,True,Reference portion matching the stored per-100g nutrition basis.
fndds_tomato_sandwich_on_white_100g,fndds_tomato_sandwich_on_white,100 g,100,True,Reference portion matching the stored per-100g nutrition basis.
fndds_tomato_sandwich_on_wheat_100g,fndds_tomato_sandwich_on_wheat,100 g,100,True,Reference portion matching the stored per-100g nutrition basis.
fndds_soup_bean_100g,fndds_soup_bean,100 g,100,True,Reference portion matching the stored per-100g nutrition basis.
fndds_soup_rice_100g,fndds_soup_rice,100 g,100,True,Reference portion matching the stored per-100g nutrition basis.
fndds_soup_beef_100g,fndds_soup_beef,100 g,100,True,Reference portion matching the stored per-100g nutrition basis.
fndds_soup_broth_100g,fndds_soup_broth,100 g,100,True,Reference portion matching the stored per-100g nutrition basis.
fndds_soup_fruit_100g,fndds_soup_fruit,100 g,100,True,Reference portion matching the stored per-100g nutrition basis.
fndds_soup_pozole_100g,fndds_soup_pozole,100 g,100,True,Reference portion matching the stored per-100g nutrition basis.
fndds_soup_lentil_100g,fndds_soup_lentil,100 g,100,True,Reference portion matching the stored per-100g nutrition basis.
fndds_soup_barley_100g,fndds_soup_barley,100 g,100,True,Reference portion matching the stored per-100g nutrition basis.
fndds_soup_tomato_100g,fndds_soup_tomato,100 g,100,True,Reference portion matching the stored per-100g nutrition basis.
fndds_soup_borscht_100g,fndds_soup_borscht,100 g,100,True,Reference portion matching the stored per-100g nutrition basis.
fndds_soup_meatball_100g,fndds_soup_meatball,100 g,100,True,Reference portion matching the stored per-100g nutrition basis.
fndds_soup_bisque_100g,fndds_soup_bisque,100 g,100,True,Reference portion matching the stored per-100g nutrition basis.
fndds_soup_peanut_100g,fndds_soup_peanut,100 g,100,True,Reference portion matching the stored per-100g nutrition basis.
fndds_soup_potato_100g,fndds_soup_potato,100 g,100,True,Reference portion matching the stored per-100g nutrition basis.
fndds_soup_pumpkin_100g,fndds_soup_pumpkin,100 g,100,True,Reference portion matching the stored per-100g nutrition basis.
fndds_soup_pepperpot_100g,fndds_soup_pepperpot,100 g,100,True,Reference portion matching the stored per-100g nutrition basis.
fndds_soup_french_onion_100g,fndds_soup_french_onion,100 g,100,True,Reference portion matching the stored per-100g nutrition basis.
fndds_soup_wonton_100g,fndds_soup_wonton,100 g,100,True,Reference portion matching the stored per-100g nutrition basis.
fndds_soup_seaweed_100g,fndds_soup_seaweed,100 g,100,True,Reference portion matching the stored per-100g nutrition basis.
fndds_soup_egg_drop_100g,fndds_soup_egg_drop,100 g,100,True,Reference portion matching the stored per-100g nutrition basis.
fndds_ramen_bowl_with_beef_100g,fndds_ramen_bowl_with_beef,100 g,100,True,Reference portion matching the stored per-100g nutrition basis.
fndds_ramen_bowl_with_fish_100g,fndds_ramen_bowl_with_fish,100 g,100,True,Reference portion matching the stored per-100g nutrition basis.
fndds_soup_hot_and_sour_100g,fndds_soup_hot_and_sour,100 g,100,True,Reference portion matching the stored per-100g nutrition basis.
fndds_congee_100g,fndds_congee,100 g,100,True,Reference portion matching the stored per-100g nutrition basis.
fndds_rice_cooked_with_milk_100g,fndds_rice_cooked_with_milk,100 g,100,True,Reference portion matching the stored per-100g nutrition basis.
fndds_rice_sweet_cooked_with_honey_100g,fndds_rice_sweet_cooked_with_honey,100 g,100,True,Reference portion matching the stored per-100g nutrition basis.
fndds_yellow_rice_cooked_fat_added_100g,fndds_yellow_rice_cooked_fat_added,100 g,100,True,Reference portion matching the stored per-100g nutrition basis.
fndds_yellow_rice_cooked_no_added_fat_100g,fndds_yellow_rice_cooked_no_added_fat,100 g,100,True,Reference portion matching the stored per-100g nutrition basis.
fndds_rice_white_cooked_glutinous_100g,fndds_rice_white_cooked_glutinous,100 g,100,True,Reference portion matching the stored per-100g nutrition basis.
fndds_rice_white_cooked_no_added_fat_100g,fndds_rice_white_cooked_no_added_fat,100 g,100,True,Reference portion matching the stored per-100g nutrition basis.
fndds_rice_brown_cooked_no_added_fat_100g,fndds_rice_brown_cooked_no_added_fat,100 g,100,True,Reference portion matching the stored per-100g nutrition basis.
fndds_barley_100g,fndds_barley,100 g,100,True,Reference portion matching the stored per-100g nutrition basis.
fndds_millet_100g,fndds_millet,100 g,100,True,Reference portion matching the stored per-100g nutrition basis.
fndds_noodles_cooked_100g,fndds_noodles_cooked,100 g,100,True,Reference portion matching the stored per-100g nutrition basis.
fndds_buckwheat_groats_100g,fndds_buckwheat_groats,100 g,100,True,Reference portion matching the stored per-100g nutrition basis.
fndds_rice_noodles_cooked_100g,fndds_rice_noodles_cooked,100 g,100,True,Reference portion matching the stored per-100g nutrition basis.
fndds_quinoa_fat_added_100g,fndds_quinoa_fat_added,100 g,100,True,Reference portion matching the stored per-100g nutrition basis.
fndds_bulgur_fat_added_100g,fndds_bulgur_fat_added,100 g,100,True,Reference portion matching the stored per-100g nutrition basis.
fndds_bread_rye_100g,fndds_bread_rye,100 g,100,True,Reference portion matching the stored per-100g nutrition basis.
fndds_bread_soy_100g,fndds_bread_soy,100 g,100,True,Reference portion matching the stored per-100g nutrition basis.
fndds_bread_naan_100g,fndds_bread_naan,100 g,100,True,Reference portion matching the stored per-100g nutrition basis.
fndds_bread_pita_100g,fndds_bread_pita,100 g,100,True,Reference portion matching the stored per-100g nutrition basis.
fndds_bread_puri_100g,fndds_bread_puri,100 g,100,True,Reference portion matching the stored per-100g nutrition basis.
fndds_bread_rice_100g,fndds_bread_rice,100 g,100,True,Reference portion matching the stored per-100g nutrition basis.
fndds_bread_cuban_100g,fndds_bread_cuban,100 g,100,True,Reference portion matching the stored per-100g nutrition basis.
fndds_bread_onion_100g,fndds_bread_onion,100 g,100,True,Reference portion matching the stored per-100g nutrition basis.
fndds_bread_black_100g,fndds_bread_black,100 g,100,True,Reference portion matching the stored per-100g nutrition basis.
fndds_bread_cheese_100g,fndds_bread_cheese,100 g,100,True,Reference portion matching the stored per-100g nutrition basis.
fndds_bread_potato_100g,fndds_bread_potato,100 g,100,True,Reference portion matching the stored per-100g nutrition basis.
fndds_bread_raisin_100g,fndds_bread_raisin,100 g,100,True,Reference portion matching the stored per-100g nutrition basis.
fndds_bread_barley_100g,fndds_bread_barley,100 g,100,True,Reference portion matching the stored per-100g nutrition basis.
fndds_bread_paratha_100g,fndds_bread_paratha,100 g,100,True,Reference portion matching the stored per-100g nutrition basis.
fndds_bread_oatmeal_100g,fndds_bread_oatmeal,100 g,100,True,Reference portion matching the stored per-100g nutrition basis.
fndds_bread_cinnamon_100g,fndds_bread_cinnamon,100 g,100,True,Reference portion matching the stored per-100g nutrition basis.
fndds_bread_oat_bran_100g,fndds_bread_oat_bran,100 g,100,True,Reference portion matching the stored per-100g nutrition basis.
fndds_bread_vegetable_100g,fndds_bread_vegetable,100 g,100,True,Reference portion matching the stored per-100g nutrition basis.
fndds_roll_rye_100g,fndds_roll_rye,100 g,100,True,Reference portion matching the stored per-100g nutrition basis.
fndds_roll_diet_100g,fndds_roll_diet,100 g,100,True,Reference portion matching the stored per-100g nutrition basis.
fndds_roll_cheese_100g,fndds_roll_cheese,100 g,100,True,Reference portion matching the stored per-100g nutrition basis.
fndds_roll_garlic_100g,fndds_roll_garlic,100 g,100,True,Reference portion matching the stored per-100g nutrition basis.
fndds_roll_oatmeal_100g,fndds_roll_oatmeal,100 g,100,True,Reference portion matching the stored per-100g nutrition basis.
fndds_roll_egg_bread_100g,fndds_roll_egg_bread,100 g,100,True,Reference portion matching the stored per-100g nutrition basis.
fndds_roll_sour_dough_100g,fndds_roll_sour_dough,100 g,100,True,Reference portion matching the stored per-100g nutrition basis.
fndds_roll_multigrain_100g,fndds_roll_multigrain,100 g,100,True,Reference portion matching the stored per-100g nutrition basis.
fndds_roll_whole_wheat_100g,fndds_roll_whole_wheat,100 g,100,True,Reference portion matching the stored per-100g nutrition basis.
fndds_roll_gluten_free_100g,fndds_roll_gluten_free,100 g,100,True,Reference portion matching the stored per-100g nutrition basis.
fndds_bagel_100g,fndds_bagel,100 g,100,True,Reference portion matching the stored per-100g nutrition basis.
fndds_bagel_wheat_100g,fndds_bagel_wheat,100 g,100,True,Reference portion matching the stored per-100g nutrition basis.
fndds_muffin_english_100g,fndds_muffin_english,100 g,100,True,Reference portion matching the stored per-100g nutrition basis.
fndds_bagel_oat_bran_100g,fndds_bagel_oat_bran,100 g,100,True,Reference portion matching the stored per-100g nutrition basis.
fndds_bagel_wheat_bran_100g,fndds_bagel_wheat_bran,100 g,100,True,Reference portion matching the stored per-100g nutrition basis.
fndds_bagel_multigrain_100g,fndds_bagel_multigrain,100 g,100,True,Reference portion matching the stored per-100g nutrition basis.
fndds_bagel_whole_wheat_100g,fndds_bagel_whole_wheat,100 g,100,True,Reference portion matching the stored per-100g nutrition basis.
fndds_bagel_with_raisins_100g,fndds_bagel_with_raisins,100 g,100,True,Reference portion matching the stored per-100g nutrition basis.
fndds_bagel_pumpernickel_100g,fndds_bagel_pumpernickel,100 g,100,True,Reference portion matching the stored per-100g nutrition basis.
fndds_tortilla_corn_100g,fndds_tortilla_corn,100 g,100,True,Reference portion matching the stored per-100g nutrition basis.
fndds_tortilla_flour_100g,fndds_tortilla_flour,100 g,100,True,Reference portion matching the stored per-100g nutrition basis.
fndds_taco_shell_corn_100g,fndds_taco_shell_corn,100 g,100,True,Reference portion matching the stored per-100g nutrition basis.
fndds_taco_shell_flour_100g,fndds_taco_shell_flour,100 g,100,True,Reference portion matching the stored per-100g nutrition basis.
fndds_scone_100g,fndds_scone,100 g,100,True,Reference portion matching the stored per-100g nutrition basis.
fndds_popover_100g,fndds_popover,100 g,100,True,Reference portion matching the stored per-100g nutrition basis.
fndds_hush_puppy_100g,fndds_hush_puppy,100 g,100,True,Reference portion matching the stored per-100g nutrition basis.
fndds_johnnycake_100g,fndds_johnnycake,100 g,100,True,Reference portion matching the stored per-100g nutrition basis.
fndds_spoonbread_100g,fndds_spoonbread,100 g,100,True,Reference portion matching the stored per-100g nutrition basis.
fndds_muffin_plain_100g,fndds_muffin_plain,100 g,100,True,Reference portion matching the stored per-100g nutrition basis.
fndds_bread_nut_100g,fndds_bread_nut,100 g,100,True,Reference portion matching the stored per-100g nutrition basis.
fndds_corn_pone_baked_100g,fndds_corn_pone_baked,100 g,100,True,Reference portion matching the stored per-100g nutrition basis.
fndds_bread_fruit_100g,fndds_bread_fruit,100 g,100,True,Reference portion matching the stored per-100g nutrition basis.
fndds_arepa_dominicana_100g,fndds_arepa_dominicana,100 g,100,True,Reference portion matching the stored per-100g nutrition basis.
fndds_muffin_fruit_100g,fndds_muffin_fruit,100 g,100,True,Reference portion matching the stored per-100g nutrition basis.
fndds_muffin_wheat_100g,fndds_muffin_wheat,100 g,100,True,Reference portion matching the stored per-100g nutrition basis.
fndds_dosa_plain_100g,fndds_dosa_plain,100 g,100,True,Reference portion matching the stored per-100g nutrition basis.
fndds_crepe_plain_100g,fndds_crepe_plain,100 g,100,True,Reference portion matching the stored per-100g nutrition basis.
fndds_waffle_plain_100g,fndds_waffle_plain,100 g,100,True,Reference portion matching the stored per-100g nutrition basis.
fndds_pancakes_plain_100g,fndds_pancakes_plain,100 g,100,True,Reference portion matching the stored per-100g nutrition basis.
fndds_chinese_pancake_100g,fndds_chinese_pancake,100 g,100,True,Reference portion matching the stored per-100g nutrition basis.
fndds_waffle_fruit_100g,fndds_waffle_fruit,100 g,100,True,Reference portion matching the stored per-100g nutrition basis.
fndds_pancakes_fruit_100g,fndds_pancakes_fruit,100 g,100,True,Reference portion matching the stored per-100g nutrition basis.
fndds_french_toast_plain_100g,fndds_french_toast_plain,100 g,100,True,Reference portion matching the stored per-100g nutrition basis.
fndds_french_toast_sticks_100g,fndds_french_toast_sticks,100 g,100,True,Reference portion matching the stored per-100g nutrition basis.
fndds_waffle_cinnamon_100g,fndds_waffle_cinnamon,100 g,100,True,Reference portion matching the stored per-100g nutrition basis.
fndds_pancakes_pumpkin_100g,fndds_pancakes_pumpkin,100 g,100,True,Reference portion matching the stored per-100g nutrition basis.
fndds_waffle_chocolate_100g,fndds_waffle_chocolate,100 g,100,True,Reference portion matching the stored per-100g nutrition basis.
fndds_cereal_crunch_100g,fndds_cereal_crunch,100 g,100,True,Reference portion matching the stored per-100g nutrition basis.
fndds_cereal_granola_100g,fndds_cereal_granola,100 g,100,True,Reference portion matching the stored per-100g nutrition basis.
fndds_cereal_fruit_rings_100g,fndds_cereal_fruit_rings,100 g,100,True,Reference portion matching the stored per-100g nutrition basis.
fndds_cereal_fruit_crispy_100g,fndds_cereal_fruit_crispy,100 g,100,True,Reference portion matching the stored per-100g nutrition basis.
fndds_cereal_cinnamon_toast_100g,fndds_cereal_cinnamon_toast,100 g,100,True,Reference portion matching the stored per-100g nutrition basis.
fndds_cereal_flavored_puffs_100g,fndds_cereal_flavored_puffs,100 g,100,True,Reference portion matching the stored per-100g nutrition basis.
fndds_cereal_chocolate_puffs_100g,fndds_cereal_chocolate_puffs,100 g,100,True,Reference portion matching the stored per-100g nutrition basis.
fndds_cereal_other_honey_100g,fndds_cereal_other_honey,100 g,100,True,Reference portion matching the stored per-100g nutrition basis.
fndds_cereal_plain_puffs_100g,fndds_cereal_plain_puffs,100 g,100,True,Reference portion matching the stored per-100g nutrition basis.
fndds_cereal_o_s_plain_100g,fndds_cereal_o_s_plain,100 g,100,True,Reference portion matching the stored per-100g nutrition basis.
fndds_cereal_corn_puffs_100g,fndds_cereal_corn_puffs,100 g,100,True,Reference portion matching the stored per-100g nutrition basis.
fndds_cereal_multigrain_100g,fndds_cereal_multigrain,100 g,100,True,Reference portion matching the stored per-100g nutrition basis.
fndds_cereal_k_s_plain_100g,fndds_cereal_k_s_plain,100 g,100,True,Reference portion matching the stored per-100g nutrition basis.
fndds_cereal_oat_bunches_100g,fndds_cereal_oat_bunches,100 g,100,True,Reference portion matching the stored per-100g nutrition basis.
fndds_cereal_oat_squares_100g,fndds_cereal_oat_squares,100 g,100,True,Reference portion matching the stored per-100g nutrition basis.
fndds_oatmeal_multigrain_100g,fndds_oatmeal_multigrain,100 g,100,True,Reference portion matching the stored per-100g nutrition basis.
fndds_oatmeal_reduced_sugar_100g,fndds_oatmeal_reduced_sugar,100 g,100,True,Reference portion matching the stored per-100g nutrition basis.
fndds_oatmeal_fast_food_plain_100g,fndds_oatmeal_fast_food_plain,100 g,100,True,Reference portion matching the stored per-100g nutrition basis.
fndds_oatmeal_fast_food_flavored_100g,fndds_oatmeal_fast_food_flavored,100 g,100,True,Reference portion matching the stored per-100g nutrition basis.
fndds_oatmeal_instant_maple_flavored_fat_added_100g,fndds_oatmeal_instant_maple_flavored_fat_added,100 g,100,True,Reference portion matching the stored per-100g nutrition basis.
fndds_oatmeal_instant_fruit_flavored_fat_added_100g,fndds_oatmeal_instant_fruit_flavored_fat_added,100 g,100,True,Reference portion matching the stored per-100g nutrition basis.
fndds_oatmeal_instant_maple_flavored_no_added_fat_100g,fndds_oatmeal_instant_maple_flavored_no_added_fat,100 g,100,True,Reference portion matching the stored per-100g nutrition basis.
fndds_oatmeal_instant_fruit_flavored_no_added_fat_100g,fndds_oatmeal_instant_fruit_flavored_no_added_fat,100 g,100,True,Reference portion matching the stored per-100g nutrition basis.
fndds_upma_100g,fndds_upma,100 g,100,True,Reference portion matching the stored per-100g nutrition basis.
fndds_cream_of_rice_100g,fndds_cream_of_rice,100 g,100,True,Reference portion matching the stored per-100g nutrition basis.
fndds_hominy_cooked_100g,fndds_hominy_cooked,100 g,100,True,Reference portion matching the stored per-100g nutrition basis.
fndds_masa_harina_cooked_100g,fndds_masa_harina_cooked,100 g,100,True,Reference portion matching the stored per-100g nutrition basis.
fndds_oat_bran_cereal_cooked_100g,fndds_oat_bran_cereal_cooked,100 g,100,True,Reference portion matching the stored per-100g nutrition basis.
fndds_whole_wheat_cereal_cooked_100g,fndds_whole_wheat_cereal_cooked,100 g,100,True,Reference portion matching the stored per-100g nutrition basis.
fndds_cornmeal_mush_fat_added_100g,fndds_cornmeal_mush_fat_added,100 g,100,True,Reference portion matching the stored per-100g nutrition basis.
fndds_potato_chips_plain_100g,fndds_potato_chips_plain,100 g,100,True,Reference portion matching the stored per-100g nutrition basis.
fndds_potato_sticks_plain_100g,fndds_potato_sticks_plain,100 g,100,True,Reference portion matching the stored per-100g nutrition basis.
fndds_potato_chips_baked_plain_100g,fndds_potato_chips_baked_plain,100 g,100,True,Reference portion matching the stored per-100g nutrition basis.
fndds_potato_chips_unsalted_100g,fndds_potato_chips_unsalted,100 g,100,True,Reference portion matching the stored per-100g nutrition basis.
fndds_potato_sticks_flavored_100g,fndds_potato_sticks_flavored,100 g,100,True,Reference portion matching the stored per-100g nutrition basis.
fndds_potato_chips_reduced_fat_100g,fndds_potato_chips_reduced_fat,100 g,100,True,Reference portion matching the stored per-100g nutrition basis.
fndds_potato_sticks_fry_shaped_100g,fndds_potato_sticks_fry_shaped,100 g,100,True,Reference portion matching the stored per-100g nutrition basis.
fndds_potato_chips_popped_plain_100g,fndds_potato_chips_popped_plain,100 g,100,True,Reference portion matching the stored per-100g nutrition basis.
fndds_potato_chips_other_flavored_100g,fndds_potato_chips_other_flavored,100 g,100,True,Reference portion matching the stored per-100g nutrition basis.
fndds_soy_chips_100g,fndds_soy_chips,100 g,100,True,Reference portion matching the stored per-100g nutrition basis.
fndds_corn_nuts_100g,fndds_corn_nuts,100 g,100,True,Reference portion matching the stored per-100g nutrition basis.
fndds_bean_chips_100g,fndds_bean_chips,100 g,100,True,Reference portion matching the stored per-100g nutrition basis.
fndds_taro_chips_100g,fndds_taro_chips,100 g,100,True,Reference portion matching the stored per-100g nutrition basis.
fndds_shrimp_chips_100g,fndds_shrimp_chips,100 g,100,True,Reference portion matching the stored per-100g nutrition basis.
fndds_cracker_chips_100g,fndds_cracker_chips,100 g,100,True,Reference portion matching the stored per-100g nutrition basis.
fndds_plantain_chips_100g,fndds_plantain_chips,100 g,100,True,Reference portion matching the stored per-100g nutrition basis.
fndds_chips_rice_100g,fndds_chips_rice,100 g,100,True,Reference portion matching the stored per-100g nutrition basis.
fndds_vegetable_chips_100g,fndds_vegetable_chips,100 g,100,True,Reference portion matching the stored per-100g nutrition basis.
fndds_corn_chips_plain_100g,fndds_corn_chips_plain,100 g,100,True,Reference portion matching the stored per-100g nutrition basis.
fndds_popcorn_caramel_coated_100g,fndds_popcorn_caramel_coated,100 g,100,True,Reference portion matching the stored per-100g nutrition basis.
fndds_popcorn_microwave_plain_100g,fndds_popcorn_microwave_plain,100 g,100,True,Reference portion matching the stored per-100g nutrition basis.
fndds_popcorn_chocolate_coated_100g,fndds_popcorn_chocolate_coated,100 g,100,True,Reference portion matching the stored per-100g nutrition basis.
fndds_popcorn_ready_to_eat_plain_100g,fndds_popcorn_ready_to_eat_plain,100 g,100,True,Reference portion matching the stored per-100g nutrition basis.
fndds_popcorn_microwave_kettle_100g,fndds_popcorn_microwave_kettle,100 g,100,True,Reference portion matching the stored per-100g nutrition basis.
fndds_popcorn_ready_to_eat_kettle_100g,fndds_popcorn_ready_to_eat_kettle,100 g,100,True,Reference portion matching the stored per-100g nutrition basis.
fndds_popcorn_microwave_low_sodium_100g,fndds_popcorn_microwave_low_sodium,100 g,100,True,Reference portion matching the stored per-100g nutrition basis.
fndds_popcorn_microwave_plain_light_100g,fndds_popcorn_microwave_plain_light,100 g,100,True,Reference portion matching the stored per-100g nutrition basis.
fndds_snack_mix_100g,fndds_snack_mix,100 g,100,True,Reference portion matching the stored per-100g nutrition basis.
fndds_pretzel_chips_hard_plain_100g,fndds_pretzel_chips_hard_plain,100 g,100,True,Reference portion matching the stored per-100g nutrition basis.
fndds_snack_mix_plain_chex_mix_100g,fndds_snack_mix_plain_chex_mix,100 g,100,True,Reference portion matching the stored per-100g nutrition basis.
fndds_pretzels_hard_flavored_100g,fndds_pretzels_hard_flavored,100 g,100,True,Reference portion matching the stored per-100g nutrition basis.
fndds_pretzels_hard_multigrain_100g,fndds_pretzels_hard_multigrain,100 g,100,True,Reference portion matching the stored per-100g nutrition basis.
fndds_pretzels_soft_multigrain_100g,fndds_pretzels_soft_multigrain,100 g,100,True,Reference portion matching the stored per-100g nutrition basis.
fndds_pretzels_soft_gluten_free_100g,fndds_pretzels_soft_gluten_free,100 g,100,True,Reference portion matching the stored per-100g nutrition basis.
fndds_pretzels_hard_plain_salted_100g,fndds_pretzels_hard_plain_salted,100 g,100,True,Reference portion matching the stored per-100g nutrition basis.
fndds_pretzel_chips_hard_flavored_100g,fndds_pretzel_chips_hard_flavored,100 g,100,True,Reference portion matching the stored per-100g nutrition basis.
fndds_pretzels_hard_yogurt_coated_100g,fndds_pretzels_hard_yogurt_coated,100 g,100,True,Reference portion matching the stored per-100g nutrition basis.
fndds_pretzels_hard_cheese_filled_100g,fndds_pretzels_hard_cheese_filled,100 g,100,True,Reference portion matching the stored per-100g nutrition basis.
fndds_croutons_100g,fndds_croutons,100 g,100,True,Reference portion matching the stored per-100g nutrition basis.
fndds_rice_cake_100g,fndds_rice_cake,100 g,100,True,Reference portion matching the stored per-100g nutrition basis.
fndds_rice_paper_100g,fndds_rice_paper,100 g,100,True,Reference portion matching the stored per-100g nutrition basis.
fndds_pita_chips_100g,fndds_pita_chips,100 g,100,True,Reference portion matching the stored per-100g nutrition basis.
fndds_melba_toast_100g,fndds_melba_toast,100 g,100,True,Reference portion matching the stored per-100g nutrition basis.
fndds_bagel_chips_100g,fndds_bagel_chips,100 g,100,True,Reference portion matching the stored per-100g nutrition basis.
fndds_popcorn_cake_100g,fndds_popcorn_cake,100 g,100,True,Reference portion matching the stored per-100g nutrition basis.
fndds_zwieback_toast_100g,fndds_zwieback_toast,100 g,100,True,Reference portion matching the stored per-100g nutrition basis.
fndds_crackers_milk_100g,fndds_crackers_milk,100 g,100,True,Reference portion matching the stored per-100g nutrition basis.
fndds_crackers_rice_100g,fndds_crackers_rice,100 g,100,True,Reference portion matching the stored per-100g nutrition basis.
fndds_crackers_matzo_100g,fndds_crackers_matzo,100 g,100,True,Reference portion matching the stored per-100g nutrition basis.
fndds_crackers_water_100g,fndds_crackers_water,100 g,100,True,Reference portion matching the stored per-100g nutrition basis.
fndds_crackers_wheat_100g,fndds_crackers_wheat,100 g,100,True,Reference portion matching the stored per-100g nutrition basis.
fndds_crackers_oyster_100g,fndds_crackers_oyster,100 g,100,True,Reference portion matching the stored per-100g nutrition basis.
fndds_crackers_saltine_100g,fndds_crackers_saltine,100 g,100,True,Reference portion matching the stored per-100g nutrition basis.
fndds_crackers_saltine_multigrain_100g,fndds_crackers_saltine_multigrain,100 g,100,True,Reference portion matching the stored per-100g nutrition basis.
fndds_crackers_saltine_reduced_fat_100g,fndds_crackers_saltine_reduced_fat,100 g,100,True,Reference portion matching the stored per-100g nutrition basis.
fndds_milk_n_cereal_bar_100g,fndds_milk_n_cereal_bar,100 g,100,True,Reference portion matching the stored per-100g nutrition basis.
fndds_snack_bar_oatmeal_100g,fndds_snack_bar_oatmeal,100 g,100,True,Reference portion matching the stored per-100g nutrition basis.
fndds_cereal_or_granola_bar_nonfat_100g,fndds_cereal_or_granola_bar_nonfat,100 g,100,True,Reference portion matching the stored per-100g nutrition basis.
fndds_cereal_or_granola_bar_fruit_and_nut_100g,fndds_cereal_or_granola_bar_fruit_and_nut,100 g,100,True,Reference portion matching the stored per-100g nutrition basis.
fndds_cereal_or_granola_bar_with_rice_cereal_100g,fndds_cereal_or_granola_bar_with_rice_cereal,100 g,100,True,Reference portion matching the stored per-100g nutrition basis.
fndds_cereal_or_granola_bar_quaker_granola_bites_100g,fndds_cereal_or_granola_bar_quaker_granola_bites,100 g,100,True,Reference portion matching the stored per-100g nutrition basis.
fndds_breakfast_bar_date_with_yogurt_coating_100g,fndds_breakfast_bar_date_with_yogurt_coating,100 g,100,True,Reference portion matching the stored per-100g nutrition basis.
fndds_cereal_or_granola_bar_kind_fruit_and_nut_bar_100g,fndds_cereal_or_granola_bar_kind_fruit_and_nut_bar,100 g,100,True,Reference portion matching the stored per-100g nutrition basis.
fndds_cereal_or_granola_bar_kellogg_s_special_k_bar_100g,fndds_cereal_or_granola_bar_kellogg_s_special_k_bar,100 g,100,True,Reference portion matching the stored per-100g nutrition basis.
fndds_nutrition_bar_clif_bar_100g,fndds_nutrition_bar_clif_bar,100 g,100,True,Reference portion matching the stored per-100g nutrition basis.
fndds_nutrition_bar_powerbar_100g,fndds_nutrition_bar_powerbar,100 g,100,True,Reference portion matching the stored per-100g nutrition basis.
fndds_nutrition_bar_tiger_s_milk_100g,fndds_nutrition_bar_tiger_s_milk,100 g,100,True,Reference portion matching the stored per-100g nutrition basis.
fndds_cereal_or_granola_bar_kashi_chewy_100g,fndds_cereal_or_granola_bar_kashi_chewy,100 g,100,True,Reference portion matching the stored per-100g nutrition basis.
fndds_nutrition_bar_balance_original_bar_100g,fndds_nutrition_bar_balance_original_bar,100 g,100,True,Reference portion matching the stored per-100g nutrition basis.
fndds_cereal_or_granola_bar_kashi_crunchy_100g,fndds_cereal_or_granola_bar_kashi_crunchy,100 g,100,True,Reference portion matching the stored per-100g nutrition basis.
fndds_baklava_100g,fndds_baklava,100 g,100,True,Reference portion matching the stored per-100g nutrition basis.
fndds_tiramisu_100g,fndds_tiramisu,100 g,100,True,Reference portion matching the stored per-100g nutrition basis.
fndds_pie_shell_100g,fndds_pie_shell,100 g,100,True,Reference portion matching the stored per-100g nutrition basis.
fndds_dessert_pizza_100g,fndds_dessert_pizza,100 g,100,True,Reference portion matching the stored per-100g nutrition basis.
fndds_pie_apple_100g,fndds_pie_apple,100 g,100,True,Reference portion matching the stored per-100g nutrition basis.
fndds_pie_berry_100g,fndds_pie_berry,100 g,100,True,Reference portion matching the stored per-100g nutrition basis.
fndds_pie_lemon_100g,fndds_pie_lemon,100 g,100,True,Reference portion matching the stored per-100g nutrition basis.
fndds_pie_peach_100g,fndds_pie_peach,100 g,100,True,Reference portion matching the stored per-100g nutrition basis.
fndds_pie_pecan_100g,fndds_pie_pecan,100 g,100,True,Reference portion matching the stored per-100g nutrition basis.
fndds_ice_cream_cake_100g,fndds_ice_cream_cake,100 g,100,True,Reference portion matching the stored per-100g nutrition basis.
fndds_pie_strawberry_100g,fndds_pie_strawberry,100 g,100,True,Reference portion matching the stored per-100g nutrition basis.
fndds_cake_cream_100g,fndds_cake_cream,100 g,100,True,Reference portion matching the stored per-100g nutrition basis.
fndds_cake_pound_100g,fndds_cake_pound,100 g,100,True,Reference portion matching the stored per-100g nutrition basis.
fndds_cake_torte_100g,fndds_cake_torte,100 g,100,True,Reference portion matching the stored per-100g nutrition basis.
fndds_pie_cherry_100g,fndds_pie_cherry,100 g,100,True,Reference portion matching the stored per-100g nutrition basis.
fndds_cake_sponge_100g,fndds_cake_sponge,100 g,100,True,Reference portion matching the stored per-100g nutrition basis.
fndds_pocky_100g,fndds_pocky,100 g,100,True,Reference portion matching the stored per-100g nutrition basis.
fndds_marie_biscuit_100g,fndds_marie_biscuit,100 g,100,True,Reference portion matching the stored per-100g nutrition basis.
fndds_anisette_toast_100g,fndds_anisette_toast,100 g,100,True,Reference portion matching the stored per-100g nutrition basis.
fndds_graham_crackers_100g,fndds_graham_crackers,100 g,100,True,Reference portion matching the stored per-100g nutrition basis.
fndds_cookie_almond_100g,fndds_cookie_almond,100 g,100,True,Reference portion matching the stored per-100g nutrition basis.
fndds_cookie_raisin_100g,fndds_cookie_raisin,100 g,100,True,Reference portion matching the stored per-100g nutrition basis.
fndds_cookie_animal_100g,fndds_cookie_animal,100 g,100,True,Reference portion matching the stored per-100g nutrition basis.
fndds_cookie_coconut_100g,fndds_cookie_coconut,100 g,100,True,Reference portion matching the stored per-100g nutrition basis.
fndds_cookie_fig_bar_100g,fndds_cookie_fig_bar,100 g,100,True,Reference portion matching the stored per-100g nutrition basis.
fndds_cookie_fortune_100g,fndds_cookie_fortune,100 g,100,True,Reference portion matching the stored per-100g nutrition basis.
fndds_cookie_granola_100g,fndds_cookie_granola,100 g,100,True,Reference portion matching the stored per-100g nutrition basis.
fndds_cookie_oatmeal_100g,fndds_cookie_oatmeal,100 g,100,True,Reference portion matching the stored per-100g nutrition basis.
fndds_cookie_pumpkin_100g,fndds_cookie_pumpkin,100 g,100,True,Reference portion matching the stored per-100g nutrition basis.
fndds_crackers_cuban_100g,fndds_crackers_cuban,100 g,100,True,Reference portion matching the stored per-100g nutrition basis.
fndds_cookie_biscotti_100g,fndds_cookie_biscotti,100 g,100,True,Reference portion matching the stored per-100g nutrition basis.
fndds_cookie_macaroon_100g,fndds_cookie_macaroon,100 g,100,True,Reference portion matching the stored per-100g nutrition basis.
fndds_cookie_meringue_100g,fndds_cookie_meringue,100 g,100,True,Reference portion matching the stored per-100g nutrition basis.
fndds_brioche_100g,fndds_brioche,100 g,100,True,Reference portion matching the stored per-100g nutrition basis.
fndds_churros_100g,fndds_churros,100 g,100,True,Reference portion matching the stored per-100g nutrition basis.
fndds_beignet_100g,fndds_beignet,100 g,100,True,Reference portion matching the stored per-100g nutrition basis.
fndds_croissant_100g,fndds_croissant,100 g,100,True,Reference portion matching the stored per-100g nutrition basis.
fndds_pannetone_100g,fndds_pannetone,100 g,100,True,Reference portion matching the stored per-100g nutrition basis.
fndds_fritter_plain_100g,fndds_fritter_plain,100 g,100,True,Reference portion matching the stored per-100g nutrition basis.
fndds_doughnut_holes_100g,fndds_doughnut_holes,100 g,100,True,Reference portion matching the stored per-100g nutrition basis.
fndds_breakfast_tart_100g,fndds_breakfast_tart,100 g,100,True,Reference portion matching the stored per-100g nutrition basis.
fndds_pastry_puff_100g,fndds_pastry_puff,100 g,100,True,Reference portion matching the stored per-100g nutrition basis.
fndds_tamale_sweet_100g,fndds_tamale_sweet,100 g,100,True,Reference portion matching the stored per-100g nutrition basis.
fndds_fritter_fruit_100g,fndds_fritter_fruit,100 g,100,True,Reference portion matching the stored per-100g nutrition basis.
fndds_doughnut_jelly_100g,fndds_doughnut_jelly,100 g,100,True,Reference portion matching the stored per-100g nutrition basis.
fndds_cheese_pastry_puffs_100g,fndds_cheese_pastry_puffs,100 g,100,True,Reference portion matching the stored per-100g nutrition basis.
fndds_croissant_fruit_100g,fndds_croissant_fruit,100 g,100,True,Reference portion matching the stored per-100g nutrition basis.
fndds_chocolate_candy_100g,fndds_chocolate_candy,100 g,100,True,Reference portion matching the stored per-100g nutrition basis.
fndds_chocolate_chips_100g,fndds_chocolate_chips,100 g,100,True,Reference portion matching the stored per-100g nutrition basis.
fndds_dark_chocolate_candy_100g,fndds_dark_chocolate_candy,100 g,100,True,Reference portion matching the stored per-100g nutrition basis.
fndds_chocolate_candy_with_nuts_100g,fndds_chocolate_candy_with_nuts,100 g,100,True,Reference portion matching the stored per-100g nutrition basis.
fndds_chocolate_candy_fudge_100g,fndds_chocolate_candy_fudge,100 g,100,True,Reference portion matching the stored per-100g nutrition basis.
fndds_chocolate_candy_with_cereal_100g,fndds_chocolate_candy_with_cereal,100 g,100,True,Reference portion matching the stored per-100g nutrition basis.
fndds_dark_chocolate_candy_with_nuts_100g,fndds_dark_chocolate_candy_with_nuts,100 g,100,True,Reference portion matching the stored per-100g nutrition basis.
fndds_chocolate_candy_sugar_free_100g,fndds_chocolate_candy_sugar_free,100 g,100,True,Reference portion matching the stored per-100g nutrition basis.
fndds_cough_drops_100g,fndds_cough_drops,100 g,100,True,Reference portion matching the stored per-100g nutrition basis.
fndds_chewing_gum_100g,fndds_chewing_gum,100 g,100,True,Reference portion matching the stored per-100g nutrition basis.
fndds_candy_mint_100g,fndds_candy_mint,100 g,100,True,Reference portion matching the stored per-100g nutrition basis.
fndds_candy_hard_100g,fndds_candy_hard,100 g,100,True,Reference portion matching the stored per-100g nutrition basis.
fndds_candy_taffy_100g,fndds_candy_taffy,100 g,100,True,Reference portion matching the stored per-100g nutrition basis.
fndds_candy_cotton_100g,fndds_candy_cotton,100 g,100,True,Reference portion matching the stored per-100g nutrition basis.
fndds_candy_caramel_100g,fndds_candy_caramel,100 g,100,True,Reference portion matching the stored per-100g nutrition basis.
fndds_candy_licorice_100g,fndds_candy_licorice,100 g,100,True,Reference portion matching the stored per-100g nutrition basis.
fndds_creamsicle_100g,fndds_creamsicle,100 g,100,True,Reference portion matching the stored per-100g nutrition basis.
fndds_fudgesicle_100g,fndds_fudgesicle,100 g,100,True,Reference portion matching the stored per-100g nutrition basis.
fndds_banana_split_100g,fndds_banana_split,100 g,100,True,Reference portion matching the stored per-100g nutrition basis.
fndds_gelato_vanilla_100g,fndds_gelato_vanilla,100 g,100,True,Reference portion matching the stored per-100g nutrition basis.
fndds_ice_cream_candy_bar_100g,fndds_ice_cream_candy_bar,100 g,100,True,Reference portion matching the stored per-100g nutrition basis.
fndds_ice_cream_fried_100g,fndds_ice_cream_fried,100 g,100,True,Reference portion matching the stored per-100g nutrition basis.
fndds_gelato_chocolate_100g,fndds_gelato_chocolate,100 g,100,True,Reference portion matching the stored per-100g nutrition basis.
fndds_fudgesicle_light_100g,fndds_fudgesicle_light,100 g,100,True,Reference portion matching the stored per-100g nutrition basis.
fndds_frozen_yogurt_sandwich_100g,fndds_frozen_yogurt_sandwich,100 g,100,True,Reference portion matching the stored per-100g nutrition basis.
fndds_ice_cream_chocolate_100g,fndds_ice_cream_chocolate,100 g,100,True,Reference portion matching the stored per-100g nutrition basis.
fndds_sherbet_all_flavors_100g,fndds_sherbet_all_flavors,100 g,100,True,Reference portion matching the stored per-100g nutrition basis.
fndds_ice_cream_cookie_sandwich_100g,fndds_ice_cream_cookie_sandwich,100 g,100,True,Reference portion matching the stored per-100g nutrition basis.
fndds_frozen_yogurt_vanilla_100g,fndds_frozen_yogurt_vanilla,100 g,100,True,Reference portion matching the stored per-100g nutrition basis.
fndds_flan_100g,fndds_flan,100 g,100,True,Reference portion matching the stored per-100g nutrition basis.
fndds_mousse_100g,fndds_mousse,100 g,100,True,Reference portion matching the stored per-100g nutrition basis.
fndds_trifle_100g,fndds_trifle,100 g,100,True,Reference portion matching the stored per-100g nutrition basis.
fndds_haupia_100g,fndds_haupia,100 g,100,True,Reference portion matching the stored per-100g nutrition basis.
fndds_custard_100g,fndds_custard,100 g,100,True,Reference portion matching the stored per-100g nutrition basis.
fndds_meringues_100g,fndds_meringues,100 g,100,True,Reference portion matching the stored per-100g nutrition basis.
fndds_creme_brulee_100g,fndds_creme_brulee,100 g,100,True,Reference portion matching the stored per-100g nutrition basis.
fndds_lime_souffle_100g,fndds_lime_souffle,100 g,100,True,Reference portion matching the stored per-100g nutrition basis.
fndds_yokan_100g,fndds_yokan,100 g,100,True,Reference portion matching the stored per-100g nutrition basis.
fndds_sorbet_100g,fndds_sorbet,100 g,100,True,Reference portion matching the stored per-100g nutrition basis.
fndds_popsicle_100g,fndds_popsicle,100 g,100,True,Reference portion matching the stored per-100g nutrition basis.
fndds_snow_cone_100g,fndds_snow_cone,100 g,100,True,Reference portion matching the stored per-100g nutrition basis.
fndds_italian_ice_100g,fndds_italian_ice,100 g,100,True,Reference portion matching the stored per-100g nutrition basis.
fndds_freezer_pop_100g,fndds_freezer_pop,100 g,100,True,Reference portion matching the stored per-100g nutrition basis.
fndds_gelatin_dessert_100g,fndds_gelatin_dessert,100 g,100,True,Reference portion matching the stored per-100g nutrition basis.
fndds_apple_raw_100g,fndds_apple_raw,100 g,100,True,Reference portion matching the stored per-100g nutrition basis.
fndds_apple_baked_100g,fndds_apple_baked,100 g,100,True,Reference portion matching the stored per-100g nutrition basis.
fndds_apple_pie_filling_100g,fndds_apple_pie_filling,100 g,100,True,Reference portion matching the stored per-100g nutrition basis.
fndds_apple_candied_100g,fndds_apple_candied,100 g,100,True,Reference portion matching the stored per-100g nutrition basis.
fndds_banana_raw_100g,fndds_banana_raw,100 g,100,True,Reference portion matching the stored per-100g nutrition basis.
fndds_banana_baked_100g,fndds_banana_baked,100 g,100,True,Reference portion matching the stored per-100g nutrition basis.
fndds_grapes_raw_100g,fndds_grapes_raw,100 g,100,True,Reference portion matching the stored per-100g nutrition basis.
fndds_peach_raw_100g,fndds_peach_raw,100 g,100,True,Reference portion matching the stored per-100g nutrition basis.
fndds_nectarine_raw_100g,fndds_nectarine_raw,100 g,100,True,Reference portion matching the stored per-100g nutrition basis.
fndds_peach_frozen_100g,fndds_peach_frozen,100 g,100,True,Reference portion matching the stored per-100g nutrition basis.
fndds_peach_canned_in_syrup_100g,fndds_peach_canned_in_syrup,100 g,100,True,Reference portion matching the stored per-100g nutrition basis.
fndds_strawberries_canned_100g,fndds_strawberries_canned,100 g,100,True,Reference portion matching the stored per-100g nutrition basis.
fndds_strawberries_frozen_100g,fndds_strawberries_frozen,100 g,100,True,Reference portion matching the stored per-100g nutrition basis.
fndds_cranberry_sauce_100g,fndds_cranberry_sauce,100 g,100,True,Reference portion matching the stored per-100g nutrition basis.
fndds_blueberries_raw_100g,fndds_blueberries_raw,100 g,100,True,Reference portion matching the stored per-100g nutrition basis.
fndds_cranberries_raw_100g,fndds_cranberries_raw,100 g,100,True,Reference portion matching the stored per-100g nutrition basis.
fndds_raspberries_raw_100g,fndds_raspberries_raw,100 g,100,True,Reference portion matching the stored per-100g nutrition basis.
fndds_blackberries_raw_100g,fndds_blackberries_raw,100 g,100,True,Reference portion matching the stored per-100g nutrition basis.
fndds_lime_raw_100g,fndds_lime_raw,100 g,100,True,Reference portion matching the stored per-100g nutrition basis.
fndds_lemon_raw_100g,fndds_lemon_raw,100 g,100,True,Reference portion matching the stored per-100g nutrition basis.
fndds_orange_raw_100g,fndds_orange_raw,100 g,100,True,Reference portion matching the stored per-100g nutrition basis.
fndds_kumquat_raw_100g,fndds_kumquat_raw,100 g,100,True,Reference portion matching the stored per-100g nutrition basis.
fndds_tangerine_raw_100g,fndds_tangerine_raw,100 g,100,True,Reference portion matching the stored per-100g nutrition basis.
fndds_watermelon_raw_100g,fndds_watermelon_raw,100 g,100,True,Reference portion matching the stored per-100g nutrition basis.
fndds_melon_frozen_100g,fndds_melon_frozen,100 g,100,True,Reference portion matching the stored per-100g nutrition basis.
fndds_honeydew_melon_raw_100g,fndds_honeydew_melon_raw,100 g,100,True,Reference portion matching the stored per-100g nutrition basis.
fndds_date_100g,fndds_date,100 g,100,True,Reference portion matching the stored per-100g nutrition basis.
fndds_raisins_100g,fndds_raisins,100 g,100,True,Reference portion matching the stored per-100g nutrition basis.
fndds_banana_chips_100g,fndds_banana_chips,100 g,100,True,Reference portion matching the stored per-100g nutrition basis.
fndds_fig_dried_100g,fndds_fig_dried,100 g,100,True,Reference portion matching the stored per-100g nutrition basis.
fndds_pear_dried_100g,fndds_pear_dried,100 g,100,True,Reference portion matching the stored per-100g nutrition basis.
fndds_apple_dried_100g,fndds_apple_dried,100 g,100,True,Reference portion matching the stored per-100g nutrition basis.
fndds_mango_dried_100g,fndds_mango_dried,100 g,100,True,Reference portion matching the stored per-100g nutrition basis.
fndds_lychee_100g,fndds_lychee,100 g,100,True,Reference portion matching the stored per-100g nutrition basis.
fndds_rhubarb_100g,fndds_rhubarb,100 g,100,True,Reference portion matching the stored per-100g nutrition basis.
fndds_fig_raw_100g,fndds_fig_raw,100 g,100,True,Reference portion matching the stored per-100g nutrition basis.
fndds_tamarind_100g,fndds_tamarind,100 g,100,True,Reference portion matching the stored per-100g nutrition basis.
fndds_ambrosia_100g,fndds_ambrosia,100 g,100,True,Reference portion matching the stored per-100g nutrition basis.
fndds_plum_raw_100g,fndds_plum_raw,100 g,100,True,Reference portion matching the stored per-100g nutrition basis.
fndds_guava_raw_100g,fndds_guava_raw,100 g,100,True,Reference portion matching the stored per-100g nutrition basis.
fndds_apricot_raw_100g,fndds_apricot_raw,100 g,100,True,Reference portion matching the stored per-100g nutrition basis.
fndds_dragon_fruit_100g,fndds_dragon_fruit,100 g,100,True,Reference portion matching the stored per-100g nutrition basis.
fndds_cherries_raw_100g,fndds_cherries_raw,100 g,100,True,Reference portion matching the stored per-100g nutrition basis.
fndds_starfruit_raw_100g,fndds_starfruit_raw,100 g,100,True,Reference portion matching the stored per-100g nutrition basis.
fndds_pear_raw_100g,fndds_pear_raw,100 g,100,True,Reference portion matching the stored per-100g nutrition basis.
fndds_pear_asian_raw_100g,fndds_pear_asian_raw,100 g,100,True,Reference portion matching the stored per-100g nutrition basis.
fndds_pear_canned_in_syrup_100g,fndds_pear_canned_in_syrup,100 g,100,True,Reference portion matching the stored per-100g nutrition basis.
fndds_pear_canned_juice_pack_100g,fndds_pear_canned_juice_pack,100 g,100,True,Reference portion matching the stored per-100g nutrition basis.
fndds_pineapple_raw_100g,fndds_pineapple_raw,100 g,100,True,Reference portion matching the stored per-100g nutrition basis.
fndds_pineapple_frozen_100g,fndds_pineapple_frozen,100 g,100,True,Reference portion matching the stored per-100g nutrition basis.
fndds_pineapple_canned_in_syrup_100g,fndds_pineapple_canned_in_syrup,100 g,100,True,Reference portion matching the stored per-100g nutrition basis.
fndds_pineapple_canned_juice_pack_100g,fndds_pineapple_canned_juice_pack,100 g,100,True,Reference portion matching the stored per-100g nutrition basis.
fndds_mango_raw_100g,fndds_mango_raw,100 g,100,True,Reference portion matching the stored per-100g nutrition basis.
fndds_papaya_raw_100g,fndds_papaya_raw,100 g,100,True,Reference portion matching the stored per-100g nutrition basis.
fndds_mango_canned_100g,fndds_mango_canned,100 g,100,True,Reference portion matching the stored per-100g nutrition basis.
fndds_mango_frozen_100g,fndds_mango_frozen,100 g,100,True,Reference portion matching the stored per-100g nutrition basis.
fndds_tomatoes_raw_100g,fndds_tomatoes_raw,100 g,100,True,Reference portion matching the stored per-100g nutrition basis.
fndds_sun_dried_tomatoes_100g,fndds_sun_dried_tomatoes,100 g,100,True,Reference portion matching the stored per-100g nutrition basis.
fndds_tomatoes_fresh_cooked_100g,fndds_tomatoes_fresh_cooked,100 g,100,True,Reference portion matching the stored per-100g nutrition basis.
fndds_tomatoes_canned_cooked_100g,fndds_tomatoes_canned_cooked,100 g,100,True,Reference portion matching the stored per-100g nutrition basis.
fndds_carrots_glazed_cooked_100g,fndds_carrots_glazed_cooked,100 g,100,True,Reference portion matching the stored per-100g nutrition basis.
fndds_carrots_fresh_cooked_with_oil_100g,fndds_carrots_fresh_cooked_with_oil,100 g,100,True,Reference portion matching the stored per-100g nutrition basis.
fndds_carrots_frozen_cooked_with_oil_100g,fndds_carrots_frozen_cooked_with_oil,100 g,100,True,Reference portion matching the stored per-100g nutrition basis.
fndds_carrots_canned_cooked_with_oil_100g,fndds_carrots_canned_cooked_with_oil,100 g,100,True,Reference portion matching the stored per-100g nutrition basis.
fndds_carrots_fresh_cooked_no_added_fat_100g,fndds_carrots_fresh_cooked_no_added_fat,100 g,100,True,Reference portion matching the stored per-100g nutrition basis.
fndds_carrots_frozen_cooked_no_added_fat_100g,fndds_carrots_frozen_cooked_no_added_fat,100 g,100,True,Reference portion matching the stored per-100g nutrition basis.
fndds_pumpkin_cooked_100g,fndds_pumpkin_cooked,100 g,100,True,Reference portion matching the stored per-100g nutrition basis.
fndds_winter_squash_raw_100g,fndds_winter_squash_raw,100 g,100,True,Reference portion matching the stored per-100g nutrition basis.
fndds_peppers_red_cooked_100g,fndds_peppers_red_cooked,100 g,100,True,Reference portion matching the stored per-100g nutrition basis.
fndds_spaghetti_squash_cooked_100g,fndds_spaghetti_squash_cooked,100 g,100,True,Reference portion matching the stored per-100g nutrition basis.
fndds_sweet_potato_candied_100g,fndds_sweet_potato_candied,100 g,100,True,Reference portion matching the stored per-100g nutrition basis.
fndds_pumpkin_canned_cooked_100g,fndds_pumpkin_canned_cooked,100 g,100,True,Reference portion matching the stored per-100g nutrition basis.
fndds_peppers_sweet_red_raw_100g,fndds_peppers_sweet_red_raw,100 g,100,True,Reference portion matching the stored per-100g nutrition basis.
fndds_broccoli_raab_raw_100g,fndds_broccoli_raab_raw,100 g,100,True,Reference portion matching the stored per-100g nutrition basis.
fndds_broccoli_raab_cooked_100g,fndds_broccoli_raab_cooked,100 g,100,True,Reference portion matching the stored per-100g nutrition basis.
fndds_broccoli_chinese_raw_100g,fndds_broccoli_chinese_raw,100 g,100,True,Reference portion matching the stored per-100g nutrition basis.
fndds_broccoli_chinese_cooked_100g,fndds_broccoli_chinese_cooked,100 g,100,True,Reference portion matching the stored per-100g nutrition basis.
fndds_broccoli_fresh_cooked_with_oil_100g,fndds_broccoli_fresh_cooked_with_oil,100 g,100,True,Reference portion matching the stored per-100g nutrition basis.
fndds_spinach_raw_100g,fndds_spinach_raw,100 g,100,True,Reference portion matching the stored per-100g nutrition basis.
fndds_spinach_creamed_100g,fndds_spinach_creamed,100 g,100,True,Reference portion matching the stored per-100g nutrition basis.
fndds_spinach_fresh_cooked_with_oil_100g,fndds_spinach_fresh_cooked_with_oil,100 g,100,True,Reference portion matching the stored per-100g nutrition basis.
fndds_spinach_frozen_cooked_with_oil_100g,fndds_spinach_frozen_cooked_with_oil,100 g,100,True,Reference portion matching the stored per-100g nutrition basis.
fndds_spinach_canned_cooked_with_oil_100g,fndds_spinach_canned_cooked_with_oil,100 g,100,True,Reference portion matching the stored per-100g nutrition basis.
fndds_lettuce_raw_100g,fndds_lettuce_raw,100 g,100,True,Reference portion matching the stored per-100g nutrition basis.
fndds_radicchio_raw_100g,fndds_radicchio_raw,100 g,100,True,Reference portion matching the stored per-100g nutrition basis.
fndds_lettuce_cooked_100g,fndds_lettuce_cooked,100 g,100,True,Reference portion matching the stored per-100g nutrition basis.
fndds_mixed_salad_greens_raw_100g,fndds_mixed_salad_greens_raw,100 g,100,True,Reference portion matching the stored per-100g nutrition basis.
fndds_lettuce_boston_raw_100g,fndds_lettuce_boston_raw,100 g,100,True,Reference portion matching the stored per-100g nutrition basis.
fndds_lettuce_arugula_raw_100g,fndds_lettuce_arugula_raw,100 g,100,True,Reference portion matching the stored per-100g nutrition basis.
fndds_chard_raw_100g,fndds_chard_raw,100 g,100,True,Reference portion matching the stored per-100g nutrition basis.
fndds_cress_raw_100g,fndds_cress_raw,100 g,100,True,Reference portion matching the stored per-100g nutrition basis.
fndds_chard_cooked_100g,fndds_chard_cooked,100 g,100,True,Reference portion matching the stored per-100g nutrition basis.
fndds_collards_raw_100g,fndds_collards_raw,100 g,100,True,Reference portion matching the stored per-100g nutrition basis.
fndds_cress_cooked_100g,fndds_cress_cooked,100 g,100,True,Reference portion matching the stored per-100g nutrition basis.
fndds_watercress_raw_100g,fndds_watercress_raw,100 g,100,True,Reference portion matching the stored per-100g nutrition basis.
fndds_beet_greens_raw_100g,fndds_beet_greens_raw,100 g,100,True,Reference portion matching the stored per-100g nutrition basis.
fndds_escarole_cooked_100g,fndds_escarole_cooked,100 g,100,True,Reference portion matching the stored per-100g nutrition basis.
fndds_watercress_cooked_100g,fndds_watercress_cooked,100 g,100,True,Reference portion matching the stored per-100g nutrition basis.
fndds_beet_greens_cooked_100g,fndds_beet_greens_cooked,100 g,100,True,Reference portion matching the stored per-100g nutrition basis.
fndds_mustard_greens_raw_100g,fndds_mustard_greens_raw,100 g,100,True,Reference portion matching the stored per-100g nutrition basis.
fndds_green_beans_raw_100g,fndds_green_beans_raw,100 g,100,True,Reference portion matching the stored per-100g nutrition basis.
fndds_yellow_string_beans_cooked_100g,fndds_yellow_string_beans_cooked,100 g,100,True,Reference portion matching the stored per-100g nutrition basis.
fndds_green_beans_fresh_cooked_with_oil_100g,fndds_green_beans_fresh_cooked_with_oil,100 g,100,True,Reference portion matching the stored per-100g nutrition basis.
fndds_green_beans_frozen_cooked_with_oil_100g,fndds_green_beans_frozen_cooked_with_oil,100 g,100,True,Reference portion matching the stored per-100g nutrition basis.
fndds_green_beans_canned_cooked_with_oil_100g,fndds_green_beans_canned_cooked_with_oil,100 g,100,True,Reference portion matching the stored per-100g nutrition basis.
fndds_green_beans_fresh_cooked_no_added_fat_100g,fndds_green_beans_fresh_cooked_no_added_fat,100 g,100,True,Reference portion matching the stored per-100g nutrition basis.
fndds_cabbage_red_raw_100g,fndds_cabbage_red_raw,100 g,100,True,Reference portion matching the stored per-100g nutrition basis.
fndds_cabbage_green_raw_100g,fndds_cabbage_green_raw,100 g,100,True,Reference portion matching the stored per-100g nutrition basis.
fndds_cabbage_red_cooked_100g,fndds_cabbage_red_cooked,100 g,100,True,Reference portion matching the stored per-100g nutrition basis.
fndds_cabbage_chinese_raw_100g,fndds_cabbage_chinese_raw,100 g,100,True,Reference portion matching the stored per-100g nutrition basis.
fndds_cabbage_savoy_cooked_100g,fndds_cabbage_savoy_cooked,100 g,100,True,Reference portion matching the stored per-100g nutrition basis.
fndds_leeks_100g,fndds_leeks,100 g,100,True,Reference portion matching the stored per-100g nutrition basis.
fndds_onions_raw_100g,fndds_onions_raw,100 g,100,True,Reference portion matching the stored per-100g nutrition basis.
fndds_onions_green_raw_100g,fndds_onions_green_raw,100 g,100,True,Reference portion matching the stored per-100g nutrition basis.
fndds_onions_pearl_cooked_100g,fndds_onions_pearl_cooked,100 g,100,True,Reference portion matching the stored per-100g nutrition basis.
fndds_corn_raw_100g,fndds_corn_raw,100 g,100,True,Reference portion matching the stored per-100g nutrition basis.
fndds_corn_creamed_100g,fndds_corn_creamed,100 g,100,True,Reference portion matching the stored per-100g nutrition basis.
fndds_corn_fresh_cooked_with_oil_100g,fndds_corn_fresh_cooked_with_oil,100 g,100,True,Reference portion matching the stored per-100g nutrition basis.
fndds_corn_frozen_cooked_with_oil_100g,fndds_corn_frozen_cooked_with_oil,100 g,100,True,Reference portion matching the stored per-100g nutrition basis.
fndds_corn_canned_cooked_with_oil_100g,fndds_corn_canned_cooked_with_oil,100 g,100,True,Reference portion matching the stored per-100g nutrition basis.
fndds_corn_fresh_cooked_no_added_fat_100g,fndds_corn_fresh_cooked_no_added_fat,100 g,100,True,Reference portion matching the stored per-100g nutrition basis.
fndds_fufu_100g,fndds_fufu,100 g,100,True,Reference portion matching the stored per-100g nutrition basis.
fndds_taro_cooked_100g,fndds_taro_cooked,100 g,100,True,Reference portion matching the stored per-100g nutrition basis.
fndds_plantain_raw_100g,fndds_plantain_raw,100 g,100,True,Reference portion matching the stored per-100g nutrition basis.
fndds_water_chesnut_100g,fndds_water_chesnut,100 g,100,True,Reference portion matching the stored per-100g nutrition basis.
fndds_cassava_cooked_100g,fndds_cassava_cooked,100 g,100,True,Reference portion matching the stored per-100g nutrition basis.
fndds_green_peas_raw_100g,fndds_green_peas_raw,100 g,100,True,Reference portion matching the stored per-100g nutrition basis.
fndds_breadfruit_cooked_100g,fndds_breadfruit_cooked,100 g,100,True,Reference portion matching the stored per-100g nutrition basis.
fndds_plantain_cooked_with_oil_100g,fndds_plantain_cooked_with_oil,100 g,100,True,Reference portion matching the stored per-100g nutrition basis.
fndds_lima_beans_from_canned_100g,fndds_lima_beans_from_canned,100 g,100,True,Reference portion matching the stored per-100g nutrition basis.
fndds_blackeyed_peas_from_canned_100g,fndds_blackeyed_peas_from_canned,100 g,100,True,Reference portion matching the stored per-100g nutrition basis.
fndds_radish_100g,fndds_radish,100 g,100,True,Reference portion matching the stored per-100g nutrition basis.
fndds_artichoke_100g,fndds_artichoke,100 g,100,True,Reference portion matching the stored per-100g nutrition basis.
fndds_beets_raw_100g,fndds_beets_raw,100 g,100,True,Reference portion matching the stored per-100g nutrition basis.
fndds_cactus_raw_100g,fndds_cactus_raw,100 g,100,True,Reference portion matching the stored per-100g nutrition basis.
fndds_celery_raw_100g,fndds_celery_raw,100 g,100,True,Reference portion matching the stored per-100g nutrition basis.
fndds_jicama_raw_100g,fndds_jicama_raw,100 g,100,True,Reference portion matching the stored per-100g nutrition basis.
fndds_turnip_raw_100g,fndds_turnip_raw,100 g,100,True,Reference portion matching the stored per-100g nutrition basis.
fndds_avocado_raw_100g,fndds_avocado_raw,100 g,100,True,Reference portion matching the stored per-100g nutrition basis.
fndds_seaweed_raw_100g,fndds_seaweed_raw,100 g,100,True,Reference portion matching the stored per-100g nutrition basis.
fndds_cucumber_raw_100g,fndds_cucumber_raw,100 g,100,True,Reference portion matching the stored per-100g nutrition basis.
fndds_eggplant_raw_100g,fndds_eggplant_raw,100 g,100,True,Reference portion matching the stored per-100g nutrition basis.
fndds_kohlrabi_raw_100g,fndds_kohlrabi_raw,100 g,100,True,Reference portion matching the stored per-100g nutrition basis.
fndds_rutabaga_raw_100g,fndds_rutabaga_raw,100 g,100,True,Reference portion matching the stored per-100g nutrition basis.
fndds_snowpeas_raw_100g,fndds_snowpeas_raw,100 g,100,True,Reference portion matching the stored per-100g nutrition basis.
fndds_asparagus_raw_100g,fndds_asparagus_raw,100 g,100,True,Reference portion matching the stored per-100g nutrition basis.
fndds_mushrooms_raw_100g,fndds_mushrooms_raw,100 g,100,True,Reference portion matching the stored per-100g nutrition basis.
fndds_celery_cooked_100g,fndds_celery_cooked,100 g,100,True,Reference portion matching the stored per-100g nutrition basis.
fndds_turnip_cooked_100g,fndds_turnip_cooked,100 g,100,True,Reference portion matching the stored per-100g nutrition basis.
fndds_burdock_cooked_100g,fndds_burdock_cooked,100 g,100,True,Reference portion matching the stored per-100g nutrition basis.
fndds_pakora_100g,fndds_pakora,100 g,100,True,Reference portion matching the stored per-100g nutrition basis.
fndds_yuca_fries_100g,fndds_yuca_fries,100 g,100,True,Reference portion matching the stored per-100g nutrition basis.
fndds_fried_okra_100g,fndds_fried_okra,100 g,100,True,Reference portion matching the stored per-100g nutrition basis.
fndds_fried_broccoli_100g,fndds_fried_broccoli,100 g,100,True,Reference portion matching the stored per-100g nutrition basis.
fndds_fried_eggplant_100g,fndds_fried_eggplant,100 g,100,True,Reference portion matching the stored per-100g nutrition basis.
fndds_fried_mushrooms_100g,fndds_fried_mushrooms,100 g,100,True,Reference portion matching the stored per-100g nutrition basis.
fndds_sweet_potato_tots_100g,fndds_sweet_potato_tots,100 g,100,True,Reference portion matching the stored per-100g nutrition basis.
fndds_fried_green_beans_100g,fndds_fried_green_beans,100 g,100,True,Reference portion matching the stored per-100g nutrition basis.
fndds_coleslaw_100g,fndds_coleslaw,100 g,100,True,Reference portion matching the stored per-100g nutrition basis.
fndds_pea_salad_100g,fndds_pea_salad,100 g,100,True,Reference portion matching the stored per-100g nutrition basis.
fndds_broccoli_slaw_salad_100g,fndds_broccoli_slaw_salad,100 g,100,True,Reference portion matching the stored per-100g nutrition basis.
fndds_pea_salad_with_cheese_100g,fndds_pea_salad_with_cheese,100 g,100,True,Reference portion matching the stored per-100g nutrition basis.
fndds_carrots_raw_salad_100g,fndds_carrots_raw_salad,100 g,100,True,Reference portion matching the stored per-100g nutrition basis.
fndds_coleslaw_with_fruit_100g,fndds_coleslaw_with_fruit,100 g,100,True,Reference portion matching the stored per-100g nutrition basis.
fndds_cucumber_and_vegetable_namasu_100g,fndds_cucumber_and_vegetable_namasu,100 g,100,True,Reference portion matching the stored per-100g nutrition basis.
fndds_onions_for_use_on_a_sandwich_100g,fndds_onions_for_use_on_a_sandwich,100 g,100,True,Reference portion matching the stored per-100g nutrition basis.
fndds_pepper_for_use_on_a_sandwich_100g,fndds_pepper_for_use_on_a_sandwich,100 g,100,True,Reference portion matching the stored per-100g nutrition basis.
fndds_avocado_for_use_on_a_sandwich_100g,fndds_avocado_for_use_on_a_sandwich,100 g,100,True,Reference portion matching the stored per-100g nutrition basis.
fndds_lettuce_for_use_on_a_sandwich_100g,fndds_lettuce_for_use_on_a_sandwich,100 g,100,True,Reference portion matching the stored per-100g nutrition basis.
fndds_spinach_for_use_on_a_sandwich_100g,fndds_spinach_for_use_on_a_sandwich,100 g,100,True,Reference portion matching the stored per-100g nutrition basis.
fndds_potato_baked_peel_eaten_100g,fndds_potato_baked_peel_eaten,100 g,100,True,Reference portion matching the stored per-100g nutrition basis.
fndds_potato_baked_peel_not_eaten_100g,fndds_potato_baked_peel_not_eaten,100 g,100,True,Reference portion matching the stored per-100g nutrition basis.
fndds_potato_boiled_ready_to_heat_100g,fndds_potato_boiled_ready_to_heat,100 g,100,True,Reference portion matching the stored per-100g nutrition basis.
fndds_potato_roasted_ready_to_heat_100g,fndds_potato_roasted_ready_to_heat,100 g,100,True,Reference portion matching the stored per-100g nutrition basis.
fndds_potato_canned_no_added_fat_100g,fndds_potato_canned_no_added_fat,100 g,100,True,Reference portion matching the stored per-100g nutrition basis.
fndds_potato_baked_peel_eaten_with_meat_100g,fndds_potato_baked_peel_eaten_with_meat,100 g,100,True,Reference portion matching the stored per-100g nutrition basis.
fndds_potato_baked_peel_eaten_with_chili_100g,fndds_potato_baked_peel_eaten_with_chili,100 g,100,True,Reference portion matching the stored per-100g nutrition basis.
fndds_potato_baked_peel_eaten_with_butter_100g,fndds_potato_baked_peel_eaten_with_butter,100 g,100,True,Reference portion matching the stored per-100g nutrition basis.
fndds_potato_baked_peel_eaten_with_cheese_100g,fndds_potato_baked_peel_eaten_with_cheese,100 g,100,True,Reference portion matching the stored per-100g nutrition basis.
fndds_potato_baked_peel_not_eaten_with_meat_100g,fndds_potato_baked_peel_not_eaten_with_meat,100 g,100,True,Reference portion matching the stored per-100g nutrition basis.
fndds_potato_patty_100g,fndds_potato_patty,100 g,100,True,Reference portion matching the stored per-100g nutrition basis.
fndds_potato_skins_without_topping_100g,fndds_potato_skins_without_topping,100 g,100,True,Reference portion matching the stored per-100g nutrition basis.
fndds_potato_skins_with_cheese_100g,fndds_potato_skins_with_cheese,100 g,100,True,Reference portion matching the stored per-100g nutrition basis.
fndds_potato_tots_frozen_baked_100g,fndds_potato_tots_frozen_baked,100 g,100,True,Reference portion matching the stored per-100g nutrition basis.
fndds_potato_tots_frozen_fried_100g,fndds_potato_tots_frozen_fried,100 g,100,True,Reference portion matching the stored per-100g nutrition basis.
fndds_potato_tots_school_100g,fndds_potato_tots_school,100 g,100,True,Reference portion matching the stored per-100g nutrition basis.
fndds_potato_home_fries_from_fresh_100g,fndds_potato_home_fries_from_fresh,100 g,100,True,Reference portion matching the stored per-100g nutrition basis.
fndds_potato_hash_brown_from_fresh_100g,fndds_potato_hash_brown_from_fresh,100 g,100,True,Reference portion matching the stored per-100g nutrition basis.
fndds_potato_tots_from_fresh_fried_or_baked_100g,fndds_potato_tots_from_fresh_fried_or_baked,100 g,100,True,Reference portion matching the stored per-100g nutrition basis.
fndds_potato_skins_with_cheese_and_bacon_100g,fndds_potato_skins_with_cheese_and_bacon,100 g,100,True,Reference portion matching the stored per-100g nutrition basis.
fndds_lefse_100g,fndds_lefse,100 g,100,True,Reference portion matching the stored per-100g nutrition basis.
fndds_potato_pancake_100g,fndds_potato_pancake,100 g,100,True,Reference portion matching the stored per-100g nutrition basis.
fndds_stewed_potatoes_100g,fndds_stewed_potatoes,100 g,100,True,Reference portion matching the stored per-100g nutrition basis.
fndds_stewed_potatoes_with_tomatoes_100g,fndds_stewed_potatoes_with_tomatoes,100 g,100,True,Reference portion matching the stored per-100g nutrition basis.
fndds_potato_salad_german_style_100g,fndds_potato_salad_german_style,100 g,100,True,Reference portion matching the stored per-100g nutrition basis.
fndds_potato_scalloped_from_fresh_100g,fndds_potato_scalloped_from_fresh,100 g,100,True,Reference portion matching the stored per-100g nutrition basis.
fndds_potato_mashed_ready_to_heat_100g,fndds_potato_mashed_ready_to_heat,100 g,100,True,Reference portion matching the stored per-100g nutrition basis.
fndds_potato_salad_made_with_mayonnaise_100g,fndds_potato_salad_made_with_mayonnaise,100 g,100,True,Reference portion matching the stored per-100g nutrition basis.
fndds_potato_scalloped_from_dry_mix_100g,fndds_potato_scalloped_from_dry_mix,100 g,100,True,Reference portion matching the stored per-100g nutrition basis.
fndds_stewed_potatoes_puerto_rican_style_100g,fndds_stewed_potatoes_puerto_rican_style,100 g,100,True,Reference portion matching the stored per-100g nutrition basis.
fndds_potato_scalloped_ready_to_heat_100g,fndds_potato_scalloped_ready_to_heat,100 g,100,True,Reference portion matching the stored per-100g nutrition basis.
fndds_potato_salad_made_with_creamy_dressing_100g,fndds_potato_salad_made_with_creamy_dressing,100 g,100,True,Reference portion matching the stored per-100g nutrition basis.
fndds_tangerine_juice_100_100g,fndds_tangerine_juice_100,100 g,100,True,Reference portion matching the stored per-100g nutrition basis.
fndds_orange_juice_100_freshly_squeezed_100g,fndds_orange_juice_100_freshly_squeezed,100 g,100,True,Reference portion matching the stored per-100g nutrition basis.
fndds_grapefruit_juice_100_freshly_squeezed_100g,fndds_grapefruit_juice_100_freshly_squeezed,100 g,100,True,Reference portion matching the stored per-100g nutrition basis.
fndds_grapefruit_juice_100_with_calcium_added_100g,fndds_grapefruit_juice_100_with_calcium_added,100 g,100,True,Reference portion matching the stored per-100g nutrition basis.
fndds_orange_juice_100_frozen_reconstituted_100g,fndds_orange_juice_100_frozen_reconstituted,100 g,100,True,Reference portion matching the stored per-100g nutrition basis.
fndds_apple_cider_100g,fndds_apple_cider,100 g,100,True,Reference portion matching the stored per-100g nutrition basis.
fndds_apple_juice_100_100g,fndds_apple_juice_100,100 g,100,True,Reference portion matching the stored per-100g nutrition basis.
fndds_apple_juice_100_with_calcium_added_100g,fndds_apple_juice_100_with_calcium_added,100 g,100,True,Reference portion matching the stored per-100g nutrition basis.
fndds_blueberry_juice_100g,fndds_blueberry_juice,100 g,100,True,Reference portion matching the stored per-100g nutrition basis.
fndds_grape_juice_100_100g,fndds_grape_juice_100,100 g,100,True,Reference portion matching the stored per-100g nutrition basis.
fndds_prune_juice_100_100g,fndds_prune_juice_100,100 g,100,True,Reference portion matching the stored per-100g nutrition basis.
fndds_aloe_vera_juice_drink_100g,fndds_aloe_vera_juice_drink,100 g,100,True,Reference portion matching the stored per-100g nutrition basis.
fndds_strawberry_juice_100_100g,fndds_strawberry_juice_100,100 g,100,True,Reference portion matching the stored per-100g nutrition basis.
fndds_papaya_juice_100_100g,fndds_papaya_juice_100,100 g,100,True,Reference portion matching the stored per-100g nutrition basis.
fndds_pineapple_juice_100_100g,fndds_pineapple_juice_100,100 g,100,True,Reference portion matching the stored per-100g nutrition basis.
fndds_beet_juice_100g,fndds_beet_juice,100 g,100,True,Reference portion matching the stored per-100g nutrition basis.
fndds_celery_juice_100g,fndds_celery_juice,100 g,100,True,Reference portion matching the stored per-100g nutrition basis.
fndds_tomato_juice_cocktail_100g,fndds_tomato_juice_cocktail,100 g,100,True,Reference portion matching the stored per-100g nutrition basis.
fndds_mixed_vegetable_juice_100g,fndds_mixed_vegetable_juice,100 g,100,True,Reference portion matching the stored per-100g nutrition basis.
fndds_carrot_juice_100_100g,fndds_carrot_juice_100,100 g,100,True,Reference portion matching the stored per-100g nutrition basis.
fndds_soft_drink_cola_diet_100g,fndds_soft_drink_cola_diet,100 g,100,True,Reference portion matching the stored per-100g nutrition basis.
fndds_soft_drink_root_beer_diet_100g,fndds_soft_drink_root_beer_diet,100 g,100,True,Reference portion matching the stored per-100g nutrition basis.
fndds_soft_drink_cream_soda_diet_100g,fndds_soft_drink_cream_soda_diet,100 g,100,True,Reference portion matching the stored per-100g nutrition basis.
fndds_soft_drink_ginger_ale_diet_100g,fndds_soft_drink_ginger_ale_diet,100 g,100,True,Reference portion matching the stored per-100g nutrition basis.
fndds_soft_drink_pepper_type_diet_100g,fndds_soft_drink_pepper_type_diet,100 g,100,True,Reference portion matching the stored per-100g nutrition basis.
fndds_soft_drink_chocolate_flavored_diet_100g,fndds_soft_drink_chocolate_flavored_diet,100 g,100,True,Reference portion matching the stored per-100g nutrition basis.
fndds_energy_drink_sugar_free_100g,fndds_energy_drink_sugar_free,100 g,100,True,Reference portion matching the stored per-100g nutrition basis.
fndds_sports_drink_low_calorie_100g,fndds_sports_drink_low_calorie,100 g,100,True,Reference portion matching the stored per-100g nutrition basis.
fndds_energy_drink_sugar_free_nos_100g,fndds_energy_drink_sugar_free_nos,100 g,100,True,Reference portion matching the stored per-100g nutrition basis.
fndds_energy_drink_sugar_free_vault_100g,fndds_energy_drink_sugar_free_vault,100 g,100,True,Reference portion matching the stored per-100g nutrition basis.
fndds_energy_drink_sugar_free_monster_100g,fndds_energy_drink_sugar_free_monster,100 g,100,True,Reference portion matching the stored per-100g nutrition basis.
fndds_energy_drink_sugar_free_no_fear_100g,fndds_energy_drink_sugar_free_no_fear,100 g,100,True,Reference portion matching the stored per-100g nutrition basis.
fndds_fruit_flavored_drink_diet_100g,fndds_fruit_flavored_drink_diet,100 g,100,True,Reference portion matching the stored per-100g nutrition basis.
fndds_slush_frozen_drink_no_sugar_added_100g,fndds_slush_frozen_drink_no_sugar_added,100 g,100,True,Reference portion matching the stored per-100g nutrition basis.
fndds_fruit_flavored_drink_with_high_vitamin_c_diet_100g,fndds_fruit_flavored_drink_with_high_vitamin_c_diet,100 g,100,True,Reference portion matching the stored per-100g nutrition basis.
fndds_fruit_flavored_drink_powdered_reconstituted_diet_100g,fndds_fruit_flavored_drink_powdered_reconstituted_diet,100 g,100,True,Reference portion matching the stored per-100g nutrition basis.
fndds_soft_drink_cola_100g,fndds_soft_drink_cola,100 g,100,True,Reference portion matching the stored per-100g nutrition basis.
fndds_soft_drink_root_beer_100g,fndds_soft_drink_root_beer,100 g,100,True,Reference portion matching the stored per-100g nutrition basis.
fndds_soft_drink_cream_soda_100g,fndds_soft_drink_cream_soda,100 g,100,True,Reference portion matching the stored per-100g nutrition basis.
fndds_soft_drink_ginger_ale_100g,fndds_soft_drink_ginger_ale,100 g,100,True,Reference portion matching the stored per-100g nutrition basis.
fndds_soft_drink_pepper_type_100g,fndds_soft_drink_pepper_type,100 g,100,True,Reference portion matching the stored per-100g nutrition basis.
fndds_soft_drink_chocolate_flavored_100g,fndds_soft_drink_chocolate_flavored,100 g,100,True,Reference portion matching the stored per-100g nutrition basis.
fndds_pear_nectar_100g,fndds_pear_nectar,100 g,100,True,Reference portion matching the stored per-100g nutrition basis.
fndds_guava_nectar_100g,fndds_guava_nectar,100 g,100,True,Reference portion matching the stored per-100g nutrition basis.
fndds_mango_nectar_100g,fndds_mango_nectar,100 g,100,True,Reference portion matching the stored per-100g nutrition basis.
fndds_peach_nectar_100g,fndds_peach_nectar,100 g,100,True,Reference portion matching the stored per-100g nutrition basis.
fndds_banana_nectar_100g,fndds_banana_nectar,100 g,100,True,Reference portion matching the stored per-100g nutrition basis.
fndds_papaya_nectar_100g,fndds_papaya_nectar,100 g,100,True,Reference portion matching the stored per-100g nutrition basis.
fndds_apricot_nectar_100g,fndds_apricot_nectar,100 g,100,True,Reference portion matching the stored per-100g nutrition basis.
fndds_tamarind_drink_100g,fndds_tamarind_drink,100 g,100,True,Reference portion matching the stored per-100g nutrition basis.
fndds_shirley_temple_100g,fndds_shirley_temple,100 g,100,True,Reference portion matching the stored per-100g nutrition basis.
fndds_cantaloupe_nectar_100g,fndds_cantaloupe_nectar,100 g,100,True,Reference portion matching the stored per-100g nutrition basis.
fndds_fruit_juice_drink_100g,fndds_fruit_juice_drink,100 g,100,True,Reference portion matching the stored per-100g nutrition basis.
fndds_slush_frozen_drink_100g,fndds_slush_frozen_drink,100 g,100,True,Reference portion matching the stored per-100g nutrition basis.
fndds_energy_drink_xs_100g,fndds_energy_drink_xs,100 g,100,True,Reference portion matching the stored per-100g nutrition basis.
fndds_energy_drink_nos_100g,fndds_energy_drink_nos,100 g,100,True,Reference portion matching the stored per-100g nutrition basis.
fndds_energy_drink_vault_100g,fndds_energy_drink_vault,100 g,100,True,Reference portion matching the stored per-100g nutrition basis.
fndds_energy_drink_monster_100g,fndds_energy_drink_monster,100 g,100,True,Reference portion matching the stored per-100g nutrition basis.
fndds_energy_drink_no_fear_100g,fndds_energy_drink_no_fear,100 g,100,True,Reference portion matching the stored per-100g nutrition basis.
fndds_energy_drink_red_bull_100g,fndds_energy_drink_red_bull,100 g,100,True,Reference portion matching the stored per-100g nutrition basis.
fndds_energy_drink_rockstar_100g,fndds_energy_drink_rockstar,100 g,100,True,Reference portion matching the stored per-100g nutrition basis.
fndds_nutritional_drink_or_shake_liquid_soy_based_100g,fndds_nutritional_drink_or_shake_liquid_soy_based,100 g,100,True,Reference portion matching the stored per-100g nutrition basis.
fndds_nutritional_drink_or_shake_ready_to_drink_boost_100g,fndds_nutritional_drink_or_shake_ready_to_drink_boost,100 g,100,True,Reference portion matching the stored per-100g nutrition basis.
fndds_nutritional_drink_or_shake_ready_to_drink_ensure_100g,fndds_nutritional_drink_or_shake_ready_to_drink_ensure,100 g,100,True,Reference portion matching the stored per-100g nutrition basis.
fndds_nutritional_drink_or_shake_ready_to_drink_slim_fast_100g,fndds_nutritional_drink_or_shake_ready_to_drink_slim_fast,100 g,100,True,Reference portion matching the stored per-100g nutrition basis.
fndds_nutritional_drink_or_shake_ready_to_drink_boost_plus_100g,fndds_nutritional_drink_or_shake_ready_to_drink_boost_plus,100 g,100,True,Reference portion matching the stored per-100g nutrition basis.
fndds_nutritional_drink_or_shake_ready_to_drink_ensure_plus_100g,fndds_nutritional_drink_or_shake_ready_to_drink_ensure_plus,100 g,100,True,Reference portion matching the stored per-100g nutrition basis.
fndds_atole_100g,fndds_atole,100 g,100,True,Reference portion matching the stored per-100g nutrition basis.
fndds_frescavena_100g,fndds_frescavena,100 g,100,True,Reference portion matching the stored per-100g nutrition basis.
fndds_corn_beverage_100g,fndds_corn_beverage,100 g,100,True,Reference portion matching the stored per-100g nutrition basis.
fndds_atole_de_avena_100g,fndds_atole_de_avena,100 g,100,True,Reference portion matching the stored per-100g nutrition basis.
fndds_licuado_or_batido_100g,fndds_licuado_or_batido,100 g,100,True,Reference portion matching the stored per-100g nutrition basis.
fndds_vegetable_smoothie_100g,fndds_vegetable_smoothie,100 g,100,True,Reference portion matching the stored per-100g nutrition basis.
fndds_atole_de_chocolate_100g,fndds_atole_de_chocolate,100 g,100,True,Reference portion matching the stored per-100g nutrition basis.
fndds_fruit_smoothie_light_100g,fndds_fruit_smoothie_light,100 g,100,True,Reference portion matching the stored per-100g nutrition basis.
fndds_chicory_beverage_100g,fndds_chicory_beverage,100 g,100,True,Reference portion matching the stored per-100g nutrition basis.
fndds_coffee_cuban_100g,fndds_coffee_cuban,100 g,100,True,Reference portion matching the stored per-100g nutrition basis.
fndds_coffee_latte_100g,fndds_coffee_latte,100 g,100,True,Reference portion matching the stored per-100g nutrition basis.
fndds_coffee_substitute_100g,fndds_coffee_substitute,100 g,100,True,Reference portion matching the stored per-100g nutrition basis.
fndds_coffee_brewed_100g,fndds_coffee_brewed,100 g,100,True,Reference portion matching the stored per-100g nutrition basis.
fndds_coffee_turkish_100g,fndds_coffee_turkish,100 g,100,True,Reference portion matching the stored per-100g nutrition basis.
fndds_frozen_coffee_drink_100g,fndds_frozen_coffee_drink,100 g,100,True,Reference portion matching the stored per-100g nutrition basis.
fndds_coffee_espresso_100g,fndds_coffee_espresso,100 g,100,True,Reference portion matching the stored per-100g nutrition basis.
fndds_coffee_macchiato_100g,fndds_coffee_macchiato,100 g,100,True,Reference portion matching the stored per-100g nutrition basis.
fndds_coffee_cafe_mocha_100g,fndds_coffee_cafe_mocha,100 g,100,True,Reference portion matching the stored per-100g nutrition basis.
fndds_coffee_iced_latte_100g,fndds_coffee_iced_latte,100 g,100,True,Reference portion matching the stored per-100g nutrition basis.
fndds_coffee_cappuccino_100g,fndds_coffee_cappuccino,100 g,100,True,Reference portion matching the stored per-100g nutrition basis.
fndds_iced_coffee_brewed_100g,fndds_iced_coffee_brewed,100 g,100,True,Reference portion matching the stored per-100g nutrition basis.
fndds_coffee_pre_lightened_100g,fndds_coffee_pre_lightened,100 g,100,True,Reference portion matching the stored per-100g nutrition basis.
fndds_frozen_mocha_coffee_drink_100g,fndds_frozen_mocha_coffee_drink,100 g,100,True,Reference portion matching the stored per-100g nutrition basis.
fndds_coffee_cafe_con_leche_100g,fndds_coffee_cafe_con_leche,100 g,100,True,Reference portion matching the stored per-100g nutrition basis.
fndds_coffee_bottled_canned_100g,fndds_coffee_bottled_canned,100 g,100,True,Reference portion matching the stored per-100g nutrition basis.
fndds_coffee_iced_cafe_mocha_100g,fndds_coffee_iced_cafe_mocha,100 g,100,True,Reference portion matching the stored per-100g nutrition basis.
fndds_tea_ginger_100g,fndds_tea_ginger,100 g,100,True,Reference portion matching the stored per-100g nutrition basis.
fndds_tea_bubble_100g,fndds_tea_bubble,100 g,100,True,Reference portion matching the stored per-100g nutrition basis.
fndds_tea_kombucha_100g,fndds_tea_kombucha,100 g,100,True,Reference portion matching the stored per-100g nutrition basis.
fndds_tea_hot_herbal_100g,fndds_tea_hot_herbal,100 g,100,True,Reference portion matching the stored per-100g nutrition basis.
fndds_tea_hot_hibiscus_100g,fndds_tea_hot_hibiscus,100 g,100,True,Reference portion matching the stored per-100g nutrition basis.
fndds_tea_hot_chamomile_100g,fndds_tea_hot_chamomile,100 g,100,True,Reference portion matching the stored per-100g nutrition basis.
fndds_tea_hot_with_milk_100g,fndds_tea_hot_with_milk,100 g,100,True,Reference portion matching the stored per-100g nutrition basis.
fndds_iced_tea_lemonade_juice_drink_100g,fndds_iced_tea_lemonade_juice_drink,100 g,100,True,Reference portion matching the stored per-100g nutrition basis.
fndds_tea_hot_leaf_black_100g,fndds_tea_hot_leaf_black,100 g,100,True,Reference portion matching the stored per-100g nutrition basis.
fndds_tea_hot_leaf_green_100g,fndds_tea_hot_leaf_green,100 g,100,True,Reference portion matching the stored per-100g nutrition basis.
fndds_tea_hot_leaf_oolong_100g,fndds_tea_hot_leaf_oolong,100 g,100,True,Reference portion matching the stored per-100g nutrition basis.
fndds_tea_iced_bottled_black_100g,fndds_tea_iced_bottled_black,100 g,100,True,Reference portion matching the stored per-100g nutrition basis.
fndds_water_tap_100g,fndds_water_tap,100 g,100,True,Reference portion matching the stored per-100g nutrition basis.
fndds_water_bottled_plain_100g,fndds_water_bottled_plain,100 g,100,True,Reference portion matching the stored per-100g nutrition basis.
fndds_water_tonic_100g,fndds_water_tonic,100 g,100,True,Reference portion matching the stored per-100g nutrition basis.
fndds_water_carbonated_plain_100g,fndds_water_carbonated_plain,100 g,100,True,Reference portion matching the stored per-100g nutrition basis.
fndds_water_beverage_fruit_flavored_100g,fndds_water_beverage_fruit_flavored,100 g,100,True,Reference portion matching the stored per-100g nutrition basis.
fndds_water_carbonated_flavored_100g,fndds_water_carbonated_flavored,100 g,100,True,Reference portion matching the stored per-100g nutrition basis.
fndds_water_enhanced_diet_100g,fndds_water_enhanced_diet,100 g,100,True,Reference portion matching the stored per-100g nutrition basis.
fndds_water_enhanced_regular_100g,fndds_water_enhanced_regular,100 g,100,True,Reference portion matching the stored per-100g nutrition basis.
fndds_lard_100g,fndds_lard,100 g,100,True,Reference portion matching the stored per-100g nutrition basis.
fndds_honey_butter_100g,fndds_honey_butter,100 g,100,True,Reference portion matching the stored per-100g nutrition basis.
fndds_butter_tub_100g,fndds_butter_tub,100 g,100,True,Reference portion matching the stored per-100g nutrition basis.
fndds_fat_back_cooked_100g,fndds_fat_back_cooked,100 g,100,True,Reference portion matching the stored per-100g nutrition basis.
fndds_butter_stick_100g,fndds_butter_stick,100 g,100,True,Reference portion matching the stored per-100g nutrition basis.
fndds_margarine_tub_100g,fndds_margarine_tub,100 g,100,True,Reference portion matching the stored per-100g nutrition basis.
fndds_margarine_stick_100g,fndds_margarine_stick,100 g,100,True,Reference portion matching the stored per-100g nutrition basis.
fndds_margarine_light_100g,fndds_margarine_light,100 g,100,True,Reference portion matching the stored per-100g nutrition basis.
fndds_butter_replacement_liquid_100g,fndds_butter_replacement_liquid,100 g,100,True,Reference portion matching the stored per-100g nutrition basis.
fndds_whipped_topping_100g,fndds_whipped_topping,100 g,100,True,Reference portion matching the stored per-100g nutrition basis.
fndds_cream_whipped_100g,fndds_cream_whipped,100 g,100,True,Reference portion matching the stored per-100g nutrition basis.
fndds_sour_cream_light_100g,fndds_sour_cream_light,100 g,100,True,Reference portion matching the stored per-100g nutrition basis.
fndds_sour_cream_regular_100g,fndds_sour_cream_regular,100 g,100,True,Reference portion matching the stored per-100g nutrition basis.
fndds_cream_cheese_light_100g,fndds_cream_cheese_light,100 g,100,True,Reference portion matching the stored per-100g nutrition basis.
fndds_sour_cream_fat_free_100g,fndds_sour_cream_fat_free,100 g,100,True,Reference portion matching the stored per-100g nutrition basis.
fndds_cream_light_100g,fndds_cream_light,100 g,100,True,Reference portion matching the stored per-100g nutrition basis.
fndds_cream_heavy_100g,fndds_cream_heavy,100 g,100,True,Reference portion matching the stored per-100g nutrition basis.
fndds_cream_half_and_half_100g,fndds_cream_half_and_half,100 g,100,True,Reference portion matching the stored per-100g nutrition basis.
fndds_coffee_creamer_liquid_100g,fndds_coffee_creamer_liquid,100 g,100,True,Reference portion matching the stored per-100g nutrition basis.
fndds_coffee_creamer_powder_100g,fndds_coffee_creamer_powder,100 g,100,True,Reference portion matching the stored per-100g nutrition basis.
fndds_coffee_creamer_soy_liquid_100g,fndds_coffee_creamer_soy_liquid,100 g,100,True,Reference portion matching the stored per-100g nutrition basis.
fndds_cream_half_and_half_flavored_100g,fndds_cream_half_and_half_flavored,100 g,100,True,Reference portion matching the stored per-100g nutrition basis.
fndds_tartar_sauce_100g,fndds_tartar_sauce,100 g,100,True,Reference portion matching the stored per-100g nutrition basis.
fndds_sandwich_spread_100g,fndds_sandwich_spread,100 g,100,True,Reference portion matching the stored per-100g nutrition basis.
fndds_vegan_mayonnaise_100g,fndds_vegan_mayonnaise,100 g,100,True,Reference portion matching the stored per-100g nutrition basis.
fndds_mayonnaise_light_100g,fndds_mayonnaise_light,100 g,100,True,Reference portion matching the stored per-100g nutrition basis.
fndds_mayonnaise_regular_100g,fndds_mayonnaise_regular,100 g,100,True,Reference portion matching the stored per-100g nutrition basis.
fndds_corn_oil_100g,fndds_corn_oil,100 g,100,True,Reference portion matching the stored per-100g nutrition basis.
fndds_olive_oil_100g,fndds_olive_oil,100 g,100,True,Reference portion matching the stored per-100g nutrition basis.
fndds_almond_oil_100g,fndds_almond_oil,100 g,100,True,Reference portion matching the stored per-100g nutrition basis.
fndds_peanut_oil_100g,fndds_peanut_oil,100 g,100,True,Reference portion matching the stored per-100g nutrition basis.
fndds_canola_oil_100g,fndds_canola_oil,100 g,100,True,Reference portion matching the stored per-100g nutrition basis.
fndds_sesame_oil_100g,fndds_sesame_oil,100 g,100,True,Reference portion matching the stored per-100g nutrition basis.
fndds_walnut_oil_100g,fndds_walnut_oil,100 g,100,True,Reference portion matching the stored per-100g nutrition basis.
fndds_soybean_oil_100g,fndds_soybean_oil,100 g,100,True,Reference portion matching the stored per-100g nutrition basis.
fndds_flaxseed_oil_100g,fndds_flaxseed_oil,100 g,100,True,Reference portion matching the stored per-100g nutrition basis.
fndds_safflower_oil_100g,fndds_safflower_oil,100 g,100,True,Reference portion matching the stored per-100g nutrition basis.
fndds_sunflower_oil_100g,fndds_sunflower_oil,100 g,100,True,Reference portion matching the stored per-100g nutrition basis.
fndds_cottonseed_oil_100g,fndds_cottonseed_oil,100 g,100,True,Reference portion matching the stored per-100g nutrition basis.
fndds_taco_sauce_100g,fndds_taco_sauce,100 g,100,True,Reference portion matching the stored per-100g nutrition basis.
fndds_steak_sauce_100g,fndds_steak_sauce,100 g,100,True,Reference portion matching the stored per-100g nutrition basis.
fndds_salsa_red_100g,fndds_salsa_red,100 g,100,True,Reference portion matching the stored per-100g nutrition basis.
fndds_barbecue_sauce_100g,fndds_barbecue_sauce,100 g,100,True,Reference portion matching the stored per-100g nutrition basis.
fndds_cocktail_sauce_100g,fndds_cocktail_sauce,100 g,100,True,Reference portion matching the stored per-100g nutrition basis.
fndds_miso_100g,fndds_miso,100 g,100,True,Reference portion matching the stored per-100g nutrition basis.
fndds_natto_100g,fndds_natto,100 g,100,True,Reference portion matching the stored per-100g nutrition basis.
fndds_soy_sauce_100g,fndds_soy_sauce,100 g,100,True,Reference portion matching the stored per-100g nutrition basis.
fndds_fish_sauce_100g,fndds_fish_sauce,100 g,100,True,Reference portion matching the stored per-100g nutrition basis.
fndds_miso_sauce_100g,fndds_miso_sauce,100 g,100,True,Reference portion matching the stored per-100g nutrition basis.
fndds_chutney_100g,fndds_chutney,100 g,100,True,Reference portion matching the stored per-100g nutrition basis.
fndds_vinegar_100g,fndds_vinegar,100 g,100,True,Reference portion matching the stored per-100g nutrition basis.
fndds_pimiento_100g,fndds_pimiento,100 g,100,True,Reference portion matching the stored per-100g nutrition basis.
fndds_fry_sauce_100g,fndds_fry_sauce,100 g,100,True,Reference portion matching the stored per-100g nutrition basis.
fndds_duck_sauce_100g,fndds_duck_sauce,100 g,100,True,Reference portion matching the stored per-100g nutrition basis.
fndds_horseradish_100g,fndds_horseradish,100 g,100,True,Reference portion matching the stored per-100g nutrition basis.
fndds_wasabi_paste_100g,fndds_wasabi_paste,100 g,100,True,Reference portion matching the stored per-100g nutrition basis.
fndds_buffalo_sauce_100g,fndds_buffalo_sauce,100 g,100,True,Reference portion matching the stored per-100g nutrition basis.
fndds_kimchi_100g,fndds_kimchi,100 g,100,True,Reference portion matching the stored per-100g nutrition basis.
fndds_sauerkraut_100g,fndds_sauerkraut,100 g,100,True,Reference portion matching the stored per-100g nutrition basis.
fndds_olive_tapenade_100g,fndds_olive_tapenade,100 g,100,True,Reference portion matching the stored per-100g nutrition basis.
fndds_relish_corn_100g,fndds_relish_corn,100 g,100,True,Reference portion matching the stored per-100g nutrition basis.
fndds_pickles_dill_100g,fndds_pickles_dill,100 g,100,True,Reference portion matching the stored per-100g nutrition basis.
fndds_okra_pickled_100g,fndds_okra_pickled,100 g,100,True,Reference portion matching the stored per-100g nutrition basis.
fndds_olives_green_100g,fndds_olives_green,100 g,100,True,Reference portion matching the stored per-100g nutrition basis.
fndds_olives_black_100g,fndds_olives_black,100 g,100,True,Reference portion matching the stored per-100g nutrition basis.
fndds_beets_pickled_100g,fndds_beets_pickled,100 g,100,True,Reference portion matching the stored per-100g nutrition basis.
fndds_spaghetti_sauce_100g,fndds_spaghetti_sauce,100 g,100,True,Reference portion matching the stored per-100g nutrition basis.
fndds_spaghetti_sauce_with_meat_100g,fndds_spaghetti_sauce_with_meat,100 g,100,True,Reference portion matching the stored per-100g nutrition basis.
fndds_spaghetti_sauce_with_poultry_100g,fndds_spaghetti_sauce_with_poultry,100 g,100,True,Reference portion matching the stored per-100g nutrition basis.
fndds_spaghetti_sauce_with_seafood_100g,fndds_spaghetti_sauce_with_seafood,100 g,100,True,Reference portion matching the stored per-100g nutrition basis.
fndds_spaghetti_sauce_fat_free_100g,fndds_spaghetti_sauce_fat_free,100 g,100,True,Reference portion matching the stored per-100g nutrition basis.
fndds_layer_dip_100g,fndds_layer_dip,100 g,100,True,Reference portion matching the stored per-100g nutrition basis.
fndds_cheese_dip_100g,fndds_cheese_dip,100 g,100,True,Reference portion matching the stored per-100g nutrition basis.
fndds_mole_sauce_100g,fndds_mole_sauce,100 g,100,True,Reference portion matching the stored per-100g nutrition basis.
fndds_seafood_dip_100g,fndds_seafood_dip,100 g,100,True,Reference portion matching the stored per-100g nutrition basis.
fndds_pesto_sauce_100g,fndds_pesto_sauce,100 g,100,True,Reference portion matching the stored per-100g nutrition basis.
fndds_curry_sauce_100g,fndds_curry_sauce,100 g,100,True,Reference portion matching the stored per-100g nutrition basis.
fndds_tzatziki_dip_100g,fndds_tzatziki_dip,100 g,100,True,Reference portion matching the stored per-100g nutrition basis.
fndds_cheese_sauce_100g,fndds_cheese_sauce,100 g,100,True,Reference portion matching the stored per-100g nutrition basis.
fndds_peanut_sauce_100g,fndds_peanut_sauce,100 g,100,True,Reference portion matching the stored per-100g nutrition basis.
fndds_eggplant_dip_100g,fndds_eggplant_dip,100 g,100,True,Reference portion matching the stored per-100g nutrition basis.
fndds_garlic_sauce_100g,fndds_garlic_sauce,100 g,100,True,Reference portion matching the stored per-100g nutrition basis.
fndds_artichoke_dip_100g,fndds_artichoke_dip,100 g,100,True,Reference portion matching the stored per-100g nutrition basis.
fndds_cheese_fondue_100g,fndds_cheese_fondue,100 g,100,True,Reference portion matching the stored per-100g nutrition basis.
fndds_honey_100g,fndds_honey,100 g,100,True,Reference portion matching the stored per-100g nutrition basis.
fndds_molasses_100g,fndds_molasses,100 g,100,True,Reference portion matching the stored per-100g nutrition basis.
fndds_sugar_brown_100g,fndds_sugar_brown,100 g,100,True,Reference portion matching the stored per-100g nutrition basis.
fndds_sugar_cinnamon_100g,fndds_sugar_cinnamon,100 g,100,True,Reference portion matching the stored per-100g nutrition basis.
fndds_sugar_substitute_and_sugar_blend_100g,fndds_sugar_substitute_and_sugar_blend,100 g,100,True,Reference portion matching the stored per-100g nutrition basis.
fndds_sugar_substitute_stevia_powder_100g,fndds_sugar_substitute_stevia_powder,100 g,100,True,Reference portion matching the stored per-100g nutrition basis.
fndds_sugar_substitute_stevia_liquid_100g,fndds_sugar_substitute_stevia_liquid,100 g,100,True,Reference portion matching the stored per-100g nutrition basis.
fndds_sugar_substitute_sucralose_powder_100g,fndds_sugar_substitute_sucralose_powder,100 g,100,True,Reference portion matching the stored per-100g nutrition basis.
fndds_sugar_substitute_saccharin_powder_100g,fndds_sugar_substitute_saccharin_powder,100 g,100,True,Reference portion matching the stored per-100g nutrition basis.
fndds_jam_100g,fndds_jam,100 g,100,True,Reference portion matching the stored per-100g nutrition basis.
fndds_jelly_100g,fndds_jelly,100 g,100,True,Reference portion matching the stored per-100g nutrition basis.
fndds_marmalade_100g,fndds_marmalade,100 g,100,True,Reference portion matching the stored per-100g nutrition basis.
fndds_corn_syrup_100g,fndds_corn_syrup,100 g,100,True,Reference portion matching the stored per-100g nutrition basis.
fndds_dessert_dip_100g,fndds_dessert_dip,100 g,100,True,Reference portion matching the stored per-100g nutrition basis.
fndds_guava_paste_100g,fndds_guava_paste,100 g,100,True,Reference portion matching the stored per-100g nutrition basis.
fndds_simple_syrup_100g,fndds_simple_syrup,100 g,100,True,Reference portion matching the stored per-100g nutrition basis.
fndds_fruit_butter_100g,fndds_fruit_butter,100 g,100,True,Reference portion matching the stored per-100g nutrition basis.
fndds_pancake_syrup_100g,fndds_pancake_syrup,100 g,100,True,Reference portion matching the stored per-100g nutrition basis.
fndds_chocolate_dip_100g,fndds_chocolate_dip,100 g,100,True,Reference portion matching the stored per-100g nutrition basis.
fndds_nutritional_powder_mix_isopure_100g,fndds_nutritional_powder_mix_isopure,100 g,100,True,Reference portion matching the stored per-100g nutrition basis.
fndds_nutritional_powder_mix_slim_fast_100g,fndds_nutritional_powder_mix_slim_fast,100 g,100,True,Reference portion matching the stored per-100g nutrition basis.
fndds_nutritional_powder_mix_muscle_milk_100g,fndds_nutritional_powder_mix_muscle_milk,100 g,100,True,Reference portion matching the stored per-100g nutrition basis.
fndds_nutritional_powder_mix_light_muscle_milk_100g,fndds_nutritional_powder_mix_light_muscle_milk,100 g,100,True,Reference portion matching the stored per-100g nutrition basis.
fndds_nutritional_powder_mix_eas_soy_protein_powder_100g,fndds_nutritional_powder_mix_eas_soy_protein_powder,100 g,100,True,Reference portion matching the stored per-100g nutrition basis.
