food_key,source_type,source_reference,source_note,source_review_status
almonds_dry_roasted,legacy_mazaj_dataset,,Original row source identifier was not preserved in the supplied dataset.,SOURCE_REFERENCE_REQUIRED
american_cheese,legacy_mazaj_dataset,,Original row source identifier was not preserved in the supplied dataset.,SOURCE_REFERENCE_REQUIRED
american_cheese_restaurant,legacy_mazaj_dataset,,Original row source identifier was not preserved in the supplied dataset.,SOURCE_REFERENCE_REQUIRED
apple,legacy_mazaj_dataset,,Original row source identifier was not preserved in the supplied dataset.,SOURCE_REFERENCE_REQUIRED
apple_fuji,legacy_mazaj_dataset,,Original row source identifier was not preserved in the supplied dataset.,SOURCE_REFERENCE_REQUIRED
apple_gala,legacy_mazaj_dataset,,Original row source identifier was not preserved in the supplied dataset.,SOURCE_REFERENCE_REQUIRED
apple_granny_smith,legacy_mazaj_dataset,,Original row source identifier was not preserved in the supplied dataset.,SOURCE_REFERENCE_REQUIRED
apple_honeycrisp,legacy_mazaj_dataset,,Original row source identifier was not preserved in the supplied dataset.,SOURCE_REFERENCE_REQUIRED
apple_juice,legacy_mazaj_dataset,,Original row source identifier was not preserved in the supplied dataset.,SOURCE_REFERENCE_REQUIRED
apple_red_delicious,legacy_mazaj_dataset,,Original row source identifier was not preserved in the supplied dataset.,SOURCE_REFERENCE_REQUIRED
avocado,legacy_mazaj_dataset,,Original row source identifier was not preserved in the supplied dataset.,SOURCE_REFERENCE_REQUIRED
bacon_cooked,legacy_mazaj_dataset,,Original row source identifier was not preserved in the supplied dataset.,SOURCE_REFERENCE_REQUIRED
baladi_bread,legacy_mazaj_dataset,,Original row source identifier was not preserved in the supplied dataset.,SOURCE_REFERENCE_REQUIRED
banana,legacy_mazaj_dataset,,Original row source identifier was not preserved in the supplied dataset.,SOURCE_REFERENCE_REQUIRED
banana_overripe,legacy_mazaj_dataset,,Original row source identifier was not preserved in the supplied dataset.,SOURCE_REFERENCE_REQUIRED
banana_ripe,legacy_mazaj_dataset,,Original row source identifier was not preserved in the supplied dataset.,SOURCE_REFERENCE_REQUIRED
basbousa,legacy_mazaj_dataset,,Original row source identifier was not preserved in the supplied dataset.,SOURCE_REFERENCE_REQUIRED
bean_pupusas,legacy_mazaj_dataset,,Original row source identifier was not preserved in the supplied dataset.,SOURCE_REFERENCE_REQUIRED
beans_black,legacy_mazaj_dataset,,Original row source identifier was not preserved in the supplied dataset.,SOURCE_REFERENCE_REQUIRED
beans_kidney,legacy_mazaj_dataset,,Original row source identifier was not preserved in the supplied dataset.,SOURCE_REFERENCE_REQUIRED
beef_breakfast_sausage,legacy_mazaj_dataset,,Original row source identifier was not preserved in the supplied dataset.,SOURCE_REFERENCE_REQUIRED
beef_eye_round_raw,legacy_mazaj_dataset,,Original row source identifier was not preserved in the supplied dataset.,SOURCE_REFERENCE_REQUIRED
beef_hot_dog,legacy_mazaj_dataset,,Original row source identifier was not preserved in the supplied dataset.,SOURCE_REFERENCE_REQUIRED
beef_kebab,legacy_mazaj_dataset,,Original row source identifier was not preserved in the supplied dataset.,SOURCE_REFERENCE_REQUIRED
beef_steak_grilled,legacy_mazaj_dataset,,Original row source identifier was not preserved in the supplied dataset.,SOURCE_REFERENCE_REQUIRED
beef_tenderloin_roasted,legacy_mazaj_dataset,,Original row source identifier was not preserved in the supplied dataset.,SOURCE_REFERENCE_REQUIRED
beef_top_loin_steak,legacy_mazaj_dataset,,Original row source identifier was not preserved in the supplied dataset.,SOURCE_REFERENCE_REQUIRED
beef_top_round_raw,legacy_mazaj_dataset,,Original row source identifier was not preserved in the supplied dataset.,SOURCE_REFERENCE_REQUIRED
biryani_chicken,curated_common_average,,"Approximate common prepared-food average per 100 g, added for image/text lookup coverage only.",REVIEW_REQUIRED_BEFORE_RECOMMENDATION_OR_PLAN
blueberries,legacy_mazaj_dataset,,Original row source identifier was not preserved in the supplied dataset.,SOURCE_REFERENCE_REQUIRED
boiled_egg,legacy_mazaj_dataset,,Original row source identifier was not preserved in the supplied dataset.,SOURCE_REFERENCE_REQUIRED
bread_white,legacy_mazaj_dataset,,Original row source identifier was not preserved in the supplied dataset.,SOURCE_REFERENCE_REQUIRED
bread_whole_wheat,legacy_mazaj_dataset,,Original row source identifier was not preserved in the supplied dataset.,SOURCE_REFERENCE_REQUIRED
broccoli_raw,legacy_mazaj_dataset,,Original row source identifier was not preserved in the supplied dataset.,SOURCE_REFERENCE_REQUIRED
broccoli_steamed,legacy_mazaj_dataset,,Original row source identifier was not preserved in the supplied dataset.,SOURCE_REFERENCE_REQUIRED
burger_beef,legacy_mazaj_dataset,,Original row source identifier was not preserved in the supplied dataset.,SOURCE_REFERENCE_REQUIRED
cake_chocolate,legacy_mazaj_dataset,,Original row source identifier was not preserved in the supplied dataset.,SOURCE_REFERENCE_REQUIRED
calamari_fried,legacy_mazaj_dataset,,Original row source identifier was not preserved in the supplied dataset.,SOURCE_REFERENCE_REQUIRED
candy_gummy,legacy_mazaj_dataset,,Original row source identifier was not preserved in the supplied dataset.,SOURCE_REFERENCE_REQUIRED
cantaloupe_raw,legacy_mazaj_dataset,,Original row source identifier was not preserved in the supplied dataset.,SOURCE_REFERENCE_REQUIRED
carrots_frozen,legacy_mazaj_dataset,,Original row source identifier was not preserved in the supplied dataset.,SOURCE_REFERENCE_REQUIRED
carrots_raw,legacy_mazaj_dataset,,Original row source identifier was not preserved in the supplied dataset.,SOURCE_REFERENCE_REQUIRED
cereal_cornflakes,legacy_mazaj_dataset,,Original row source identifier was not preserved in the supplied dataset.,SOURCE_REFERENCE_REQUIRED
cheddar_cheese,legacy_mazaj_dataset,,Original row source identifier was not preserved in the supplied dataset.,SOURCE_REFERENCE_REQUIRED
chicken_breast_cooked,legacy_mazaj_dataset,,Original row source identifier was not preserved in the supplied dataset.,SOURCE_REFERENCE_REQUIRED
chicken_breast_grilled,legacy_mazaj_dataset,,Original row source identifier was not preserved in the supplied dataset.,SOURCE_REFERENCE_REQUIRED
chicken_drumstick_cooked,legacy_mazaj_dataset,,Original row source identifier was not preserved in the supplied dataset.,SOURCE_REFERENCE_REQUIRED
chicken_fried,legacy_mazaj_dataset,,Original row source identifier was not preserved in the supplied dataset.,SOURCE_REFERENCE_REQUIRED
chicken_nuggets,legacy_mazaj_dataset,,Original row source identifier was not preserved in the supplied dataset.,SOURCE_REFERENCE_REQUIRED
chicken_shawarma,legacy_mazaj_dataset,,Original row source identifier was not preserved in the supplied dataset.,SOURCE_REFERENCE_REQUIRED
chicken_with_rice,curated_common_average,,"Approximate common prepared-food average per 100 g, added for image/text lookup coverage only.",REVIEW_REQUIRED_BEFORE_RECOMMENDATION_OR_PLAN
chickpeas_cooked,legacy_mazaj_dataset,,Original row source identifier was not preserved in the supplied dataset.,SOURCE_REFERENCE_REQUIRED
chocolate_bar,legacy_mazaj_dataset,,Original row source identifier was not preserved in the supplied dataset.,SOURCE_REFERENCE_REQUIRED
chorizo_pork,legacy_mazaj_dataset,,Original row source identifier was not preserved in the supplied dataset.,SOURCE_REFERENCE_REQUIRED
coconut_oil,legacy_mazaj_dataset,,Original row source identifier was not preserved in the supplied dataset.,SOURCE_REFERENCE_REQUIRED
cod_baked,legacy_mazaj_dataset,,Original row source identifier was not preserved in the supplied dataset.,SOURCE_REFERENCE_REQUIRED
coffee_black,legacy_mazaj_dataset,,Original row source identifier was not preserved in the supplied dataset.,SOURCE_REFERENCE_REQUIRED
coffee_milk_sugar,legacy_mazaj_dataset,,Original row source identifier was not preserved in the supplied dataset.,SOURCE_REFERENCE_REQUIRED
cola_diet,legacy_mazaj_dataset,,Original row source identifier was not preserved in the supplied dataset.,SOURCE_REFERENCE_REQUIRED
cola_regular,legacy_mazaj_dataset,,Original row source identifier was not preserved in the supplied dataset.,SOURCE_REFERENCE_REQUIRED
cookies_chocolate_chip,legacy_mazaj_dataset,,Original row source identifier was not preserved in the supplied dataset.,SOURCE_REFERENCE_REQUIRED
corn_cooked,legacy_mazaj_dataset,,Original row source identifier was not preserved in the supplied dataset.,SOURCE_REFERENCE_REQUIRED
cottage_cheese_lowfat,legacy_mazaj_dataset,,Original row source identifier was not preserved in the supplied dataset.,SOURCE_REFERENCE_REQUIRED
couscous_cooked,legacy_mazaj_dataset,,Original row source identifier was not preserved in the supplied dataset.,SOURCE_REFERENCE_REQUIRED
cream_cheese,legacy_mazaj_dataset,,Original row source identifier was not preserved in the supplied dataset.,SOURCE_REFERENCE_REQUIRED
cucumber,legacy_mazaj_dataset,,Original row source identifier was not preserved in the supplied dataset.,SOURCE_REFERENCE_REQUIRED
dark_chocolate,legacy_mazaj_dataset,,Original row source identifier was not preserved in the supplied dataset.,SOURCE_REFERENCE_REQUIRED
dates,legacy_mazaj_dataset,,Original row source identifier was not preserved in the supplied dataset.,SOURCE_REFERENCE_REQUIRED
deli_ham,legacy_mazaj_dataset,,Original row source identifier was not preserved in the supplied dataset.,SOURCE_REFERENCE_REQUIRED
diced_tomatoes_canned,legacy_mazaj_dataset,,Original row source identifier was not preserved in the supplied dataset.,SOURCE_REFERENCE_REQUIRED
dill_pickles,legacy_mazaj_dataset,,Original row source identifier was not preserved in the supplied dataset.,SOURCE_REFERENCE_REQUIRED
donut_glazed,legacy_mazaj_dataset,,Original row source identifier was not preserved in the supplied dataset.,SOURCE_REFERENCE_REQUIRED
egg_white_dried,legacy_mazaj_dataset,,Original row source identifier was not preserved in the supplied dataset.,SOURCE_REFERENCE_REQUIRED
egg_white_raw,legacy_mazaj_dataset,,Original row source identifier was not preserved in the supplied dataset.,SOURCE_REFERENCE_REQUIRED
egg_whole_dried,legacy_mazaj_dataset,,Original row source identifier was not preserved in the supplied dataset.,SOURCE_REFERENCE_REQUIRED
egg_whole_raw,legacy_mazaj_dataset,,Original row source identifier was not preserved in the supplied dataset.,SOURCE_REFERENCE_REQUIRED
egg_yolk_dried,legacy_mazaj_dataset,,Original row source identifier was not preserved in the supplied dataset.,SOURCE_REFERENCE_REQUIRED
egg_yolk_raw,legacy_mazaj_dataset,,Original row source identifier was not preserved in the supplied dataset.,SOURCE_REFERENCE_REQUIRED
energy_drink,legacy_mazaj_dataset,,Original row source identifier was not preserved in the supplied dataset.,SOURCE_REFERENCE_REQUIRED
falafel,legacy_mazaj_dataset,,Original row source identifier was not preserved in the supplied dataset.,SOURCE_REFERENCE_REQUIRED
falafel_taameya,legacy_mazaj_dataset,,Original row source identifier was not preserved in the supplied dataset.,SOURCE_REFERENCE_REQUIRED
fatta_egyptian,curated_common_average,,"Approximate common prepared-food average per 100 g, added for image/text lookup coverage only.",REVIEW_REQUIRED_BEFORE_RECOMMENDATION_OR_PLAN
feta_cheese,legacy_mazaj_dataset,,Original row source identifier was not preserved in the supplied dataset.,SOURCE_REFERENCE_REQUIRED
figs_dried,legacy_mazaj_dataset,,Original row source identifier was not preserved in the supplied dataset.,SOURCE_REFERENCE_REQUIRED
fish_baked,legacy_mazaj_dataset,,Original row source identifier was not preserved in the supplied dataset.,SOURCE_REFERENCE_REQUIRED
fish_fried,legacy_mazaj_dataset,,Original row source identifier was not preserved in the supplied dataset.,SOURCE_REFERENCE_REQUIRED
fish_with_rice,curated_common_average,,"Approximate common prepared-food average per 100 g, added for image/text lookup coverage only.",REVIEW_REQUIRED_BEFORE_RECOMMENDATION_OR_PLAN
flour_ap_bleached,legacy_mazaj_dataset,,Original row source identifier was not preserved in the supplied dataset.,SOURCE_REFERENCE_REQUIRED
flour_ap_unbleached,legacy_mazaj_dataset,,Original row source identifier was not preserved in the supplied dataset.,SOURCE_REFERENCE_REQUIRED
flour_ap_unenriched,legacy_mazaj_dataset,,Original row source identifier was not preserved in the supplied dataset.,SOURCE_REFERENCE_REQUIRED
flour_bread_white,legacy_mazaj_dataset,,Original row source identifier was not preserved in the supplied dataset.,SOURCE_REFERENCE_REQUIRED
flour_corn_yellow,legacy_mazaj_dataset,,Original row source identifier was not preserved in the supplied dataset.,SOURCE_REFERENCE_REQUIRED
flour_pastry,legacy_mazaj_dataset,,Original row source identifier was not preserved in the supplied dataset.,SOURCE_REFERENCE_REQUIRED
flour_rice_brown,legacy_mazaj_dataset,,Original row source identifier was not preserved in the supplied dataset.,SOURCE_REFERENCE_REQUIRED
flour_rice_glutinous,legacy_mazaj_dataset,,Original row source identifier was not preserved in the supplied dataset.,SOURCE_REFERENCE_REQUIRED
flour_rice_white,legacy_mazaj_dataset,,Original row source identifier was not preserved in the supplied dataset.,SOURCE_REFERENCE_REQUIRED
flour_soy_defatted,legacy_mazaj_dataset,,Original row source identifier was not preserved in the supplied dataset.,SOURCE_REFERENCE_REQUIRED
flour_soy_full_fat,legacy_mazaj_dataset,,Original row source identifier was not preserved in the supplied dataset.,SOURCE_REFERENCE_REQUIRED
flour_whole_wheat,legacy_mazaj_dataset,,Original row source identifier was not preserved in the supplied dataset.,SOURCE_REFERENCE_REQUIRED
foul_medames,legacy_mazaj_dataset,,Original row source identifier was not preserved in the supplied dataset.,SOURCE_REFERENCE_REQUIRED
french_fries,legacy_mazaj_dataset,,Original row source identifier was not preserved in the supplied dataset.,SOURCE_REFERENCE_REQUIRED
fried_chicken_piece,legacy_mazaj_dataset,,Original row source identifier was not preserved in the supplied dataset.,SOURCE_REFERENCE_REQUIRED
fried_rice_chinese,legacy_mazaj_dataset,,Original row source identifier was not preserved in the supplied dataset.,SOURCE_REFERENCE_REQUIRED
garlic_raw,legacy_mazaj_dataset,,Original row source identifier was not preserved in the supplied dataset.,SOURCE_REFERENCE_REQUIRED
granola_bar,legacy_mazaj_dataset,,Original row source identifier was not preserved in the supplied dataset.,SOURCE_REFERENCE_REQUIRED
granulated_sugar,legacy_mazaj_dataset,,Original row source identifier was not preserved in the supplied dataset.,SOURCE_REFERENCE_REQUIRED
grapefruit_juice,legacy_mazaj_dataset,,Original row source identifier was not preserved in the supplied dataset.,SOURCE_REFERENCE_REQUIRED
grapes,legacy_mazaj_dataset,,Original row source identifier was not preserved in the supplied dataset.,SOURCE_REFERENCE_REQUIRED
greek_yogurt_plain,legacy_mazaj_dataset,,Original row source identifier was not preserved in the supplied dataset.,SOURCE_REFERENCE_REQUIRED
greek_yogurt_strawberry,legacy_mazaj_dataset,,Original row source identifier was not preserved in the supplied dataset.,SOURCE_REFERENCE_REQUIRED
green_beans_canned,legacy_mazaj_dataset,,Original row source identifier was not preserved in the supplied dataset.,SOURCE_REFERENCE_REQUIRED
green_olives,legacy_mazaj_dataset,,Original row source identifier was not preserved in the supplied dataset.,SOURCE_REFERENCE_REQUIRED
grilled_fish,legacy_mazaj_dataset,,Original row source identifier was not preserved in the supplied dataset.,SOURCE_REFERENCE_REQUIRED
ground_turkey_93_lean,legacy_mazaj_dataset,,Original row source identifier was not preserved in the supplied dataset.,SOURCE_REFERENCE_REQUIRED
haddock_raw,legacy_mazaj_dataset,,Original row source identifier was not preserved in the supplied dataset.,SOURCE_REFERENCE_REQUIRED
ham_restaurant,legacy_mazaj_dataset,,Original row source identifier was not preserved in the supplied dataset.,SOURCE_REFERENCE_REQUIRED
hawawshi,legacy_mazaj_dataset,,Original row source identifier was not preserved in the supplied dataset.,SOURCE_REFERENCE_REQUIRED
hot_dog,legacy_mazaj_dataset,,Original row source identifier was not preserved in the supplied dataset.,SOURCE_REFERENCE_REQUIRED
hummus,legacy_mazaj_dataset,,Original row source identifier was not preserved in the supplied dataset.,SOURCE_REFERENCE_REQUIRED
ice_cream_vanilla,legacy_mazaj_dataset,,Original row source identifier was not preserved in the supplied dataset.,SOURCE_REFERENCE_REQUIRED
italian_pork_sausage,legacy_mazaj_dataset,,Original row source identifier was not preserved in the supplied dataset.,SOURCE_REFERENCE_REQUIRED
kabsa_chicken,curated_common_average,,"Approximate common prepared-food average per 100 g, added for image/text lookup coverage only.",REVIEW_REQUIRED_BEFORE_RECOMMENDATION_OR_PLAN
kale_frozen_cooked,legacy_mazaj_dataset,,Original row source identifier was not preserved in the supplied dataset.,SOURCE_REFERENCE_REQUIRED
kale_raw,legacy_mazaj_dataset,,Original row source identifier was not preserved in the supplied dataset.,SOURCE_REFERENCE_REQUIRED
kebab_grilled,legacy_mazaj_dataset,,Original row source identifier was not preserved in the supplied dataset.,SOURCE_REFERENCE_REQUIRED
ketchup,legacy_mazaj_dataset,,Original row source identifier was not preserved in the supplied dataset.,SOURCE_REFERENCE_REQUIRED
kiwi,legacy_mazaj_dataset,,Original row source identifier was not preserved in the supplied dataset.,SOURCE_REFERENCE_REQUIRED
kiwi_raw,legacy_mazaj_dataset,,Original row source identifier was not preserved in the supplied dataset.,SOURCE_REFERENCE_REQUIRED
kofta_grilled,legacy_mazaj_dataset,,Original row source identifier was not preserved in the supplied dataset.,SOURCE_REFERENCE_REQUIRED
koshari,legacy_mazaj_dataset,,Original row source identifier was not preserved in the supplied dataset.,SOURCE_REFERENCE_REQUIRED
kunafa,legacy_mazaj_dataset,,Original row source identifier was not preserved in the supplied dataset.,SOURCE_REFERENCE_REQUIRED
labneh,legacy_mazaj_dataset,,Original row source identifier was not preserved in the supplied dataset.,SOURCE_REFERENCE_REQUIRED
lamb_chop_grilled,legacy_mazaj_dataset,,Original row source identifier was not preserved in the supplied dataset.,SOURCE_REFERENCE_REQUIRED
lamb_shank_cooked,curated_common_average,,"Approximate common prepared-food average per 100 g, added for image/text lookup coverage only.",REVIEW_REQUIRED_BEFORE_RECOMMENDATION_OR_PLAN
lamb_with_rice,curated_common_average,,"Approximate common prepared-food average per 100 g, added for image/text lookup coverage only.",REVIEW_REQUIRED_BEFORE_RECOMMENDATION_OR_PLAN
large_egg_white,legacy_mazaj_dataset,,Original row source identifier was not preserved in the supplied dataset.,SOURCE_REFERENCE_REQUIRED
large_egg_whole,legacy_mazaj_dataset,,Original row source identifier was not preserved in the supplied dataset.,SOURCE_REFERENCE_REQUIRED
large_egg_yolk,legacy_mazaj_dataset,,Original row source identifier was not preserved in the supplied dataset.,SOURCE_REFERENCE_REQUIRED
lasagna,legacy_mazaj_dataset,,Original row source identifier was not preserved in the supplied dataset.,SOURCE_REFERENCE_REQUIRED
lemonade,legacy_mazaj_dataset,,Original row source identifier was not preserved in the supplied dataset.,SOURCE_REFERENCE_REQUIRED
lentil_soup,legacy_mazaj_dataset,,Original row source identifier was not preserved in the supplied dataset.,SOURCE_REFERENCE_REQUIRED
lentils_cooked,legacy_mazaj_dataset,,Original row source identifier was not preserved in the supplied dataset.,SOURCE_REFERENCE_REQUIRED
lettuce,legacy_mazaj_dataset,,Original row source identifier was not preserved in the supplied dataset.,SOURCE_REFERENCE_REQUIRED
macaroni_bechamel,curated_common_average,,"Approximate common prepared-food average per 100 g, added for image/text lookup coverage only.",REVIEW_REQUIRED_BEFORE_RECOMMENDATION_OR_PLAN
mahshi,legacy_mazaj_dataset,,Original row source identifier was not preserved in the supplied dataset.,SOURCE_REFERENCE_REQUIRED
mandi_chicken,curated_common_average,,"Approximate common prepared-food average per 100 g, added for image/text lookup coverage only.",REVIEW_REQUIRED_BEFORE_RECOMMENDATION_OR_PLAN
mango,legacy_mazaj_dataset,,Original row source identifier was not preserved in the supplied dataset.,SOURCE_REFERENCE_REQUIRED
marinara_sauce,legacy_mazaj_dataset,,Original row source identifier was not preserved in the supplied dataset.,SOURCE_REFERENCE_REQUIRED
meatballs,legacy_mazaj_dataset,,Original row source identifier was not preserved in the supplied dataset.,SOURCE_REFERENCE_REQUIRED
milk_1_percent,legacy_mazaj_dataset,,Original row source identifier was not preserved in the supplied dataset.,SOURCE_REFERENCE_REQUIRED
milk_2_percent,legacy_mazaj_dataset,,Original row source identifier was not preserved in the supplied dataset.,SOURCE_REFERENCE_REQUIRED
milk_skim,legacy_mazaj_dataset,,Original row source identifier was not preserved in the supplied dataset.,SOURCE_REFERENCE_REQUIRED
milk_whole,legacy_mazaj_dataset,,Original row source identifier was not preserved in the supplied dataset.,SOURCE_REFERENCE_REQUIRED
mixed_salad,legacy_mazaj_dataset,,Original row source identifier was not preserved in the supplied dataset.,SOURCE_REFERENCE_REQUIRED
molokhia,legacy_mazaj_dataset,,Original row source identifier was not preserved in the supplied dataset.,SOURCE_REFERENCE_REQUIRED
mozzarella_cheese,legacy_mazaj_dataset,,Original row source identifier was not preserved in the supplied dataset.,SOURCE_REFERENCE_REQUIRED
nectarines_raw,legacy_mazaj_dataset,,Original row source identifier was not preserved in the supplied dataset.,SOURCE_REFERENCE_REQUIRED
nuts_mixed,legacy_mazaj_dataset,,Original row source identifier was not preserved in the supplied dataset.,SOURCE_REFERENCE_REQUIRED
oatmeal_raisin_cookies,legacy_mazaj_dataset,,Original row source identifier was not preserved in the supplied dataset.,SOURCE_REFERENCE_REQUIRED
oats_cooked,legacy_mazaj_dataset,,Original row source identifier was not preserved in the supplied dataset.,SOURCE_REFERENCE_REQUIRED
onion_rings_baked,legacy_mazaj_dataset,,Original row source identifier was not preserved in the supplied dataset.,SOURCE_REFERENCE_REQUIRED
orange,legacy_mazaj_dataset,,Original row source identifier was not preserved in the supplied dataset.,SOURCE_REFERENCE_REQUIRED
orange_juice,legacy_mazaj_dataset,,Original row source identifier was not preserved in the supplied dataset.,SOURCE_REFERENCE_REQUIRED
oranges_raw,legacy_mazaj_dataset,,Original row source identifier was not preserved in the supplied dataset.,SOURCE_REFERENCE_REQUIRED
parmesan_cheese,legacy_mazaj_dataset,,Original row source identifier was not preserved in the supplied dataset.,SOURCE_REFERENCE_REQUIRED
pasta_alfredo,legacy_mazaj_dataset,,Original row source identifier was not preserved in the supplied dataset.,SOURCE_REFERENCE_REQUIRED
pasta_cooked,legacy_mazaj_dataset,,Original row source identifier was not preserved in the supplied dataset.,SOURCE_REFERENCE_REQUIRED
peaches_raw,legacy_mazaj_dataset,,Original row source identifier was not preserved in the supplied dataset.,SOURCE_REFERENCE_REQUIRED
peanut_butter,legacy_mazaj_dataset,,Original row source identifier was not preserved in the supplied dataset.,SOURCE_REFERENCE_REQUIRED
peanuts,legacy_mazaj_dataset,,Original row source identifier was not preserved in the supplied dataset.,SOURCE_REFERENCE_REQUIRED
pear,legacy_mazaj_dataset,,Original row source identifier was not preserved in the supplied dataset.,SOURCE_REFERENCE_REQUIRED
pears_raw,legacy_mazaj_dataset,,Original row source identifier was not preserved in the supplied dataset.,SOURCE_REFERENCE_REQUIRED
peas_cooked,legacy_mazaj_dataset,,Original row source identifier was not preserved in the supplied dataset.,SOURCE_REFERENCE_REQUIRED
pineapple,legacy_mazaj_dataset,,Original row source identifier was not preserved in the supplied dataset.,SOURCE_REFERENCE_REQUIRED
pita_bread,legacy_mazaj_dataset,,Original row source identifier was not preserved in the supplied dataset.,SOURCE_REFERENCE_REQUIRED
pizza_slice,legacy_mazaj_dataset,,Original row source identifier was not preserved in the supplied dataset.,SOURCE_REFERENCE_REQUIRED
pollock_raw,legacy_mazaj_dataset,,Original row source identifier was not preserved in the supplied dataset.,SOURCE_REFERENCE_REQUIRED
popcorn_butter,legacy_mazaj_dataset,,Original row source identifier was not preserved in the supplied dataset.,SOURCE_REFERENCE_REQUIRED
popcorn_plain,legacy_mazaj_dataset,,Original row source identifier was not preserved in the supplied dataset.,SOURCE_REFERENCE_REQUIRED
pork_tamale,legacy_mazaj_dataset,,Original row source identifier was not preserved in the supplied dataset.,SOURCE_REFERENCE_REQUIRED
porterhouse_steak,legacy_mazaj_dataset,,Original row source identifier was not preserved in the supplied dataset.,SOURCE_REFERENCE_REQUIRED
potato_baked,legacy_mazaj_dataset,,Original row source identifier was not preserved in the supplied dataset.,SOURCE_REFERENCE_REQUIRED
potato_chips,legacy_mazaj_dataset,,Original row source identifier was not preserved in the supplied dataset.,SOURCE_REFERENCE_REQUIRED
queso_seco,legacy_mazaj_dataset,,Original row source identifier was not preserved in the supplied dataset.,SOURCE_REFERENCE_REQUIRED
quinoa_cooked,legacy_mazaj_dataset,,Original row source identifier was not preserved in the supplied dataset.,SOURCE_REFERENCE_REQUIRED
red_onion_raw,legacy_mazaj_dataset,,Original row source identifier was not preserved in the supplied dataset.,SOURCE_REFERENCE_REQUIRED
rice_brown_cooked,legacy_mazaj_dataset,,Original row source identifier was not preserved in the supplied dataset.,SOURCE_REFERENCE_REQUIRED
rice_pudding,legacy_mazaj_dataset,,Original row source identifier was not preserved in the supplied dataset.,SOURCE_REFERENCE_REQUIRED
rice_white_cooked,legacy_mazaj_dataset,,Original row source identifier was not preserved in the supplied dataset.,SOURCE_REFERENCE_REQUIRED
ricotta_cheese,legacy_mazaj_dataset,,Original row source identifier was not preserved in the supplied dataset.,SOURCE_REFERENCE_REQUIRED
roasted_lamb,curated_common_average,,"Approximate common prepared-food average per 100 g, added for image/text lookup coverage only.",REVIEW_REQUIRED_BEFORE_RECOMMENDATION_OR_PLAN
romaine_lettuce,legacy_mazaj_dataset,,Original row source identifier was not preserved in the supplied dataset.,SOURCE_REFERENCE_REQUIRED
salmon_grilled,legacy_mazaj_dataset,,Original row source identifier was not preserved in the supplied dataset.,SOURCE_REFERENCE_REQUIRED
salsa,legacy_mazaj_dataset,,Original row source identifier was not preserved in the supplied dataset.,SOURCE_REFERENCE_REQUIRED
sandwich_cheese,legacy_mazaj_dataset,,Original row source identifier was not preserved in the supplied dataset.,SOURCE_REFERENCE_REQUIRED
sandwich_turkey,legacy_mazaj_dataset,,Original row source identifier was not preserved in the supplied dataset.,SOURCE_REFERENCE_REQUIRED
sardines_canned,legacy_mazaj_dataset,,Original row source identifier was not preserved in the supplied dataset.,SOURCE_REFERENCE_REQUIRED
sausage_beef,legacy_mazaj_dataset,,Original row source identifier was not preserved in the supplied dataset.,SOURCE_REFERENCE_REQUIRED
scrambled_egg,legacy_mazaj_dataset,,Original row source identifier was not preserved in the supplied dataset.,SOURCE_REFERENCE_REQUIRED
sea_bass_grilled,legacy_mazaj_dataset,,Original row source identifier was not preserved in the supplied dataset.,SOURCE_REFERENCE_REQUIRED
shawarma_chicken,legacy_mazaj_dataset,,Original row source identifier was not preserved in the supplied dataset.,SOURCE_REFERENCE_REQUIRED
shrimp_cooked,legacy_mazaj_dataset,,Original row source identifier was not preserved in the supplied dataset.,SOURCE_REFERENCE_REQUIRED
smoothie_fruit,legacy_mazaj_dataset,,Original row source identifier was not preserved in the supplied dataset.,SOURCE_REFERENCE_REQUIRED
soup_chicken,legacy_mazaj_dataset,,Original row source identifier was not preserved in the supplied dataset.,SOURCE_REFERENCE_REQUIRED
spaghetti_tomato_sauce,legacy_mazaj_dataset,,Original row source identifier was not preserved in the supplied dataset.,SOURCE_REFERENCE_REQUIRED
sparkling_water,legacy_mazaj_dataset,,Original row source identifier was not preserved in the supplied dataset.,SOURCE_REFERENCE_REQUIRED
spinach,legacy_mazaj_dataset,,Original row source identifier was not preserved in the supplied dataset.,SOURCE_REFERENCE_REQUIRED
sports_drink,legacy_mazaj_dataset,,Original row source identifier was not preserved in the supplied dataset.,SOURCE_REFERENCE_REQUIRED
strawberries,legacy_mazaj_dataset,,Original row source identifier was not preserved in the supplied dataset.,SOURCE_REFERENCE_REQUIRED
strawberries_raw,legacy_mazaj_dataset,,Original row source identifier was not preserved in the supplied dataset.,SOURCE_REFERENCE_REQUIRED
sunflower_seeds,legacy_mazaj_dataset,,Original row source identifier was not preserved in the supplied dataset.,SOURCE_REFERENCE_REQUIRED
sweet_potato_baked,legacy_mazaj_dataset,,Original row source identifier was not preserved in the supplied dataset.,SOURCE_REFERENCE_REQUIRED
sweet_sour_pork,legacy_mazaj_dataset,,Original row source identifier was not preserved in the supplied dataset.,SOURCE_REFERENCE_REQUIRED
swiss_cheese,legacy_mazaj_dataset,,Original row source identifier was not preserved in the supplied dataset.,SOURCE_REFERENCE_REQUIRED
tbone_steak_grilled,legacy_mazaj_dataset,,Original row source identifier was not preserved in the supplied dataset.,SOURCE_REFERENCE_REQUIRED
tea_sweetened,legacy_mazaj_dataset,,Original row source identifier was not preserved in the supplied dataset.,SOURCE_REFERENCE_REQUIRED
tea_unsweetened,legacy_mazaj_dataset,,Original row source identifier was not preserved in the supplied dataset.,SOURCE_REFERENCE_REQUIRED
tilapia_grilled,legacy_mazaj_dataset,,Original row source identifier was not preserved in the supplied dataset.,SOURCE_REFERENCE_REQUIRED
tofu_firm,legacy_mazaj_dataset,,Original row source identifier was not preserved in the supplied dataset.,SOURCE_REFERENCE_REQUIRED
tomato,legacy_mazaj_dataset,,Original row source identifier was not preserved in the supplied dataset.,SOURCE_REFERENCE_REQUIRED
tomatoes_grape,legacy_mazaj_dataset,,Original row source identifier was not preserved in the supplied dataset.,SOURCE_REFERENCE_REQUIRED
tortilla_wrap,legacy_mazaj_dataset,,Original row source identifier was not preserved in the supplied dataset.,SOURCE_REFERENCE_REQUIRED
tuna_canned,legacy_mazaj_dataset,,Original row source identifier was not preserved in the supplied dataset.,SOURCE_REFERENCE_REQUIRED
turkey_breakfast_sausage,legacy_mazaj_dataset,,Original row source identifier was not preserved in the supplied dataset.,SOURCE_REFERENCE_REQUIRED
turkey_slices,legacy_mazaj_dataset,,Original row source identifier was not preserved in the supplied dataset.,SOURCE_REFERENCE_REQUIRED
veggie_burger,legacy_mazaj_dataset,,Original row source identifier was not preserved in the supplied dataset.,SOURCE_REFERENCE_REQUIRED
water,legacy_mazaj_dataset,,Original row source identifier was not preserved in the supplied dataset.,SOURCE_REFERENCE_REQUIRED
watermelon,legacy_mazaj_dataset,,Original row source identifier was not preserved in the supplied dataset.,SOURCE_REFERENCE_REQUIRED
white_onion_raw,legacy_mazaj_dataset,,Original row source identifier was not preserved in the supplied dataset.,SOURCE_REFERENCE_REQUIRED
yellow_mustard,legacy_mazaj_dataset,,Original row source identifier was not preserved in the supplied dataset.,SOURCE_REFERENCE_REQUIRED
yellow_onion_raw,legacy_mazaj_dataset,,Original row source identifier was not preserved in the supplied dataset.,SOURCE_REFERENCE_REQUIRED
yogurt_fruit,legacy_mazaj_dataset,,Original row source identifier was not preserved in the supplied dataset.,SOURCE_REFERENCE_REQUIRED
fndds_goat_milk,usda_fooddata_central_fndds,2705395,"USDA FoodData Central FNDDS 2021-2023 survey food; WWEIA category 1002 (Milk, whole).",OFFICIAL_SOURCE_IMPORTED
fndds_buttermilk,usda_fooddata_central_fndds,2705393,"USDA FoodData Central FNDDS 2021-2023 survey food; WWEIA category 1002 (Milk, whole).",OFFICIAL_SOURCE_IMPORTED
fndds_milk_evaporated_whole,usda_fooddata_central_fndds,2705399,"USDA FoodData Central FNDDS 2021-2023 survey food; WWEIA category 1002 (Milk, whole).",OFFICIAL_SOURCE_IMPORTED
fndds_milk_lactose_free_whole,usda_fooddata_central_fndds,2705392,"USDA FoodData Central FNDDS 2021-2023 survey food; WWEIA category 1002 (Milk, whole).",OFFICIAL_SOURCE_IMPORTED
fndds_milk_reduced_fat_2,usda_fooddata_central_fndds,2705386,"USDA FoodData Central FNDDS 2021-2023 survey food; WWEIA category 1004 (Milk, reduced fat).",OFFICIAL_SOURCE_IMPORTED
fndds_milk_evaporated_reduced_fat_2,usda_fooddata_central_fndds,2705400,"USDA FoodData Central FNDDS 2021-2023 survey food; WWEIA category 1004 (Milk, reduced fat).",OFFICIAL_SOURCE_IMPORTED
fndds_milk_lactose_free_reduced_fat_2,usda_fooddata_central_fndds,2705391,"USDA FoodData Central FNDDS 2021-2023 survey food; WWEIA category 1004 (Milk, reduced fat).",OFFICIAL_SOURCE_IMPORTED
fndds_kefir,usda_fooddata_central_fndds,2705394,"USDA FoodData Central FNDDS 2021-2023 survey food; WWEIA category 1006 (Milk, lowfat).",OFFICIAL_SOURCE_IMPORTED
fndds_milk_low_fat_1,usda_fooddata_central_fndds,2705387,"USDA FoodData Central FNDDS 2021-2023 survey food; WWEIA category 1006 (Milk, lowfat).",OFFICIAL_SOURCE_IMPORTED
fndds_milk_lactose_free_low_fat_1,usda_fooddata_central_fndds,2705389,"USDA FoodData Central FNDDS 2021-2023 survey food; WWEIA category 1006 (Milk, lowfat).",OFFICIAL_SOURCE_IMPORTED
fndds_milk_fat_free_skim,usda_fooddata_central_fndds,2705388,"USDA FoodData Central FNDDS 2021-2023 survey food; WWEIA category 1008 (Milk, nonfat).",OFFICIAL_SOURCE_IMPORTED
fndds_milk_dry_reconstituted_nonfat,usda_fooddata_central_fndds,2705396,"USDA FoodData Central FNDDS 2021-2023 survey food; WWEIA category 1008 (Milk, nonfat).",OFFICIAL_SOURCE_IMPORTED
fndds_milk_evaporated_fat_free_skim,usda_fooddata_central_fndds,2705401,"USDA FoodData Central FNDDS 2021-2023 survey food; WWEIA category 1008 (Milk, nonfat).",OFFICIAL_SOURCE_IMPORTED
fndds_milk_lactose_free_fat_free_skim,usda_fooddata_central_fndds,2705390,"USDA FoodData Central FNDDS 2021-2023 survey food; WWEIA category 1008 (Milk, nonfat).",OFFICIAL_SOURCE_IMPORTED
fndds_strawberry_milk_whole,usda_fooddata_central_fndds,2705496,"USDA FoodData Central FNDDS 2021-2023 survey food; WWEIA category 1202 (Flavored milk, whole).",OFFICIAL_SOURCE_IMPORTED
fndds_chocolate_milk_whole,usda_fooddata_central_fndds,2705467,"USDA FoodData Central FNDDS 2021-2023 survey food; WWEIA category 1202 (Flavored milk, whole).",OFFICIAL_SOURCE_IMPORTED
fndds_milk_condensed_sweetened,usda_fooddata_central_fndds,2705402,"USDA FoodData Central FNDDS 2021-2023 survey food; WWEIA category 1202 (Flavored milk, whole).",OFFICIAL_SOURCE_IMPORTED
fndds_chocolate_milk_reduced_sugar_whole,usda_fooddata_central_fndds,2705479,"USDA FoodData Central FNDDS 2021-2023 survey food; WWEIA category 1202 (Flavored milk, whole).",OFFICIAL_SOURCE_IMPORTED
fndds_milk_malted,usda_fooddata_central_fndds,2705501,"USDA FoodData Central FNDDS 2021-2023 survey food; WWEIA category 1204 (Flavored milk, reduced fat).",OFFICIAL_SOURCE_IMPORTED
fndds_strawberry_milk_reduced_fat_2,usda_fooddata_central_fndds,2705497,"USDA FoodData Central FNDDS 2021-2023 survey food; WWEIA category 1204 (Flavored milk, reduced fat).",OFFICIAL_SOURCE_IMPORTED
fndds_chocolate_milk_reduced_fat_2,usda_fooddata_central_fndds,2705468,"USDA FoodData Central FNDDS 2021-2023 survey food; WWEIA category 1204 (Flavored milk, reduced fat).",OFFICIAL_SOURCE_IMPORTED
fndds_hot_chocolate_cocoa_with_whipped_cream,usda_fooddata_central_fndds,2705476,"USDA FoodData Central FNDDS 2021-2023 survey food; WWEIA category 1204 (Flavored milk, reduced fat).",OFFICIAL_SOURCE_IMPORTED
fndds_chocolate_milk_reduced_sugar_reduced_fat_2,usda_fooddata_central_fndds,2705480,"USDA FoodData Central FNDDS 2021-2023 survey food; WWEIA category 1204 (Flavored milk, reduced fat).",OFFICIAL_SOURCE_IMPORTED
fndds_strawberry_milk_reduced_sugar,usda_fooddata_central_fndds,2705500,"USDA FoodData Central FNDDS 2021-2023 survey food; WWEIA category 1206 (Flavored milk, lowfat).",OFFICIAL_SOURCE_IMPORTED
fndds_strawberry_milk_low_fat_1,usda_fooddata_central_fndds,2705498,"USDA FoodData Central FNDDS 2021-2023 survey food; WWEIA category 1206 (Flavored milk, lowfat).",OFFICIAL_SOURCE_IMPORTED
fndds_chocolate_milk_low_fat_1,usda_fooddata_central_fndds,2705470,"USDA FoodData Central FNDDS 2021-2023 survey food; WWEIA category 1206 (Flavored milk, lowfat).",OFFICIAL_SOURCE_IMPORTED
fndds_chocolate_milk_reduced_sugar_low_fat_1,usda_fooddata_central_fndds,2705481,"USDA FoodData Central FNDDS 2021-2023 survey food; WWEIA category 1206 (Flavored milk, lowfat).",OFFICIAL_SOURCE_IMPORTED
fndds_strawberry_milk_fat_free_skim,usda_fooddata_central_fndds,2705499,"USDA FoodData Central FNDDS 2021-2023 survey food; WWEIA category 1208 (Flavored milk, nonfat).",OFFICIAL_SOURCE_IMPORTED
fndds_chocolate_milk_fat_free_skim,usda_fooddata_central_fndds,2705469,"USDA FoodData Central FNDDS 2021-2023 survey food; WWEIA category 1208 (Flavored milk, nonfat).",OFFICIAL_SOURCE_IMPORTED
fndds_hot_chocolate_cocoa_dry_mix_made_with_water,usda_fooddata_central_fndds,2705483,"USDA FoodData Central FNDDS 2021-2023 survey food; WWEIA category 1208 (Flavored milk, nonfat).",OFFICIAL_SOURCE_IMPORTED
fndds_chocolate_milk_reduced_sugar_fat_free_skim,usda_fooddata_central_fndds,2705482,"USDA FoodData Central FNDDS 2021-2023 survey food; WWEIA category 1208 (Flavored milk, nonfat).",OFFICIAL_SOURCE_IMPORTED
fndds_hot_chocolate_cocoa_dry_mix_reduced_sugar_made_with_water,usda_fooddata_central_fndds,2705488,"USDA FoodData Central FNDDS 2021-2023 survey food; WWEIA category 1208 (Flavored milk, nonfat).",OFFICIAL_SOURCE_IMPORTED
fndds_eggnog,usda_fooddata_central_fndds,2705502,USDA FoodData Central FNDDS 2021-2023 survey food; WWEIA category 1402 (Milk shakes and other dairy drinks).,OFFICIAL_SOURCE_IMPORTED
fndds_milk_shake_with_malt,usda_fooddata_central_fndds,2705507,USDA FoodData Central FNDDS 2021-2023 survey food; WWEIA category 1402 (Milk shakes and other dairy drinks).,OFFICIAL_SOURCE_IMPORTED
fndds_chocolate_milk_drink,usda_fooddata_central_fndds,2705517,USDA FoodData Central FNDDS 2021-2023 survey food; WWEIA category 1402 (Milk shakes and other dairy drinks).,OFFICIAL_SOURCE_IMPORTED
fndds_ice_cream_soda_chocolate,usda_fooddata_central_fndds,2705657,USDA FoodData Central FNDDS 2021-2023 survey food; WWEIA category 1402 (Milk shakes and other dairy drinks).,OFFICIAL_SOURCE_IMPORTED
fndds_milk_shake_bottled_chocolate,usda_fooddata_central_fndds,2705510,USDA FoodData Central FNDDS 2021-2023 survey food; WWEIA category 1402 (Milk shakes and other dairy drinks).,OFFICIAL_SOURCE_IMPORTED
fndds_milk_shake_home_recipe_chocolate,usda_fooddata_central_fndds,2705503,USDA FoodData Central FNDDS 2021-2023 survey food; WWEIA category 1402 (Milk shakes and other dairy drinks).,OFFICIAL_SOURCE_IMPORTED
fndds_cheese_ball,usda_fooddata_central_fndds,2705781,USDA FoodData Central FNDDS 2021-2023 survey food; WWEIA category 1602 (Cheese).,OFFICIAL_SOURCE_IMPORTED
fndds_queso_fresco,usda_fooddata_central_fndds,2705745,USDA FoodData Central FNDDS 2021-2023 survey food; WWEIA category 1602 (Cheese).,OFFICIAL_SOURCE_IMPORTED
fndds_queso_cotija,usda_fooddata_central_fndds,2705746,USDA FoodData Central FNDDS 2021-2023 survey food; WWEIA category 1602 (Cheese).,OFFICIAL_SOURCE_IMPORTED
fndds_queso_asadero,usda_fooddata_central_fndds,2705744,USDA FoodData Central FNDDS 2021-2023 survey food; WWEIA category 1602 (Cheese).,OFFICIAL_SOURCE_IMPORTED
fndds_cheese_brie,usda_fooddata_central_fndds,2705708,USDA FoodData Central FNDDS 2021-2023 survey food; WWEIA category 1602 (Cheese).,OFFICIAL_SOURCE_IMPORTED
fndds_cheese_feta,usda_fooddata_central_fndds,2705714,USDA FoodData Central FNDDS 2021-2023 survey food; WWEIA category 1602 (Cheese).,OFFICIAL_SOURCE_IMPORTED
fndds_cheese_goat,usda_fooddata_central_fndds,2705716,USDA FoodData Central FNDDS 2021-2023 survey food; WWEIA category 1602 (Cheese).,OFFICIAL_SOURCE_IMPORTED
fndds_imitation_cheese,usda_fooddata_central_fndds,2705777,USDA FoodData Central FNDDS 2021-2023 survey food; WWEIA category 1602 (Cheese).,OFFICIAL_SOURCE_IMPORTED
fndds_cheese_brick,usda_fooddata_central_fndds,2705706,USDA FoodData Central FNDDS 2021-2023 survey food; WWEIA category 1602 (Cheese).,OFFICIAL_SOURCE_IMPORTED
fndds_cheese_colby,usda_fooddata_central_fndds,2705712,USDA FoodData Central FNDDS 2021-2023 survey food; WWEIA category 1602 (Cheese).,OFFICIAL_SOURCE_IMPORTED
fndds_cheese_swiss,usda_fooddata_central_fndds,2705735,USDA FoodData Central FNDDS 2021-2023 survey food; WWEIA category 1602 (Cheese).,OFFICIAL_SOURCE_IMPORTED
fndds_cheese_paneer,usda_fooddata_central_fndds,2705740,USDA FoodData Central FNDDS 2021-2023 survey food; WWEIA category 1602 (Cheese).,OFFICIAL_SOURCE_IMPORTED
fndds_cheese_cheddar,usda_fooddata_central_fndds,2705709,USDA FoodData Central FNDDS 2021-2023 survey food; WWEIA category 1602 (Cheese).,OFFICIAL_SOURCE_IMPORTED
fndds_cheese_ricotta,usda_fooddata_central_fndds,2705750,USDA FoodData Central FNDDS 2021-2023 survey food; WWEIA category 1604 (Cottage/ricotta cheese).,OFFICIAL_SOURCE_IMPORTED
fndds_puerto_rican_white_cheese,usda_fooddata_central_fndds,2705755,USDA FoodData Central FNDDS 2021-2023 survey food; WWEIA category 1604 (Cottage/ricotta cheese).,OFFICIAL_SOURCE_IMPORTED
fndds_cottage_cheese_farmer_s,usda_fooddata_central_fndds,2705749,USDA FoodData Central FNDDS 2021-2023 survey food; WWEIA category 1604 (Cottage/ricotta cheese).,OFFICIAL_SOURCE_IMPORTED
fndds_cheese_cottage_low_fat,usda_fooddata_central_fndds,2705756,USDA FoodData Central FNDDS 2021-2023 survey food; WWEIA category 1604 (Cottage/ricotta cheese).,OFFICIAL_SOURCE_IMPORTED
fndds_cheese_cottage_dry_curd,usda_fooddata_central_fndds,2705753,USDA FoodData Central FNDDS 2021-2023 survey food; WWEIA category 1604 (Cottage/ricotta cheese).,OFFICIAL_SOURCE_IMPORTED
fndds_cheese_cottage_with_fruit,usda_fooddata_central_fndds,2705751,USDA FoodData Central FNDDS 2021-2023 survey food; WWEIA category 1604 (Cottage/ricotta cheese).,OFFICIAL_SOURCE_IMPORTED
fndds_cheese_cottage_with_vegetables,usda_fooddata_central_fndds,2705752,USDA FoodData Central FNDDS 2021-2023 survey food; WWEIA category 1604 (Cottage/ricotta cheese).,OFFICIAL_SOURCE_IMPORTED
fndds_yogurt_tube,usda_fooddata_central_fndds,2705443,"USDA FoodData Central FNDDS 2021-2023 survey food; WWEIA category 1820 (Yogurt, regular).",OFFICIAL_SOURCE_IMPORTED
fndds_yogurt_liquid,usda_fooddata_central_fndds,2705442,"USDA FoodData Central FNDDS 2021-2023 survey food; WWEIA category 1820 (Yogurt, regular).",OFFICIAL_SOURCE_IMPORTED
fndds_yogurt_whole_milk_plain,usda_fooddata_central_fndds,2705418,"USDA FoodData Central FNDDS 2021-2023 survey food; WWEIA category 1820 (Yogurt, regular).",OFFICIAL_SOURCE_IMPORTED
fndds_yogurt_nonfat_milk_plain,usda_fooddata_central_fndds,2705420,"USDA FoodData Central FNDDS 2021-2023 survey food; WWEIA category 1820 (Yogurt, regular).",OFFICIAL_SOURCE_IMPORTED
fndds_yogurt_parfait_with_fruit,usda_fooddata_central_fndds,2705450,"USDA FoodData Central FNDDS 2021-2023 survey food; WWEIA category 1820 (Yogurt, regular).",OFFICIAL_SOURCE_IMPORTED
fndds_yogurt_low_fat_milk_plain,usda_fooddata_central_fndds,2705419,"USDA FoodData Central FNDDS 2021-2023 survey food; WWEIA category 1820 (Yogurt, regular).",OFFICIAL_SOURCE_IMPORTED
fndds_yogurt_greek_with_oats,usda_fooddata_central_fndds,2705441,"USDA FoodData Central FNDDS 2021-2023 survey food; WWEIA category 1822 (Yogurt, Greek).",OFFICIAL_SOURCE_IMPORTED
fndds_yogurt_greek_whole_milk_plain,usda_fooddata_central_fndds,2705422,"USDA FoodData Central FNDDS 2021-2023 survey food; WWEIA category 1822 (Yogurt, Greek).",OFFICIAL_SOURCE_IMPORTED
fndds_yogurt_greek_nonfat_milk_plain,usda_fooddata_central_fndds,2705424,"USDA FoodData Central FNDDS 2021-2023 survey food; WWEIA category 1822 (Yogurt, Greek).",OFFICIAL_SOURCE_IMPORTED
fndds_yogurt_greek_low_fat_milk_plain,usda_fooddata_central_fndds,2705423,"USDA FoodData Central FNDDS 2021-2023 survey food; WWEIA category 1822 (Yogurt, Greek).",OFFICIAL_SOURCE_IMPORTED
fndds_yogurt_greek_whole_milk_fruit,usda_fooddata_central_fndds,2705430,"USDA FoodData Central FNDDS 2021-2023 survey food; WWEIA category 1822 (Yogurt, Greek).",OFFICIAL_SOURCE_IMPORTED
fndds_oat_milk,usda_fooddata_central_fndds,2705412,USDA FoodData Central FNDDS 2021-2023 survey food; WWEIA category 1902 (Plant-based milk).,OFFICIAL_SOURCE_IMPORTED
fndds_rice_milk,usda_fooddata_central_fndds,2705411,USDA FoodData Central FNDDS 2021-2023 survey food; WWEIA category 1902 (Plant-based milk).,OFFICIAL_SOURCE_IMPORTED
fndds_coconut_milk,usda_fooddata_central_fndds,2705413,USDA FoodData Central FNDDS 2021-2023 survey food; WWEIA category 1902 (Plant-based milk).,OFFICIAL_SOURCE_IMPORTED
fndds_soy_milk_sweetened,usda_fooddata_central_fndds,2705404,USDA FoodData Central FNDDS 2021-2023 survey food; WWEIA category 1902 (Plant-based milk).,OFFICIAL_SOURCE_IMPORTED
fndds_soy_milk_chocolate,usda_fooddata_central_fndds,2705406,USDA FoodData Central FNDDS 2021-2023 survey food; WWEIA category 1902 (Plant-based milk).,OFFICIAL_SOURCE_IMPORTED
fndds_soy_milk_unsweetened,usda_fooddata_central_fndds,2705405,USDA FoodData Central FNDDS 2021-2023 survey food; WWEIA category 1902 (Plant-based milk).,OFFICIAL_SOURCE_IMPORTED
fndds_almond_milk_sweetened,usda_fooddata_central_fndds,2705407,USDA FoodData Central FNDDS 2021-2023 survey food; WWEIA category 1902 (Plant-based milk).,OFFICIAL_SOURCE_IMPORTED
fndds_yogurt_soy,usda_fooddata_central_fndds,2707444,USDA FoodData Central FNDDS 2021-2023 survey food; WWEIA category 1904 (Plant-based yogurt).,OFFICIAL_SOURCE_IMPORTED
fndds_yogurt_almond_milk,usda_fooddata_central_fndds,2707570,USDA FoodData Central FNDDS 2021-2023 survey food; WWEIA category 1904 (Plant-based yogurt).,OFFICIAL_SOURCE_IMPORTED
fndds_yogurt_coconut_milk,usda_fooddata_central_fndds,2707569,USDA FoodData Central FNDDS 2021-2023 survey food; WWEIA category 1904 (Plant-based yogurt).,OFFICIAL_SOURCE_IMPORTED
fndds_veal_chop,usda_fooddata_central_fndds,2705909,"USDA FoodData Central FNDDS 2021-2023 survey food; WWEIA category 2002 (Beef, excludes ground).",OFFICIAL_SOURCE_IMPORTED
fndds_beef_roast,usda_fooddata_central_fndds,2705847,"USDA FoodData Central FNDDS 2021-2023 survey food; WWEIA category 2002 (Beef, excludes ground).",OFFICIAL_SOURCE_IMPORTED
fndds_beef_oxtails,usda_fooddata_central_fndds,2705843,"USDA FoodData Central FNDDS 2021-2023 survey food; WWEIA category 2002 (Beef, excludes ground).",OFFICIAL_SOURCE_IMPORTED
fndds_beef_brisket,usda_fooddata_central_fndds,2705851,"USDA FoodData Central FNDDS 2021-2023 survey food; WWEIA category 2002 (Beef, excludes ground).",OFFICIAL_SOURCE_IMPORTED
fndds_beef_shortribs,usda_fooddata_central_fndds,2705845,"USDA FoodData Central FNDDS 2021-2023 survey food; WWEIA category 2002 (Beef, excludes ground).",OFFICIAL_SOURCE_IMPORTED
fndds_beef_pot_roast,usda_fooddata_central_fndds,2705848,"USDA FoodData Central FNDDS 2021-2023 survey food; WWEIA category 2002 (Beef, excludes ground).",OFFICIAL_SOURCE_IMPORTED
fndds_beef_stew_meat,usda_fooddata_central_fndds,2705849,"USDA FoodData Central FNDDS 2021-2023 survey food; WWEIA category 2002 (Beef, excludes ground).",OFFICIAL_SOURCE_IMPORTED
fndds_beef_neck_bones,usda_fooddata_central_fndds,2705844,"USDA FoodData Central FNDDS 2021-2023 survey food; WWEIA category 2002 (Beef, excludes ground).",OFFICIAL_SOURCE_IMPORTED
fndds_beef_sandwich_steak,usda_fooddata_central_fndds,2705852,"USDA FoodData Central FNDDS 2021-2023 survey food; WWEIA category 2002 (Beef, excludes ground).",OFFICIAL_SOURCE_IMPORTED
fndds_beef_ground,usda_fooddata_central_fndds,2705854,USDA FoodData Central FNDDS 2021-2023 survey food; WWEIA category 2004 (Ground beef).,OFFICIAL_SOURCE_IMPORTED
fndds_veal_ground,usda_fooddata_central_fndds,2705910,USDA FoodData Central FNDDS 2021-2023 survey food; WWEIA category 2004 (Ground beef).,OFFICIAL_SOURCE_IMPORTED
fndds_beef_ground_raw,usda_fooddata_central_fndds,2705853,USDA FoodData Central FNDDS 2021-2023 survey food; WWEIA category 2004 (Ground beef).,OFFICIAL_SOURCE_IMPORTED
fndds_beef_ground_patty,usda_fooddata_central_fndds,2705855,USDA FoodData Central FNDDS 2021-2023 survey food; WWEIA category 2004 (Ground beef).,OFFICIAL_SOURCE_IMPORTED
fndds_pork_ribs,usda_fooddata_central_fndds,2705894,USDA FoodData Central FNDDS 2021-2023 survey food; WWEIA category 2006 (Pork).,OFFICIAL_SOURCE_IMPORTED
fndds_pork_ears,usda_fooddata_central_fndds,2705896,USDA FoodData Central FNDDS 2021-2023 survey food; WWEIA category 2006 (Pork).,OFFICIAL_SOURCE_IMPORTED
fndds_pork_roast,usda_fooddata_central_fndds,2705882,USDA FoodData Central FNDDS 2021-2023 survey food; WWEIA category 2006 (Pork).,OFFICIAL_SOURCE_IMPORTED
fndds_pork_bones,usda_fooddata_central_fndds,2705897,USDA FoodData Central FNDDS 2021-2023 survey food; WWEIA category 2006 (Pork).,OFFICIAL_SOURCE_IMPORTED
fndds_pork_belly,usda_fooddata_central_fndds,2705901,USDA FoodData Central FNDDS 2021-2023 survey food; WWEIA category 2006 (Pork).,OFFICIAL_SOURCE_IMPORTED
fndds_pork_skin_rinds,usda_fooddata_central_fndds,2705902,USDA FoodData Central FNDDS 2021-2023 survey food; WWEIA category 2006 (Pork).,OFFICIAL_SOURCE_IMPORTED
fndds_pork_ground,usda_fooddata_central_fndds,2705863,USDA FoodData Central FNDDS 2021-2023 survey food; WWEIA category 2006 (Pork).,OFFICIAL_SOURCE_IMPORTED
fndds_pork_carnitas,usda_fooddata_central_fndds,2705864,USDA FoodData Central FNDDS 2021-2023 survey food; WWEIA category 2006 (Pork).,OFFICIAL_SOURCE_IMPORTED
fndds_goat,usda_fooddata_central_fndds,2705908,"USDA FoodData Central FNDDS 2021-2023 survey food; WWEIA category 2008 (Lamb, goat, game).",OFFICIAL_SOURCE_IMPORTED
fndds_bear,usda_fooddata_central_fndds,2705918,"USDA FoodData Central FNDDS 2021-2023 survey food; WWEIA category 2008 (Lamb, goat, game).",OFFICIAL_SOURCE_IMPORTED
fndds_moose,usda_fooddata_central_fndds,2705917,"USDA FoodData Central FNDDS 2021-2023 survey food; WWEIA category 2008 (Lamb, goat, game).",OFFICIAL_SOURCE_IMPORTED
fndds_bison,usda_fooddata_central_fndds,2705920,"USDA FoodData Central FNDDS 2021-2023 survey food; WWEIA category 2008 (Lamb, goat, game).",OFFICIAL_SOURCE_IMPORTED
fndds_rabbit,usda_fooddata_central_fndds,2705912,"USDA FoodData Central FNDDS 2021-2023 survey food; WWEIA category 2008 (Lamb, goat, game).",OFFICIAL_SOURCE_IMPORTED
fndds_beaver,usda_fooddata_central_fndds,2705924,"USDA FoodData Central FNDDS 2021-2023 survey food; WWEIA category 2008 (Lamb, goat, game).",OFFICIAL_SOURCE_IMPORTED
fndds_caribou,usda_fooddata_central_fndds,2705919,"USDA FoodData Central FNDDS 2021-2023 survey food; WWEIA category 2008 (Lamb, goat, game).",OFFICIAL_SOURCE_IMPORTED
fndds_heart,usda_fooddata_central_fndds,2706156,USDA FoodData Central FNDDS 2021-2023 survey food; WWEIA category 2010 (Liver and organ meats).,OFFICIAL_SOURCE_IMPORTED
fndds_tripe,usda_fooddata_central_fndds,2706162,USDA FoodData Central FNDDS 2021-2023 survey food; WWEIA category 2010 (Liver and organ meats).,OFFICIAL_SOURCE_IMPORTED
fndds_kidney,usda_fooddata_central_fndds,2706157,USDA FoodData Central FNDDS 2021-2023 survey food; WWEIA category 2010 (Liver and organ meats).,OFFICIAL_SOURCE_IMPORTED
fndds_brains,usda_fooddata_central_fndds,2706159,USDA FoodData Central FNDDS 2021-2023 survey food; WWEIA category 2010 (Liver and organ meats).,OFFICIAL_SOURCE_IMPORTED
fndds_tongue,usda_fooddata_central_fndds,2706160,USDA FoodData Central FNDDS 2021-2023 survey food; WWEIA category 2010 (Liver and organ meats).,OFFICIAL_SOURCE_IMPORTED
fndds_gizzard,usda_fooddata_central_fndds,2706165,USDA FoodData Central FNDDS 2021-2023 survey food; WWEIA category 2010 (Liver and organ meats).,OFFICIAL_SOURCE_IMPORTED
fndds_chicken_skin,usda_fooddata_central_fndds,2706084,"USDA FoodData Central FNDDS 2021-2023 survey food; WWEIA category 2202 (Chicken, whole pieces).",OFFICIAL_SOURCE_IMPORTED
fndds_chicken_back,usda_fooddata_central_fndds,2706081,"USDA FoodData Central FNDDS 2021-2023 survey food; WWEIA category 2202 (Chicken, whole pieces).",OFFICIAL_SOURCE_IMPORTED
fndds_chicken_tail,usda_fooddata_central_fndds,2706083,"USDA FoodData Central FNDDS 2021-2023 survey food; WWEIA category 2202 (Chicken, whole pieces).",OFFICIAL_SOURCE_IMPORTED
fndds_chicken_ground,usda_fooddata_central_fndds,2706091,"USDA FoodData Central FNDDS 2021-2023 survey food; WWEIA category 2202 (Chicken, whole pieces).",OFFICIAL_SOURCE_IMPORTED
fndds_chicken_wing_stewed,usda_fooddata_central_fndds,2706061,"USDA FoodData Central FNDDS 2021-2023 survey food; WWEIA category 2202 (Chicken, whole pieces).",OFFICIAL_SOURCE_IMPORTED
fndds_chicken_wing_sauteed,usda_fooddata_central_fndds,2706064,"USDA FoodData Central FNDDS 2021-2023 survey food; WWEIA category 2202 (Chicken, whole pieces).",OFFICIAL_SOURCE_IMPORTED
fndds_chicken_wing_rotisserie,usda_fooddata_central_fndds,2706060,"USDA FoodData Central FNDDS 2021-2023 survey food; WWEIA category 2202 (Chicken, whole pieces).",OFFICIAL_SOURCE_IMPORTED
fndds_chicken_wing_baked_coated,usda_fooddata_central_fndds,2706069,"USDA FoodData Central FNDDS 2021-2023 survey food; WWEIA category 2202 (Chicken, whole pieces).",OFFICIAL_SOURCE_IMPORTED
fndds_chicken_feet,usda_fooddata_central_fndds,2706085,"USDA FoodData Central FNDDS 2021-2023 survey food; WWEIA category 2202 (Chicken, whole pieces).",OFFICIAL_SOURCE_IMPORTED
fndds_chicken_wing_grilled_with_sauce,usda_fooddata_central_fndds,2706063,"USDA FoodData Central FNDDS 2021-2023 survey food; WWEIA category 2202 (Chicken, whole pieces).",OFFICIAL_SOURCE_IMPORTED
fndds_chicken_chicken_roll_roasted,usda_fooddata_central_fndds,2706087,"USDA FoodData Central FNDDS 2021-2023 survey food; WWEIA category 2202 (Chicken, whole pieces).",OFFICIAL_SOURCE_IMPORTED
fndds_chicken_canned_meat_only,usda_fooddata_central_fndds,2706086,"USDA FoodData Central FNDDS 2021-2023 survey food; WWEIA category 2202 (Chicken, whole pieces).",OFFICIAL_SOURCE_IMPORTED
fndds_chicken_wing_grilled_without_sauce,usda_fooddata_central_fndds,2706062,"USDA FoodData Central FNDDS 2021-2023 survey food; WWEIA category 2202 (Chicken, whole pieces).",OFFICIAL_SOURCE_IMPORTED
fndds_chicken_wings_plain_from_precooked,usda_fooddata_central_fndds,2706075,"USDA FoodData Central FNDDS 2021-2023 survey food; WWEIA category 2202 (Chicken, whole pieces).",OFFICIAL_SOURCE_IMPORTED
fndds_chicken_neck_or_ribs,usda_fooddata_central_fndds,2706082,"USDA FoodData Central FNDDS 2021-2023 survey food; WWEIA category 2202 (Chicken, whole pieces).",OFFICIAL_SOURCE_IMPORTED
fndds_chicken_thigh_stewed_skin_eaten,usda_fooddata_central_fndds,2706037,"USDA FoodData Central FNDDS 2021-2023 survey food; WWEIA category 2202 (Chicken, whole pieces).",OFFICIAL_SOURCE_IMPORTED
fndds_chicken_breast_stewed_skin_eaten,usda_fooddata_central_fndds,2705965,"USDA FoodData Central FNDDS 2021-2023 survey food; WWEIA category 2202 (Chicken, whole pieces).",OFFICIAL_SOURCE_IMPORTED
fndds_chicken_thigh_sauteed_skin_eaten,usda_fooddata_central_fndds,2706043,"USDA FoodData Central FNDDS 2021-2023 survey food; WWEIA category 2202 (Chicken, whole pieces).",OFFICIAL_SOURCE_IMPORTED
fndds_chicken_breast_sauteed_skin_eaten,usda_fooddata_central_fndds,2705971,"USDA FoodData Central FNDDS 2021-2023 survey food; WWEIA category 2202 (Chicken, whole pieces).",OFFICIAL_SOURCE_IMPORTED
fndds_chicken_wing_fried_coated_from_raw,usda_fooddata_central_fndds,2706065,"USDA FoodData Central FNDDS 2021-2023 survey food; WWEIA category 2202 (Chicken, whole pieces).",OFFICIAL_SOURCE_IMPORTED
fndds_chicken_fillet_grilled,usda_fooddata_central_fndds,2706090,"USDA FoodData Central FNDDS 2021-2023 survey food; WWEIA category 2204 (Chicken patties, nuggets and tenders).",OFFICIAL_SOURCE_IMPORTED
fndds_chicken_patty_breaded,usda_fooddata_central_fndds,2706088,"USDA FoodData Central FNDDS 2021-2023 survey food; WWEIA category 2204 (Chicken patties, nuggets and tenders).",OFFICIAL_SOURCE_IMPORTED
fndds_chicken_fillet_breaded,usda_fooddata_central_fndds,2706089,"USDA FoodData Central FNDDS 2021-2023 survey food; WWEIA category 2204 (Chicken patties, nuggets and tenders).",OFFICIAL_SOURCE_IMPORTED
fndds_chicken_nuggets_from_frozen,usda_fooddata_central_fndds,2706096,"USDA FoodData Central FNDDS 2021-2023 survey food; WWEIA category 2204 (Chicken patties, nuggets and tenders).",OFFICIAL_SOURCE_IMPORTED
fndds_chicken_nuggets_from_other_sources,usda_fooddata_central_fndds,2706097,"USDA FoodData Central FNDDS 2021-2023 survey food; WWEIA category 2204 (Chicken patties, nuggets and tenders).",OFFICIAL_SOURCE_IMPORTED
fndds_chicken_nuggets_from_fast_food,usda_fooddata_central_fndds,2706093,"USDA FoodData Central FNDDS 2021-2023 survey food; WWEIA category 2204 (Chicken patties, nuggets and tenders).",OFFICIAL_SOURCE_IMPORTED
fndds_ostrich,usda_fooddata_central_fndds,2705928,"USDA FoodData Central FNDDS 2021-2023 survey food; WWEIA category 2206 (Turkey, duck, other poultry).",OFFICIAL_SOURCE_IMPORTED
fndds_quail_cooked,usda_fooddata_central_fndds,2706149,"USDA FoodData Central FNDDS 2021-2023 survey food; WWEIA category 2206 (Turkey, duck, other poultry).",OFFICIAL_SOURCE_IMPORTED
fndds_dove_fried,usda_fooddata_central_fndds,2706148,"USDA FoodData Central FNDDS 2021-2023 survey food; WWEIA category 2206 (Turkey, duck, other poultry).",OFFICIAL_SOURCE_IMPORTED
fndds_pheasant_cooked,usda_fooddata_central_fndds,2706150,"USDA FoodData Central FNDDS 2021-2023 survey food; WWEIA category 2206 (Turkey, duck, other poultry).",OFFICIAL_SOURCE_IMPORTED
fndds_turkey_neck,usda_fooddata_central_fndds,2706127,"USDA FoodData Central FNDDS 2021-2023 survey food; WWEIA category 2206 (Turkey, duck, other poultry).",OFFICIAL_SOURCE_IMPORTED
fndds_turkey_tail,usda_fooddata_central_fndds,2706130,"USDA FoodData Central FNDDS 2021-2023 survey food; WWEIA category 2206 (Turkey, duck, other poultry).",OFFICIAL_SOURCE_IMPORTED
fndds_turkey_back,usda_fooddata_central_fndds,2706131,"USDA FoodData Central FNDDS 2021-2023 survey food; WWEIA category 2206 (Turkey, duck, other poultry).",OFFICIAL_SOURCE_IMPORTED
fndds_duck_peking,usda_fooddata_central_fndds,2706141,"USDA FoodData Central FNDDS 2021-2023 survey food; WWEIA category 2206 (Turkey, duck, other poultry).",OFFICIAL_SOURCE_IMPORTED
fndds_turkey_canned,usda_fooddata_central_fndds,2706132,"USDA FoodData Central FNDDS 2021-2023 survey food; WWEIA category 2206 (Turkey, duck, other poultry).",OFFICIAL_SOURCE_IMPORTED
fndds_turkey_ground,usda_fooddata_central_fndds,2706133,"USDA FoodData Central FNDDS 2021-2023 survey food; WWEIA category 2206 (Turkey, duck, other poultry).",OFFICIAL_SOURCE_IMPORTED
fndds_turkey_nuggets,usda_fooddata_central_fndds,2706134,"USDA FoodData Central FNDDS 2021-2023 survey food; WWEIA category 2206 (Turkey, duck, other poultry).",OFFICIAL_SOURCE_IMPORTED
fndds_caviar,usda_fooddata_central_fndds,2706332,USDA FoodData Central FNDDS 2021-2023 survey food; WWEIA category 2402 (Fish).,OFFICIAL_SOURCE_IMPORTED
fndds_fish_raw,usda_fooddata_central_fndds,2706223,USDA FoodData Central FNDDS 2021-2023 survey food; WWEIA category 2402 (Fish).,OFFICIAL_SOURCE_IMPORTED
fndds_fish_eel,usda_fooddata_central_fndds,2706247,USDA FoodData Central FNDDS 2021-2023 survey food; WWEIA category 2402 (Fish).,OFFICIAL_SOURCE_IMPORTED
fndds_fish_carp,usda_fooddata_central_fndds,2706233,USDA FoodData Central FNDDS 2021-2023 survey food; WWEIA category 2402 (Fish).,OFFICIAL_SOURCE_IMPORTED
fndds_fish_pike,usda_fooddata_central_fndds,2706276,USDA FoodData Central FNDDS 2021-2023 survey food; WWEIA category 2402 (Fish).,OFFICIAL_SOURCE_IMPORTED
fndds_fish_stick,usda_fooddata_central_fndds,2706231,USDA FoodData Central FNDDS 2021-2023 survey food; WWEIA category 2402 (Fish).,OFFICIAL_SOURCE_IMPORTED
fndds_fish_shark,usda_fooddata_central_fndds,2706300,USDA FoodData Central FNDDS 2021-2023 survey food; WWEIA category 2402 (Fish).,OFFICIAL_SOURCE_IMPORTED
fndds_fish_canned,usda_fooddata_central_fndds,2706229,USDA FoodData Central FNDDS 2021-2023 survey food; WWEIA category 2402 (Fish).,OFFICIAL_SOURCE_IMPORTED
fndds_fish_smoked,usda_fooddata_central_fndds,2706230,USDA FoodData Central FNDDS 2021-2023 survey food; WWEIA category 2402 (Fish).,OFFICIAL_SOURCE_IMPORTED
fndds_fish_mullet,usda_fooddata_central_fndds,2706269,USDA FoodData Central FNDDS 2021-2023 survey food; WWEIA category 2402 (Fish).,OFFICIAL_SOURCE_IMPORTED
fndds_fish_anchovy,usda_fooddata_central_fndds,2706232,USDA FoodData Central FNDDS 2021-2023 survey food; WWEIA category 2402 (Fish).,OFFICIAL_SOURCE_IMPORTED
fndds_fish_croaker,usda_fooddata_central_fndds,2706246,USDA FoodData Central FNDDS 2021-2023 survey food; WWEIA category 2402 (Fish).,OFFICIAL_SOURCE_IMPORTED
fndds_fish_halibut,usda_fooddata_central_fndds,2706260,USDA FoodData Central FNDDS 2021-2023 survey food; WWEIA category 2402 (Fish).,OFFICIAL_SOURCE_IMPORTED
fndds_fish_herring,usda_fooddata_central_fndds,2706261,USDA FoodData Central FNDDS 2021-2023 survey food; WWEIA category 2402 (Fish).,OFFICIAL_SOURCE_IMPORTED
fndds_fish_pickled,usda_fooddata_central_fndds,2706262,USDA FoodData Central FNDDS 2021-2023 survey food; WWEIA category 2402 (Fish).,OFFICIAL_SOURCE_IMPORTED
fndds_fish_snapper,usda_fooddata_central_fndds,2706283,USDA FoodData Central FNDDS 2021-2023 survey food; WWEIA category 2402 (Fish).,OFFICIAL_SOURCE_IMPORTED
fndds_fish_tuna_raw,usda_fooddata_central_fndds,2706308,USDA FoodData Central FNDDS 2021-2023 survey food; WWEIA category 2402 (Fish).,OFFICIAL_SOURCE_IMPORTED
fndds_crab,usda_fooddata_central_fndds,2706344,USDA FoodData Central FNDDS 2021-2023 survey food; WWEIA category 2404 (Shellfish).,OFFICIAL_SOURCE_IMPORTED
fndds_turtle,usda_fooddata_central_fndds,2706335,USDA FoodData Central FNDDS 2021-2023 survey food; WWEIA category 2404 (Shellfish).,OFFICIAL_SOURCE_IMPORTED
fndds_octopus,usda_fooddata_central_fndds,2706331,USDA FoodData Central FNDDS 2021-2023 survey food; WWEIA category 2404 (Shellfish).,OFFICIAL_SOURCE_IMPORTED
fndds_abalone,usda_fooddata_central_fndds,2706337,USDA FoodData Central FNDDS 2021-2023 survey food; WWEIA category 2404 (Shellfish).,OFFICIAL_SOURCE_IMPORTED
fndds_lobster,usda_fooddata_central_fndds,2706349,USDA FoodData Central FNDDS 2021-2023 survey food; WWEIA category 2404 (Shellfish).,OFFICIAL_SOURCE_IMPORTED
fndds_mussels,usda_fooddata_central_fndds,2706350,USDA FoodData Central FNDDS 2021-2023 survey food; WWEIA category 2404 (Shellfish).,OFFICIAL_SOURCE_IMPORTED
fndds_escargot,usda_fooddata_central_fndds,2706368,USDA FoodData Central FNDDS 2021-2023 survey food; WWEIA category 2404 (Shellfish).,OFFICIAL_SOURCE_IMPORTED
fndds_frog_legs,usda_fooddata_central_fndds,2706330,USDA FoodData Central FNDDS 2021-2023 survey food; WWEIA category 2404 (Shellfish).,OFFICIAL_SOURCE_IMPORTED
fndds_clams_raw,usda_fooddata_central_fndds,2706338,USDA FoodData Central FNDDS 2021-2023 survey food; WWEIA category 2404 (Shellfish).,OFFICIAL_SOURCE_IMPORTED
fndds_oysters_raw,usda_fooddata_central_fndds,2706351,USDA FoodData Central FNDDS 2021-2023 survey food; WWEIA category 2404 (Shellfish).,OFFICIAL_SOURCE_IMPORTED
fndds_cheese_souffle,usda_fooddata_central_fndds,2705792,USDA FoodData Central FNDDS 2021-2023 survey food; WWEIA category 2502 (Eggs and omelets).,OFFICIAL_SOURCE_IMPORTED
fndds_duck_egg_cooked,usda_fooddata_central_fndds,2707176,USDA FoodData Central FNDDS 2021-2023 survey food; WWEIA category 2502 (Eggs and omelets).,OFFICIAL_SOURCE_IMPORTED
fndds_egg_creamed,usda_fooddata_central_fndds,2707179,USDA FoodData Central FNDDS 2021-2023 survey food; WWEIA category 2502 (Eggs and omelets).,OFFICIAL_SOURCE_IMPORTED
fndds_egg_deviled,usda_fooddata_central_fndds,2707181,USDA FoodData Central FNDDS 2021-2023 survey food; WWEIA category 2502 (Eggs and omelets).,OFFICIAL_SOURCE_IMPORTED
fndds_huevos_rancheros,usda_fooddata_central_fndds,2707191,USDA FoodData Central FNDDS 2021-2023 survey food; WWEIA category 2502 (Eggs and omelets).,OFFICIAL_SOURCE_IMPORTED
fndds_goose_egg_cooked,usda_fooddata_central_fndds,2707177,USDA FoodData Central FNDDS 2021-2023 survey food; WWEIA category 2502 (Eggs and omelets).,OFFICIAL_SOURCE_IMPORTED
fndds_egg_benedict,usda_fooddata_central_fndds,2707180,USDA FoodData Central FNDDS 2021-2023 survey food; WWEIA category 2502 (Eggs and omelets).,OFFICIAL_SOURCE_IMPORTED
fndds_quail_egg_canned,usda_fooddata_central_fndds,2707178,USDA FoodData Central FNDDS 2021-2023 survey food; WWEIA category 2502 (Eggs and omelets).,OFFICIAL_SOURCE_IMPORTED
fndds_egg_yolk_only_raw,usda_fooddata_central_fndds,2707172,USDA FoodData Central FNDDS 2021-2023 survey food; WWEIA category 2502 (Eggs and omelets).,OFFICIAL_SOURCE_IMPORTED
fndds_egg_white_only_raw,usda_fooddata_central_fndds,2707168,USDA FoodData Central FNDDS 2021-2023 survey food; WWEIA category 2502 (Eggs and omelets).,OFFICIAL_SOURCE_IMPORTED
fndds_egg_whole_pickled,usda_fooddata_central_fndds,2707167,USDA FoodData Central FNDDS 2021-2023 survey food; WWEIA category 2502 (Eggs and omelets).,OFFICIAL_SOURCE_IMPORTED
fndds_egg_whole_boiled_or_poached,usda_fooddata_central_fndds,2707154,USDA FoodData Central FNDDS 2021-2023 survey food; WWEIA category 2502 (Eggs and omelets).,OFFICIAL_SOURCE_IMPORTED
fndds_egg_whole_fried_with_oil,usda_fooddata_central_fndds,2707158,USDA FoodData Central FNDDS 2021-2023 survey food; WWEIA category 2502 (Eggs and omelets).,OFFICIAL_SOURCE_IMPORTED
fndds_egg_whole_baked_fat_added,usda_fooddata_central_fndds,2707166,USDA FoodData Central FNDDS 2021-2023 survey food; WWEIA category 2502 (Eggs and omelets).,OFFICIAL_SOURCE_IMPORTED
fndds_egg_salad_made_with_mayonnaise,usda_fooddata_central_fndds,2707182,USDA FoodData Central FNDDS 2021-2023 survey food; WWEIA category 2502 (Eggs and omelets).,OFFICIAL_SOURCE_IMPORTED
fndds_egg_white_cooked_fat_added,usda_fooddata_central_fndds,2707171,USDA FoodData Central FNDDS 2021-2023 survey food; WWEIA category 2502 (Eggs and omelets).,OFFICIAL_SOURCE_IMPORTED
fndds_egg_whole_fried_with_butter,usda_fooddata_central_fndds,2707159,USDA FoodData Central FNDDS 2021-2023 survey food; WWEIA category 2502 (Eggs and omelets).,OFFICIAL_SOURCE_IMPORTED
fndds_egg_whole_fried_no_added_fat,usda_fooddata_central_fndds,2707156,USDA FoodData Central FNDDS 2021-2023 survey food; WWEIA category 2502 (Eggs and omelets).,OFFICIAL_SOURCE_IMPORTED
fndds_egg_whole_baked_no_added_fat,usda_fooddata_central_fndds,2707165,USDA FoodData Central FNDDS 2021-2023 survey food; WWEIA category 2502 (Eggs and omelets).,OFFICIAL_SOURCE_IMPORTED
fndds_spam,usda_fooddata_central_fndds,2706211,USDA FoodData Central FNDDS 2021-2023 survey food; WWEIA category 2602 (Cold cuts and cured meats).,OFFICIAL_SOURCE_IMPORTED
fndds_bologna,usda_fooddata_central_fndds,2706176,USDA FoodData Central FNDDS 2021-2023 survey food; WWEIA category 2602 (Cold cuts and cured meats).,OFFICIAL_SOURCE_IMPORTED
fndds_beef_jerky,usda_fooddata_central_fndds,2705860,USDA FoodData Central FNDDS 2021-2023 survey food; WWEIA category 2602 (Cold cuts and cured meats).,OFFICIAL_SOURCE_IMPORTED
fndds_pork_jerky,usda_fooddata_central_fndds,2705865,USDA FoodData Central FNDDS 2021-2023 survey food; WWEIA category 2602 (Cold cuts and cured meats).,OFFICIAL_SOURCE_IMPORTED
fndds_mortadella,usda_fooddata_central_fndds,2706182,USDA FoodData Central FNDDS 2021-2023 survey food; WWEIA category 2602 (Cold cuts and cured meats).,OFFICIAL_SOURCE_IMPORTED
fndds_liverwurst,usda_fooddata_central_fndds,2706213,USDA FoodData Central FNDDS 2021-2023 survey food; WWEIA category 2602 (Cold cuts and cured meats).,OFFICIAL_SOURCE_IMPORTED
fndds_head_cheese,usda_fooddata_central_fndds,2706180,USDA FoodData Central FNDDS 2021-2023 survey food; WWEIA category 2602 (Cold cuts and cured meats).,OFFICIAL_SOURCE_IMPORTED
fndds_pork_roll,usda_fooddata_central_fndds,2705883,USDA FoodData Central FNDDS 2021-2023 survey food; WWEIA category 2602 (Cold cuts and cured meats).,OFFICIAL_SOURCE_IMPORTED
fndds_ham_canned,usda_fooddata_central_fndds,2705880,USDA FoodData Central FNDDS 2021-2023 survey food; WWEIA category 2602 (Cold cuts and cured meats).,OFFICIAL_SOURCE_IMPORTED
fndds_ham_ground,usda_fooddata_central_fndds,2705881,USDA FoodData Central FNDDS 2021-2023 survey food; WWEIA category 2602 (Cold cuts and cured meats).,OFFICIAL_SOURCE_IMPORTED
fndds_venison_sausage,usda_fooddata_central_fndds,2705916,USDA FoodData Central FNDDS 2021-2023 survey food; WWEIA category 2602 (Cold cuts and cured meats).,OFFICIAL_SOURCE_IMPORTED
fndds_bacon_bits,usda_fooddata_central_fndds,2707466,USDA FoodData Central FNDDS 2021-2023 survey food; WWEIA category 2604 (Bacon).,OFFICIAL_SOURCE_IMPORTED
fndds_turkey_bacon_cooked,usda_fooddata_central_fndds,2706135,USDA FoodData Central FNDDS 2021-2023 survey food; WWEIA category 2604 (Bacon).,OFFICIAL_SOURCE_IMPORTED
fndds_beef_bacon_cooked,usda_fooddata_central_fndds,2705856,USDA FoodData Central FNDDS 2021-2023 survey food; WWEIA category 2604 (Bacon).,OFFICIAL_SOURCE_IMPORTED
fndds_bacon_or_side_pork_fresh_cooked,usda_fooddata_central_fndds,2705890,USDA FoodData Central FNDDS 2021-2023 survey food; WWEIA category 2604 (Bacon).,OFFICIAL_SOURCE_IMPORTED
fndds_pork_bacon_smoked_or_cured_cooked,usda_fooddata_central_fndds,2705889,USDA FoodData Central FNDDS 2021-2023 survey food; WWEIA category 2604 (Bacon).,OFFICIAL_SOURCE_IMPORTED
fndds_hot_dog_beef,usda_fooddata_central_fndds,2706167,USDA FoodData Central FNDDS 2021-2023 survey food; WWEIA category 2606 (Frankfurters).,OFFICIAL_SOURCE_IMPORTED
fndds_hot_dog_turkey,usda_fooddata_central_fndds,2706170,USDA FoodData Central FNDDS 2021-2023 survey food; WWEIA category 2606 (Frankfurters).,OFFICIAL_SOURCE_IMPORTED
fndds_hot_dog_reduced_fat,usda_fooddata_central_fndds,2706169,USDA FoodData Central FNDDS 2021-2023 survey food; WWEIA category 2606 (Frankfurters).,OFFICIAL_SOURCE_IMPORTED
fndds_hot_dog_meat_and_poultry,usda_fooddata_central_fndds,2706168,USDA FoodData Central FNDDS 2021-2023 survey food; WWEIA category 2606 (Frankfurters).,OFFICIAL_SOURCE_IMPORTED
fndds_chorizo,usda_fooddata_central_fndds,2706179,USDA FoodData Central FNDDS 2021-2023 survey food; WWEIA category 2608 (Sausages).,OFFICIAL_SOURCE_IMPORTED
fndds_bratwurst,usda_fooddata_central_fndds,2706174,USDA FoodData Central FNDDS 2021-2023 survey food; WWEIA category 2608 (Sausages).,OFFICIAL_SOURCE_IMPORTED
fndds_thuringer,usda_fooddata_central_fndds,2706199,USDA FoodData Central FNDDS 2021-2023 survey food; WWEIA category 2608 (Sausages).,OFFICIAL_SOURCE_IMPORTED
fndds_knockwurst,usda_fooddata_central_fndds,2706181,USDA FoodData Central FNDDS 2021-2023 survey food; WWEIA category 2608 (Sausages).,OFFICIAL_SOURCE_IMPORTED
fndds_pork_sausage,usda_fooddata_central_fndds,2706191,USDA FoodData Central FNDDS 2021-2023 survey food; WWEIA category 2608 (Sausages).,OFFICIAL_SOURCE_IMPORTED
fndds_blood_sausage,usda_fooddata_central_fndds,2706173,USDA FoodData Central FNDDS 2021-2023 survey food; WWEIA category 2608 (Sausages).,OFFICIAL_SOURCE_IMPORTED
fndds_polish_sausage,usda_fooddata_central_fndds,2706188,USDA FoodData Central FNDDS 2021-2023 survey food; WWEIA category 2608 (Sausages).,OFFICIAL_SOURCE_IMPORTED
fndds_dal,usda_fooddata_central_fndds,2707427,"USDA FoodData Central FNDDS 2021-2023 survey food; WWEIA category 2802 (Beans, peas, legumes).",OFFICIAL_SOURCE_IMPORTED
fndds_baked_beans,usda_fooddata_central_fndds,2707390,"USDA FoodData Central FNDDS 2021-2023 survey food; WWEIA category 2802 (Beans, peas, legumes).",OFFICIAL_SOURCE_IMPORTED
fndds_soy_nuts,usda_fooddata_central_fndds,2707433,"USDA FoodData Central FNDDS 2021-2023 survey food; WWEIA category 2802 (Beans, peas, legumes).",OFFICIAL_SOURCE_IMPORTED
fndds_wasabi_peas,usda_fooddata_central_fndds,2707422,"USDA FoodData Central FNDDS 2021-2023 survey food; WWEIA category 2802 (Beans, peas, legumes).",OFFICIAL_SOURCE_IMPORTED
fndds_refried_beans,usda_fooddata_central_fndds,2707396,"USDA FoodData Central FNDDS 2021-2023 survey food; WWEIA category 2802 (Beans, peas, legumes).",OFFICIAL_SOURCE_IMPORTED
fndds_pork_and_beans,usda_fooddata_central_fndds,2707406,"USDA FoodData Central FNDDS 2021-2023 survey food; WWEIA category 2802 (Beans, peas, legumes).",OFFICIAL_SOURCE_IMPORTED
fndds_edamame_cooked,usda_fooddata_central_fndds,2707436,"USDA FoodData Central FNDDS 2021-2023 survey food; WWEIA category 2802 (Beans, peas, legumes).",OFFICIAL_SOURCE_IMPORTED
fndds_soybeans_cooked,usda_fooddata_central_fndds,2707388,"USDA FoodData Central FNDDS 2021-2023 survey food; WWEIA category 2802 (Beans, peas, legumes).",OFFICIAL_SOURCE_IMPORTED
fndds_beans_and_franks,usda_fooddata_central_fndds,2707405,"USDA FoodData Central FNDDS 2021-2023 survey food; WWEIA category 2802 (Beans, peas, legumes).",OFFICIAL_SOURCE_IMPORTED
fndds_fava_beans_cooked,usda_fooddata_central_fndds,2707367,"USDA FoodData Central FNDDS 2021-2023 survey food; WWEIA category 2802 (Beans, peas, legumes).",OFFICIAL_SOURCE_IMPORTED
fndds_pink_beans_cooked,usda_fooddata_central_fndds,2707370,"USDA FoodData Central FNDDS 2021-2023 survey food; WWEIA category 2802 (Beans, peas, legumes).",OFFICIAL_SOURCE_IMPORTED
fndds_mung_beans_cooked,usda_fooddata_central_fndds,2707389,"USDA FoodData Central FNDDS 2021-2023 survey food; WWEIA category 2802 (Beans, peas, legumes).",OFFICIAL_SOURCE_IMPORTED
fndds_black_beans_with_meat,usda_fooddata_central_fndds,2707366,"USDA FoodData Central FNDDS 2021-2023 survey food; WWEIA category 2802 (Beans, peas, legumes).",OFFICIAL_SOURCE_IMPORTED
fndds_pinto_beans_with_meat,usda_fooddata_central_fndds,2707378,"USDA FoodData Central FNDDS 2021-2023 survey food; WWEIA category 2802 (Beans, peas, legumes).",OFFICIAL_SOURCE_IMPORTED
fndds_tahini,usda_fooddata_central_fndds,2707587,USDA FoodData Central FNDDS 2021-2023 survey food; WWEIA category 2804 (Nuts and seeds).,OFFICIAL_SOURCE_IMPORTED
fndds_chestnuts,usda_fooddata_central_fndds,2707499,USDA FoodData Central FNDDS 2021-2023 survey food; WWEIA category 2804 (Nuts and seeds).,OFFICIAL_SOURCE_IMPORTED
fndds_hazelnuts,usda_fooddata_central_fndds,2707502,USDA FoodData Central FNDDS 2021-2023 survey food; WWEIA category 2804 (Nuts and seeds).,OFFICIAL_SOURCE_IMPORTED
fndds_pine_nuts,usda_fooddata_central_fndds,2707526,USDA FoodData Central FNDDS 2021-2023 survey food; WWEIA category 2804 (Nuts and seeds).,OFFICIAL_SOURCE_IMPORTED
fndds_flax_seeds,usda_fooddata_central_fndds,2707588,USDA FoodData Central FNDDS 2021-2023 survey food; WWEIA category 2804 (Nuts and seeds).,OFFICIAL_SOURCE_IMPORTED
fndds_chia_seeds,usda_fooddata_central_fndds,2707590,USDA FoodData Central FNDDS 2021-2023 survey food; WWEIA category 2804 (Nuts and seeds).,OFFICIAL_SOURCE_IMPORTED
fndds_brazil_nuts,usda_fooddata_central_fndds,2707492,USDA FoodData Central FNDDS 2021-2023 survey food; WWEIA category 2804 (Nuts and seeds).,OFFICIAL_SOURCE_IMPORTED
fndds_mixed_seeds,usda_fooddata_central_fndds,2707589,USDA FoodData Central FNDDS 2021-2023 survey food; WWEIA category 2804 (Nuts and seeds).,OFFICIAL_SOURCE_IMPORTED
fndds_almond_paste,usda_fooddata_central_fndds,2707535,USDA FoodData Central FNDDS 2021-2023 survey food; WWEIA category 2804 (Nuts and seeds).,OFFICIAL_SOURCE_IMPORTED
fndds_sesame_seeds,usda_fooddata_central_fndds,2707586,USDA FoodData Central FNDDS 2021-2023 survey food; WWEIA category 2804 (Nuts and seeds).,OFFICIAL_SOURCE_IMPORTED
fndds_almond_butter,usda_fooddata_central_fndds,2707533,USDA FoodData Central FNDDS 2021-2023 survey food; WWEIA category 2804 (Nuts and seeds).,OFFICIAL_SOURCE_IMPORTED
fndds_cashew_butter,usda_fooddata_central_fndds,2707536,USDA FoodData Central FNDDS 2021-2023 survey food; WWEIA category 2804 (Nuts and seeds).,OFFICIAL_SOURCE_IMPORTED
fndds_coconut_fresh,usda_fooddata_central_fndds,2707500,USDA FoodData Central FNDDS 2021-2023 survey food; WWEIA category 2804 (Nuts and seeds).,OFFICIAL_SOURCE_IMPORTED
fndds_macadamia_nuts,usda_fooddata_central_fndds,2707503,USDA FoodData Central FNDDS 2021-2023 survey food; WWEIA category 2804 (Nuts and seeds).,OFFICIAL_SOURCE_IMPORTED
fndds_soybean_curd,usda_fooddata_central_fndds,2707435,USDA FoodData Central FNDDS 2021-2023 survey food; WWEIA category 2806 (Soy and meat-alternative products).,OFFICIAL_SOURCE_IMPORTED
fndds_soy_nut_butter,usda_fooddata_central_fndds,2707545,USDA FoodData Central FNDDS 2021-2023 survey food; WWEIA category 2806 (Soy and meat-alternative products).,OFFICIAL_SOURCE_IMPORTED
fndds_soybean_curd_cheese,usda_fooddata_central_fndds,2707437,USDA FoodData Central FNDDS 2021-2023 survey food; WWEIA category 2806 (Soy and meat-alternative products).,OFFICIAL_SOURCE_IMPORTED
fndds_meatball_meatless,usda_fooddata_central_fndds,2707472,USDA FoodData Central FNDDS 2021-2023 survey food; WWEIA category 2806 (Soy and meat-alternative products).,OFFICIAL_SOURCE_IMPORTED
fndds_vegetarian_fillet,usda_fooddata_central_fndds,2707478,USDA FoodData Central FNDDS 2021-2023 survey food; WWEIA category 2806 (Soy and meat-alternative products).,OFFICIAL_SOURCE_IMPORTED
fndds_hot_dog_vegetarian,usda_fooddata_central_fndds,2707470,USDA FoodData Central FNDDS 2021-2023 survey food; WWEIA category 2806 (Soy and meat-alternative products).,OFFICIAL_SOURCE_IMPORTED
fndds_bacon_strip_meatless,usda_fooddata_central_fndds,2707465,USDA FoodData Central FNDDS 2021-2023 survey food; WWEIA category 2806 (Soy and meat-alternative products).,OFFICIAL_SOURCE_IMPORTED
fndds_pork_hash,usda_fooddata_central_fndds,2706766,USDA FoodData Central FNDDS 2021-2023 survey food; WWEIA category 3002 (Meat mixed dishes).,OFFICIAL_SOURCE_IMPORTED
fndds_beef_curry,usda_fooddata_central_fndds,2706388,USDA FoodData Central FNDDS 2021-2023 survey food; WWEIA category 3002 (Meat mixed dishes).,OFFICIAL_SOURCE_IMPORTED
fndds_beef_salad,usda_fooddata_central_fndds,2706749,USDA FoodData Central FNDDS 2021-2023 survey food; WWEIA category 3002 (Meat mixed dishes).,OFFICIAL_SOURCE_IMPORTED
fndds_swiss_steak,usda_fooddata_central_fndds,2706732,USDA FoodData Central FNDDS 2021-2023 survey food; WWEIA category 3002 (Meat mixed dishes).,OFFICIAL_SOURCE_IMPORTED
fndds_veal_marsala,usda_fooddata_central_fndds,2706416,USDA FoodData Central FNDDS 2021-2023 survey food; WWEIA category 3002 (Meat mixed dishes).,OFFICIAL_SOURCE_IMPORTED
fndds_pepper_steak,usda_fooddata_central_fndds,2706747,USDA FoodData Central FNDDS 2021-2023 survey food; WWEIA category 3002 (Meat mixed dishes).,OFFICIAL_SOURCE_IMPORTED
fndds_beef_burgundy,usda_fooddata_central_fndds,2706371,USDA FoodData Central FNDDS 2021-2023 survey food; WWEIA category 3002 (Meat mixed dishes).,OFFICIAL_SOURCE_IMPORTED
fndds_steak_tartare,usda_fooddata_central_fndds,2706394,USDA FoodData Central FNDDS 2021-2023 survey food; WWEIA category 3002 (Meat mixed dishes).,OFFICIAL_SOURCE_IMPORTED
fndds_sausage_gravy,usda_fooddata_central_fndds,2706406,USDA FoodData Central FNDDS 2021-2023 survey food; WWEIA category 3002 (Meat mixed dishes).,OFFICIAL_SOURCE_IMPORTED
fndds_ham_croquette,usda_fooddata_central_fndds,2706508,USDA FoodData Central FNDDS 2021-2023 survey food; WWEIA category 3002 (Meat mixed dishes).,OFFICIAL_SOURCE_IMPORTED
fndds_stew_pork,usda_fooddata_central_fndds,2706519,USDA FoodData Central FNDDS 2021-2023 survey food; WWEIA category 3002 (Meat mixed dishes).,OFFICIAL_SOURCE_IMPORTED
fndds_stew_beef,usda_fooddata_central_fndds,2706592,USDA FoodData Central FNDDS 2021-2023 survey food; WWEIA category 3002 (Meat mixed dishes).,OFFICIAL_SOURCE_IMPORTED
fndds_stew_lamb,usda_fooddata_central_fndds,2706660,USDA FoodData Central FNDDS 2021-2023 survey food; WWEIA category 3002 (Meat mixed dishes).,OFFICIAL_SOURCE_IMPORTED
fndds_ham_stroganoff,usda_fooddata_central_fndds,2706402,USDA FoodData Central FNDDS 2021-2023 survey food; WWEIA category 3002 (Meat mixed dishes).,OFFICIAL_SOURCE_IMPORTED
fndds_shepherd_s_pie,usda_fooddata_central_fndds,2706594,USDA FoodData Central FNDDS 2021-2023 survey food; WWEIA category 3002 (Meat mixed dishes).,OFFICIAL_SOURCE_IMPORTED
fndds_chili_with_meat,usda_fooddata_central_fndds,2706377,USDA FoodData Central FNDDS 2021-2023 survey food; WWEIA category 3002 (Meat mixed dishes).,OFFICIAL_SOURCE_IMPORTED
fndds_beef_with_gravy,usda_fooddata_central_fndds,2706379,USDA FoodData Central FNDDS 2021-2023 survey food; WWEIA category 3002 (Meat mixed dishes).,OFFICIAL_SOURCE_IMPORTED
fndds_beef_stroganoff,usda_fooddata_central_fndds,2706382,USDA FoodData Central FNDDS 2021-2023 survey food; WWEIA category 3002 (Meat mixed dishes).,OFFICIAL_SOURCE_IMPORTED
fndds_veal_scallopini,usda_fooddata_central_fndds,2706415,USDA FoodData Central FNDDS 2021-2023 survey food; WWEIA category 3002 (Meat mixed dishes).,OFFICIAL_SOURCE_IMPORTED
fndds_veal_parmigiana,usda_fooddata_central_fndds,2706417,USDA FoodData Central FNDDS 2021-2023 survey food; WWEIA category 3002 (Meat mixed dishes).,OFFICIAL_SOURCE_IMPORTED
fndds_chicken_kiev,usda_fooddata_central_fndds,2706445,USDA FoodData Central FNDDS 2021-2023 survey food; WWEIA category 3004 (Poultry mixed dishes).,OFFICIAL_SOURCE_IMPORTED
fndds_chicken_curry,usda_fooddata_central_fndds,2706437,USDA FoodData Central FNDDS 2021-2023 survey food; WWEIA category 3004 (Poultry mixed dishes).,OFFICIAL_SOURCE_IMPORTED
fndds_chili_white,usda_fooddata_central_fndds,2706427,USDA FoodData Central FNDDS 2021-2023 survey food; WWEIA category 3004 (Poultry mixed dishes).,OFFICIAL_SOURCE_IMPORTED
fndds_barbecue_chicken,usda_fooddata_central_fndds,2706434,USDA FoodData Central FNDDS 2021-2023 survey food; WWEIA category 3004 (Poultry mixed dishes).,OFFICIAL_SOURCE_IMPORTED
fndds_stew_chicken,usda_fooddata_central_fndds,2706678,USDA FoodData Central FNDDS 2021-2023 survey food; WWEIA category 3004 (Poultry mixed dishes).,OFFICIAL_SOURCE_IMPORTED
fndds_turkey_with_gravy,usda_fooddata_central_fndds,2706430,USDA FoodData Central FNDDS 2021-2023 survey food; WWEIA category 3004 (Poultry mixed dishes).,OFFICIAL_SOURCE_IMPORTED
fndds_chicken_cornbread,usda_fooddata_central_fndds,2708745,USDA FoodData Central FNDDS 2021-2023 survey food; WWEIA category 3004 (Poultry mixed dishes).,OFFICIAL_SOURCE_IMPORTED
fndds_chili_with_chicken,usda_fooddata_central_fndds,2706426,USDA FoodData Central FNDDS 2021-2023 survey food; WWEIA category 3004 (Poultry mixed dishes).,OFFICIAL_SOURCE_IMPORTED
fndds_chicken_with_gravy,usda_fooddata_central_fndds,2706428,USDA FoodData Central FNDDS 2021-2023 survey food; WWEIA category 3004 (Poultry mixed dishes).,OFFICIAL_SOURCE_IMPORTED
fndds_pot_pie_chicken,usda_fooddata_central_fndds,2706703,USDA FoodData Central FNDDS 2021-2023 survey food; WWEIA category 3004 (Poultry mixed dishes).,OFFICIAL_SOURCE_IMPORTED
fndds_adobo_with_rice,usda_fooddata_central_fndds,2708958,USDA FoodData Central FNDDS 2021-2023 survey food; WWEIA category 3004 (Poultry mixed dishes).,OFFICIAL_SOURCE_IMPORTED
fndds_chicken_or_turkey_hash,usda_fooddata_central_fndds,2706527,USDA FoodData Central FNDDS 2021-2023 survey food; WWEIA category 3004 (Poultry mixed dishes).,OFFICIAL_SOURCE_IMPORTED
fndds_adobo_with_noodles,usda_fooddata_central_fndds,2708809,USDA FoodData Central FNDDS 2021-2023 survey food; WWEIA category 3004 (Poultry mixed dishes).,OFFICIAL_SOURCE_IMPORTED
fndds_chicken_curry_with_rice,usda_fooddata_central_fndds,2706438,USDA FoodData Central FNDDS 2021-2023 survey food; WWEIA category 3004 (Poultry mixed dishes).,OFFICIAL_SOURCE_IMPORTED
fndds_chicken_with_mole_sauce,usda_fooddata_central_fndds,2706439,USDA FoodData Central FNDDS 2021-2023 survey food; WWEIA category 3004 (Poultry mixed dishes).,OFFICIAL_SOURCE_IMPORTED
fndds_chicken_or_turkey_divan,usda_fooddata_central_fndds,2706789,USDA FoodData Central FNDDS 2021-2023 survey food; WWEIA category 3004 (Poultry mixed dishes).,OFFICIAL_SOURCE_IMPORTED
fndds_chicken_or_turkey_souffle,usda_fooddata_central_fndds,2706546,USDA FoodData Central FNDDS 2021-2023 survey food; WWEIA category 3004 (Poultry mixed dishes).,OFFICIAL_SOURCE_IMPORTED
fndds_chicken_or_turkey_fricassee,usda_fooddata_central_fndds,2706429,USDA FoodData Central FNDDS 2021-2023 survey food; WWEIA category 3004 (Poultry mixed dishes).,OFFICIAL_SOURCE_IMPORTED
fndds_chicken_or_turkey_cacciatore,usda_fooddata_central_fndds,2706421,USDA FoodData Central FNDDS 2021-2023 survey food; WWEIA category 3004 (Poultry mixed dishes).,OFFICIAL_SOURCE_IMPORTED
fndds_chili_with_chicken_and_beans,usda_fooddata_central_fndds,2706425,USDA FoodData Central FNDDS 2021-2023 survey food; WWEIA category 3004 (Poultry mixed dishes).,OFFICIAL_SOURCE_IMPORTED
fndds_ceviche,usda_fooddata_central_fndds,2706463,USDA FoodData Central FNDDS 2021-2023 survey food; WWEIA category 3006 (Seafood mixed dishes).,OFFICIAL_SOURCE_IMPORTED
fndds_lau_lau,usda_fooddata_central_fndds,2706873,USDA FoodData Central FNDDS 2021-2023 survey food; WWEIA category 3006 (Seafood mixed dishes).,OFFICIAL_SOURCE_IMPORTED
fndds_fish_curry,usda_fooddata_central_fndds,2706460,USDA FoodData Central FNDDS 2021-2023 survey food; WWEIA category 3006 (Seafood mixed dishes).,OFFICIAL_SOURCE_IMPORTED
fndds_crab_salad,usda_fooddata_central_fndds,2706824,USDA FoodData Central FNDDS 2021-2023 survey food; WWEIA category 3006 (Seafood mixed dishes).,OFFICIAL_SOURCE_IMPORTED
fndds_lomi_salmon,usda_fooddata_central_fndds,2706850,USDA FoodData Central FNDDS 2021-2023 survey food; WWEIA category 3006 (Seafood mixed dishes).,OFFICIAL_SOURCE_IMPORTED
fndds_gefilte_fish,usda_fooddata_central_fndds,2706551,USDA FoodData Central FNDDS 2021-2023 survey food; WWEIA category 3006 (Seafood mixed dishes).,OFFICIAL_SOURCE_IMPORTED
fndds_clams_casino,usda_fooddata_central_fndds,2706564,USDA FoodData Central FNDDS 2021-2023 survey food; WWEIA category 3006 (Seafood mixed dishes).,OFFICIAL_SOURCE_IMPORTED
fndds_shrimp_toast,usda_fooddata_central_fndds,2706567,USDA FoodData Central FNDDS 2021-2023 survey food; WWEIA category 3006 (Seafood mixed dishes).,OFFICIAL_SOURCE_IMPORTED
fndds_salmon_salad,usda_fooddata_central_fndds,2706826,USDA FoodData Central FNDDS 2021-2023 survey food; WWEIA category 3006 (Seafood mixed dishes).,OFFICIAL_SOURCE_IMPORTED
fndds_shrimp_salad,usda_fooddata_central_fndds,2706837,USDA FoodData Central FNDDS 2021-2023 survey food; WWEIA category 3006 (Seafood mixed dishes).,OFFICIAL_SOURCE_IMPORTED
fndds_shrimp_gumbo,usda_fooddata_central_fndds,2707142,USDA FoodData Central FNDDS 2021-2023 survey food; WWEIA category 3006 (Seafood mixed dishes).,OFFICIAL_SOURCE_IMPORTED
fndds_lobster_salad,usda_fooddata_central_fndds,2706825,USDA FoodData Central FNDDS 2021-2023 survey food; WWEIA category 3006 (Seafood mixed dishes).,OFFICIAL_SOURCE_IMPORTED
fndds_seafood_salad,usda_fooddata_central_fndds,2706838,USDA FoodData Central FNDDS 2021-2023 survey food; WWEIA category 3006 (Seafood mixed dishes).,OFFICIAL_SOURCE_IMPORTED
fndds_lobster_gumbo,usda_fooddata_central_fndds,2707141,USDA FoodData Central FNDDS 2021-2023 survey food; WWEIA category 3006 (Seafood mixed dishes).,OFFICIAL_SOURCE_IMPORTED
fndds_stew_fish,usda_fooddata_central_fndds,2706466,USDA FoodData Central FNDDS 2021-2023 survey food; WWEIA category 3006 (Seafood mixed dishes).,OFFICIAL_SOURCE_IMPORTED
fndds_crab_cake,usda_fooddata_central_fndds,2706549,USDA FoodData Central FNDDS 2021-2023 survey food; WWEIA category 3006 (Seafood mixed dishes).,OFFICIAL_SOURCE_IMPORTED
fndds_seafood_souffle,usda_fooddata_central_fndds,2706569,USDA FoodData Central FNDDS 2021-2023 survey food; WWEIA category 3006 (Seafood mixed dishes).,OFFICIAL_SOURCE_IMPORTED
fndds_bean_cake,usda_fooddata_central_fndds,2707409,"USDA FoodData Central FNDDS 2021-2023 survey food; WWEIA category 3102 (Bean, pea, legume dishes).",OFFICIAL_SOURCE_IMPORTED
fndds_lentil_curry,usda_fooddata_central_fndds,2707431,"USDA FoodData Central FNDDS 2021-2023 survey food; WWEIA category 3102 (Bean, pea, legume dishes).",OFFICIAL_SOURCE_IMPORTED
fndds_black_bean_salad,usda_fooddata_central_fndds,2707395,"USDA FoodData Central FNDDS 2021-2023 survey food; WWEIA category 3102 (Bean, pea, legume dishes).",OFFICIAL_SOURCE_IMPORTED
fndds_pot_pie_no_meat,usda_fooddata_central_fndds,2707475,"USDA FoodData Central FNDDS 2021-2023 survey food; WWEIA category 3102 (Bean, pea, legume dishes).",OFFICIAL_SOURCE_IMPORTED
fndds_beans_and_white_rice,usda_fooddata_central_fndds,2708990,"USDA FoodData Central FNDDS 2021-2023 survey food; WWEIA category 3102 (Bean, pea, legume dishes).",OFFICIAL_SOURCE_IMPORTED
fndds_beans_and_brown_rice,usda_fooddata_central_fndds,2709033,"USDA FoodData Central FNDDS 2021-2023 survey food; WWEIA category 3102 (Bean, pea, legume dishes).",OFFICIAL_SOURCE_IMPORTED
fndds_chili_vegetarian,usda_fooddata_central_fndds,2707411,"USDA FoodData Central FNDDS 2021-2023 survey food; WWEIA category 3102 (Bean, pea, legume dishes).",OFFICIAL_SOURCE_IMPORTED
fndds_vegetarian_stroganoff,usda_fooddata_central_fndds,2707480,"USDA FoodData Central FNDDS 2021-2023 survey food; WWEIA category 3102 (Bean, pea, legume dishes).",OFFICIAL_SOURCE_IMPORTED
fndds_channa_saag,usda_fooddata_central_fndds,2709632,USDA FoodData Central FNDDS 2021-2023 survey food; WWEIA category 3104 (Vegetable dishes).,OFFICIAL_SOURCE_IMPORTED
fndds_ratatouille,usda_fooddata_central_fndds,2710028,USDA FoodData Central FNDDS 2021-2023 survey food; WWEIA category 3104 (Vegetable dishes).,OFFICIAL_SOURCE_IMPORTED
fndds_palak_paneer,usda_fooddata_central_fndds,2709631,USDA FoodData Central FNDDS 2021-2023 survey food; WWEIA category 3104 (Vegetable dishes).,OFFICIAL_SOURCE_IMPORTED
fndds_vegetarian_stew,usda_fooddata_central_fndds,2707479,USDA FoodData Central FNDDS 2021-2023 survey food; WWEIA category 3104 (Vegetable dishes).,OFFICIAL_SOURCE_IMPORTED
fndds_spinach_souffle,usda_fooddata_central_fndds,2709629,USDA FoodData Central FNDDS 2021-2023 survey food; WWEIA category 3104 (Vegetable dishes).,OFFICIAL_SOURCE_IMPORTED
fndds_vegetable_curry,usda_fooddata_central_fndds,2710067,USDA FoodData Central FNDDS 2021-2023 survey food; WWEIA category 3104 (Vegetable dishes).,OFFICIAL_SOURCE_IMPORTED
fndds_stew_vegetable,usda_fooddata_central_fndds,2710063,USDA FoodData Central FNDDS 2021-2023 survey food; WWEIA category 3104 (Vegetable dishes).,OFFICIAL_SOURCE_IMPORTED
fndds_green_bean_casserole,usda_fooddata_central_fndds,2710040,USDA FoodData Central FNDDS 2021-2023 survey food; WWEIA category 3104 (Vegetable dishes).,OFFICIAL_SOURCE_IMPORTED
fndds_mushrooms_stuffed,usda_fooddata_central_fndds,2710052,USDA FoodData Central FNDDS 2021-2023 survey food; WWEIA category 3104 (Vegetable dishes).,OFFICIAL_SOURCE_IMPORTED
fndds_tomatoes_scalloped,usda_fooddata_central_fndds,2709723,USDA FoodData Central FNDDS 2021-2023 survey food; WWEIA category 3104 (Vegetable dishes).,OFFICIAL_SOURCE_IMPORTED
fndds_idli,usda_fooddata_central_fndds,2708346,USDA FoodData Central FNDDS 2021-2023 survey food; WWEIA category 3202 (Rice mixed dishes).,OFFICIAL_SOURCE_IMPORTED
fndds_rice_pilaf,usda_fooddata_central_fndds,2709077,USDA FoodData Central FNDDS 2021-2023 survey food; WWEIA category 3202 (Rice mixed dishes).,OFFICIAL_SOURCE_IMPORTED
fndds_dirty_rice,usda_fooddata_central_fndds,2709078,USDA FoodData Central FNDDS 2021-2023 survey food; WWEIA category 3202 (Rice mixed dishes).,OFFICIAL_SOURCE_IMPORTED
fndds_rice_dressing,usda_fooddata_central_fndds,2709089,USDA FoodData Central FNDDS 2021-2023 survey food; WWEIA category 3202 (Rice mixed dishes).,OFFICIAL_SOURCE_IMPORTED
fndds_rice_croquette,usda_fooddata_central_fndds,2709071,USDA FoodData Central FNDDS 2021-2023 survey food; WWEIA category 3202 (Rice mixed dishes).,OFFICIAL_SOURCE_IMPORTED
fndds_biryani_with_meat,usda_fooddata_central_fndds,2706490,USDA FoodData Central FNDDS 2021-2023 survey food; WWEIA category 3202 (Rice mixed dishes).,OFFICIAL_SOURCE_IMPORTED
fndds_rice_with_raisins,usda_fooddata_central_fndds,2709090,USDA FoodData Central FNDDS 2021-2023 survey food; WWEIA category 3202 (Rice mixed dishes).,OFFICIAL_SOURCE_IMPORTED
fndds_paella_with_seafood,usda_fooddata_central_fndds,2706711,USDA FoodData Central FNDDS 2021-2023 survey food; WWEIA category 3202 (Rice mixed dishes).,OFFICIAL_SOURCE_IMPORTED
fndds_bibimbap_korean,usda_fooddata_central_fndds,2708950,USDA FoodData Central FNDDS 2021-2023 survey food; WWEIA category 3202 (Rice mixed dishes).,OFFICIAL_SOURCE_IMPORTED
fndds_congee_with_egg,usda_fooddata_central_fndds,2708984,USDA FoodData Central FNDDS 2021-2023 survey food; WWEIA category 3202 (Rice mixed dishes).,OFFICIAL_SOURCE_IMPORTED
fndds_biryani_with_chicken,usda_fooddata_central_fndds,2706538,USDA FoodData Central FNDDS 2021-2023 survey food; WWEIA category 3202 (Rice mixed dishes).,OFFICIAL_SOURCE_IMPORTED
fndds_flavored_rice_mixture,usda_fooddata_central_fndds,2709079,USDA FoodData Central FNDDS 2021-2023 survey food; WWEIA category 3202 (Rice mixed dishes).,OFFICIAL_SOURCE_IMPORTED
fndds_biryani_with_vegetables,usda_fooddata_central_fndds,2708985,USDA FoodData Central FNDDS 2021-2023 survey food; WWEIA category 3202 (Rice mixed dishes).,OFFICIAL_SOURCE_IMPORTED
fndds_congee_with_vegetables,usda_fooddata_central_fndds,2708983,USDA FoodData Central FNDDS 2021-2023 survey food; WWEIA category 3202 (Rice mixed dishes).,OFFICIAL_SOURCE_IMPORTED
fndds_spanish_rice_fat_added,usda_fooddata_central_fndds,2709085,USDA FoodData Central FNDDS 2021-2023 survey food; WWEIA category 3202 (Rice mixed dishes).,OFFICIAL_SOURCE_IMPORTED
fndds_jambalaya_with_meat_and_rice,usda_fooddata_central_fndds,2706727,USDA FoodData Central FNDDS 2021-2023 survey food; WWEIA category 3202 (Rice mixed dishes).,OFFICIAL_SOURCE_IMPORTED
fndds_cake_made_with_glutinous_rice,usda_fooddata_central_fndds,2708345,USDA FoodData Central FNDDS 2021-2023 survey food; WWEIA category 3202 (Rice mixed dishes).,OFFICIAL_SOURCE_IMPORTED
fndds_flavored_pasta,usda_fooddata_central_fndds,2708930,"USDA FoodData Central FNDDS 2021-2023 survey food; WWEIA category 3204 (Pasta mixed dishes, excludes macaroni and cheese).",OFFICIAL_SOURCE_IMPORTED
fndds_noodle_pudding,usda_fooddata_central_fndds,2708949,"USDA FoodData Central FNDDS 2021-2023 survey food; WWEIA category 3204 (Pasta mixed dishes, excludes macaroni and cheese).",OFFICIAL_SOURCE_IMPORTED
fndds_lasagna_with_meat,usda_fooddata_central_fndds,2708750,"USDA FoodData Central FNDDS 2021-2023 survey food; WWEIA category 3204 (Pasta mixed dishes, excludes macaroni and cheese).",OFFICIAL_SOURCE_IMPORTED
fndds_gnocchi_cheese,usda_fooddata_central_fndds,2708721,"USDA FoodData Central FNDDS 2021-2023 survey food; WWEIA category 3204 (Pasta mixed dishes, excludes macaroni and cheese).",OFFICIAL_SOURCE_IMPORTED
fndds_gnocchi_potato,usda_fooddata_central_fndds,2708722,"USDA FoodData Central FNDDS 2021-2023 survey food; WWEIA category 3204 (Pasta mixed dishes, excludes macaroni and cheese).",OFFICIAL_SOURCE_IMPORTED
fndds_lasagna_meatless,usda_fooddata_central_fndds,2708758,"USDA FoodData Central FNDDS 2021-2023 survey food; WWEIA category 3204 (Pasta mixed dishes, excludes macaroni and cheese).",OFFICIAL_SOURCE_IMPORTED
fndds_lasagna_with_meat_canned,usda_fooddata_central_fndds,2708751,"USDA FoodData Central FNDDS 2021-2023 survey food; WWEIA category 3204 (Pasta mixed dishes, excludes macaroni and cheese).",OFFICIAL_SOURCE_IMPORTED
fndds_lasagna_with_meat_frozen,usda_fooddata_central_fndds,2708754,"USDA FoodData Central FNDDS 2021-2023 survey food; WWEIA category 3204 (Pasta mixed dishes, excludes macaroni and cheese).",OFFICIAL_SOURCE_IMPORTED
fndds_lasagna_with_meat_and_spinach,usda_fooddata_central_fndds,2708755,"USDA FoodData Central FNDDS 2021-2023 survey food; WWEIA category 3204 (Pasta mixed dishes, excludes macaroni and cheese).",OFFICIAL_SOURCE_IMPORTED
fndds_lasagna_with_chicken_or_turkey,usda_fooddata_central_fndds,2708756,"USDA FoodData Central FNDDS 2021-2023 survey food; WWEIA category 3204 (Pasta mixed dishes, excludes macaroni and cheese).",OFFICIAL_SOURCE_IMPORTED
fndds_macaroni_or_pasta_salad_with_egg,usda_fooddata_central_fndds,2708941,"USDA FoodData Central FNDDS 2021-2023 survey food; WWEIA category 3204 (Pasta mixed dishes, excludes macaroni and cheese).",OFFICIAL_SOURCE_IMPORTED
fndds_macaroni_or_pasta_salad_with_tuna,usda_fooddata_central_fndds,2708942,"USDA FoodData Central FNDDS 2021-2023 survey food; WWEIA category 3204 (Pasta mixed dishes, excludes macaroni and cheese).",OFFICIAL_SOURCE_IMPORTED
fndds_macaroni_or_pasta_salad_with_meat,usda_fooddata_central_fndds,2708948,"USDA FoodData Central FNDDS 2021-2023 survey food; WWEIA category 3204 (Pasta mixed dishes, excludes macaroni and cheese).",OFFICIAL_SOURCE_IMPORTED
fndds_lasagna_with_meat_home_recipe,usda_fooddata_central_fndds,2708753,"USDA FoodData Central FNDDS 2021-2023 survey food; WWEIA category 3204 (Pasta mixed dishes, excludes macaroni and cheese).",OFFICIAL_SOURCE_IMPORTED
fndds_macaroni_or_pasta_salad_with_shrimp,usda_fooddata_central_fndds,2708944,"USDA FoodData Central FNDDS 2021-2023 survey food; WWEIA category 3204 (Pasta mixed dishes, excludes macaroni and cheese).",OFFICIAL_SOURCE_IMPORTED
fndds_macaroni_or_pasta_salad_with_cheese,usda_fooddata_central_fndds,2708947,"USDA FoodData Central FNDDS 2021-2023 survey food; WWEIA category 3204 (Pasta mixed dishes, excludes macaroni and cheese).",OFFICIAL_SOURCE_IMPORTED
fndds_macaroni_or_pasta_salad_with_chicken,usda_fooddata_central_fndds,2708946,"USDA FoodData Central FNDDS 2021-2023 survey food; WWEIA category 3204 (Pasta mixed dishes, excludes macaroni and cheese).",OFFICIAL_SOURCE_IMPORTED
fndds_ravioli_meat_filled_no_sauce,usda_fooddata_central_fndds,2708763,"USDA FoodData Central FNDDS 2021-2023 survey food; WWEIA category 3204 (Pasta mixed dishes, excludes macaroni and cheese).",OFFICIAL_SOURCE_IMPORTED
fndds_macaroni_or_pasta_salad_with_crab_meat,usda_fooddata_central_fndds,2708943,"USDA FoodData Central FNDDS 2021-2023 survey food; WWEIA category 3204 (Pasta mixed dishes, excludes macaroni and cheese).",OFFICIAL_SOURCE_IMPORTED
fndds_pasta_with_cream_sauce_home_recipe,usda_fooddata_central_fndds,2708856,"USDA FoodData Central FNDDS 2021-2023 survey food; WWEIA category 3204 (Pasta mixed dishes, excludes macaroni and cheese).",OFFICIAL_SOURCE_IMPORTED
fndds_macaroni_or_noodles_with_cheese,usda_fooddata_central_fndds,2708811,USDA FoodData Central FNDDS 2021-2023 survey food; WWEIA category 3206 (Macaroni and cheese).,OFFICIAL_SOURCE_IMPORTED
fndds_macaroni_or_noodles_with_cheese_and_egg,usda_fooddata_central_fndds,2708822,USDA FoodData Central FNDDS 2021-2023 survey food; WWEIA category 3206 (Macaroni and cheese).,OFFICIAL_SOURCE_IMPORTED
fndds_macaroni_or_noodles_with_cheese_and_tuna,usda_fooddata_central_fndds,2708817,USDA FoodData Central FNDDS 2021-2023 survey food; WWEIA category 3206 (Macaroni and cheese).,OFFICIAL_SOURCE_IMPORTED
fndds_macaroni_or_noodles_with_cheese_and_meat,usda_fooddata_central_fndds,2708818,USDA FoodData Central FNDDS 2021-2023 survey food; WWEIA category 3206 (Macaroni and cheese).,OFFICIAL_SOURCE_IMPORTED
fndds_macaroni_or_noodles_with_cheese_and_tomato,usda_fooddata_central_fndds,2708820,USDA FoodData Central FNDDS 2021-2023 survey food; WWEIA category 3206 (Macaroni and cheese).,OFFICIAL_SOURCE_IMPORTED
fndds_macaroni_or_noodles_with_cheese_canned,usda_fooddata_central_fndds,2708814,USDA FoodData Central FNDDS 2021-2023 survey food; WWEIA category 3206 (Macaroni and cheese).,OFFICIAL_SOURCE_IMPORTED
fndds_macaroni_or_noodles_with_cheese_whole_grain,usda_fooddata_central_fndds,2708824,USDA FoodData Central FNDDS 2021-2023 survey food; WWEIA category 3206 (Macaroni and cheese).,OFFICIAL_SOURCE_IMPORTED
fndds_vada,usda_fooddata_central_fndds,2709130,USDA FoodData Central FNDDS 2021-2023 survey food; WWEIA category 3208 (Turnovers and other grain-based items).,OFFICIAL_SOURCE_IMPORTED
fndds_knish,usda_fooddata_central_fndds,2708723,USDA FoodData Central FNDDS 2021-2023 survey food; WWEIA category 3208 (Turnovers and other grain-based items).,OFFICIAL_SOURCE_IMPORTED
fndds_samosa,usda_fooddata_central_fndds,2708730,USDA FoodData Central FNDDS 2021-2023 survey food; WWEIA category 3208 (Turnovers and other grain-based items).,OFFICIAL_SOURCE_IMPORTED
fndds_pierogi,usda_fooddata_central_fndds,2708720,USDA FoodData Central FNDDS 2021-2023 survey food; WWEIA category 3208 (Turnovers and other grain-based items).,OFFICIAL_SOURCE_IMPORTED
fndds_tabbouleh,usda_fooddata_central_fndds,2709131,USDA FoodData Central FNDDS 2021-2023 survey food; WWEIA category 3208 (Turnovers and other grain-based items).,OFFICIAL_SOURCE_IMPORTED
fndds_spanakopita,usda_fooddata_central_fndds,2708729,USDA FoodData Central FNDDS 2021-2023 survey food; WWEIA category 3208 (Turnovers and other grain-based items).,OFFICIAL_SOURCE_IMPORTED
fndds_bread_stuffing,usda_fooddata_central_fndds,2707687,USDA FoodData Central FNDDS 2021-2023 survey food; WWEIA category 3208 (Turnovers and other grain-based items).,OFFICIAL_SOURCE_IMPORTED
fndds_empanada_beef,usda_fooddata_central_fndds,2708711,USDA FoodData Central FNDDS 2021-2023 survey food; WWEIA category 3208 (Turnovers and other grain-based items).,OFFICIAL_SOURCE_IMPORTED
fndds_cornbread_stuffing,usda_fooddata_central_fndds,2707812,USDA FoodData Central FNDDS 2021-2023 survey food; WWEIA category 3208 (Turnovers and other grain-based items).,OFFICIAL_SOURCE_IMPORTED
fndds_crepe_with_meat,usda_fooddata_central_fndds,2708719,USDA FoodData Central FNDDS 2021-2023 survey food; WWEIA category 3208 (Turnovers and other grain-based items).,OFFICIAL_SOURCE_IMPORTED
fndds_pad_thai_with_meat,usda_fooddata_central_fndds,2708808,USDA FoodData Central FNDDS 2021-2023 survey food; WWEIA category 3402 (Fried rice and lo/chow mein).,OFFICIAL_SOURCE_IMPORTED
fndds_lo_mein_meatless,usda_fooddata_central_fndds,2708799,USDA FoodData Central FNDDS 2021-2023 survey food; WWEIA category 3402 (Fried rice and lo/chow mein).,OFFICIAL_SOURCE_IMPORTED
fndds_pad_thai_with_chicken,usda_fooddata_central_fndds,2708806,USDA FoodData Central FNDDS 2021-2023 survey food; WWEIA category 3402 (Fried rice and lo/chow mein).,OFFICIAL_SOURCE_IMPORTED
fndds_pad_thai_with_seafood,usda_fooddata_central_fndds,2708807,USDA FoodData Central FNDDS 2021-2023 survey food; WWEIA category 3402 (Fried rice and lo/chow mein).,OFFICIAL_SOURCE_IMPORTED
fndds_lo_mein_with_pork,usda_fooddata_central_fndds,2708801,USDA FoodData Central FNDDS 2021-2023 survey food; WWEIA category 3402 (Fried rice and lo/chow mein).,OFFICIAL_SOURCE_IMPORTED
fndds_lo_mein_with_beef,usda_fooddata_central_fndds,2708802,USDA FoodData Central FNDDS 2021-2023 survey food; WWEIA category 3402 (Fried rice and lo/chow mein).,OFFICIAL_SOURCE_IMPORTED
fndds_pad_thai_meatless,usda_fooddata_central_fndds,2708805,USDA FoodData Central FNDDS 2021-2023 survey food; WWEIA category 3402 (Fried rice and lo/chow mein).,OFFICIAL_SOURCE_IMPORTED
fndds_lo_mein_with_shrimp,usda_fooddata_central_fndds,2708800,USDA FoodData Central FNDDS 2021-2023 survey food; WWEIA category 3402 (Fried rice and lo/chow mein).,OFFICIAL_SOURCE_IMPORTED
fndds_lo_mein_with_chicken,usda_fooddata_central_fndds,2708803,USDA FoodData Central FNDDS 2021-2023 survey food; WWEIA category 3402 (Fried rice and lo/chow mein).,OFFICIAL_SOURCE_IMPORTED
fndds_rice_fried_meatless,usda_fooddata_central_fndds,2708951,USDA FoodData Central FNDDS 2021-2023 survey food; WWEIA category 3402 (Fried rice and lo/chow mein).,OFFICIAL_SOURCE_IMPORTED
fndds_hunan_beef,usda_fooddata_central_fndds,2706741,USDA FoodData Central FNDDS 2021-2023 survey food; WWEIA category 3404 (Stir-fry and soy-based sauce mixtures).,OFFICIAL_SOURCE_IMPORTED
fndds_szechuan_beef,usda_fooddata_central_fndds,2706740,USDA FoodData Central FNDDS 2021-2023 survey food; WWEIA category 3404 (Stir-fry and soy-based sauce mixtures).,OFFICIAL_SOURCE_IMPORTED
fndds_kung_pao_beef,usda_fooddata_central_fndds,2706743,USDA FoodData Central FNDDS 2021-2023 survey food; WWEIA category 3404 (Stir-fry and soy-based sauce mixtures).,OFFICIAL_SOURCE_IMPORTED
fndds_kung_pao_pork,usda_fooddata_central_fndds,2706763,USDA FoodData Central FNDDS 2021-2023 survey food; WWEIA category 3404 (Stir-fry and soy-based sauce mixtures).,OFFICIAL_SOURCE_IMPORTED
fndds_steak_teriyaki,usda_fooddata_central_fndds,2706387,USDA FoodData Central FNDDS 2021-2023 survey food; WWEIA category 3404 (Stir-fry and soy-based sauce mixtures).,OFFICIAL_SOURCE_IMPORTED
fndds_orange_chicken,usda_fooddata_central_fndds,2706443,USDA FoodData Central FNDDS 2021-2023 survey food; WWEIA category 3404 (Stir-fry and soy-based sauce mixtures).,OFFICIAL_SOURCE_IMPORTED
fndds_sesame_chicken,usda_fooddata_central_fndds,2706444,USDA FoodData Central FNDDS 2021-2023 survey food; WWEIA category 3404 (Stir-fry and soy-based sauce mixtures).,OFFICIAL_SOURCE_IMPORTED
fndds_almond_chicken,usda_fooddata_central_fndds,2706797,USDA FoodData Central FNDDS 2021-2023 survey food; WWEIA category 3404 (Stir-fry and soy-based sauce mixtures).,OFFICIAL_SOURCE_IMPORTED
fndds_shrimp_teriyaki,usda_fooddata_central_fndds,2706462,USDA FoodData Central FNDDS 2021-2023 survey food; WWEIA category 3404 (Stir-fry and soy-based sauce mixtures).,OFFICIAL_SOURCE_IMPORTED
fndds_moo_goo_gai_pan,usda_fooddata_central_fndds,2706795,USDA FoodData Central FNDDS 2021-2023 survey food; WWEIA category 3404 (Stir-fry and soy-based sauce mixtures).,OFFICIAL_SOURCE_IMPORTED
fndds_kung_pao_shrimp,usda_fooddata_central_fndds,2706857,USDA FoodData Central FNDDS 2021-2023 survey food; WWEIA category 3404 (Stir-fry and soy-based sauce mixtures).,OFFICIAL_SOURCE_IMPORTED
fndds_kung_pao_chicken,usda_fooddata_central_fndds,2706796,USDA FoodData Central FNDDS 2021-2023 survey food; WWEIA category 3404 (Stir-fry and soy-based sauce mixtures).,OFFICIAL_SOURCE_IMPORTED
fndds_beef_and_broccoli,usda_fooddata_central_fndds,2706738,USDA FoodData Central FNDDS 2021-2023 survey food; WWEIA category 3404 (Stir-fry and soy-based sauce mixtures).,OFFICIAL_SOURCE_IMPORTED
fndds_pork_egg_foo_yung,usda_fooddata_central_fndds,2707195,USDA FoodData Central FNDDS 2021-2023 survey food; WWEIA category 3404 (Stir-fry and soy-based sauce mixtures).,OFFICIAL_SOURCE_IMPORTED
fndds_bao_bun,usda_fooddata_central_fndds,2708724,"USDA FoodData Central FNDDS 2021-2023 survey food; WWEIA category 3406 (Egg rolls, dumplings, sushi).",OFFICIAL_SOURCE_IMPORTED
fndds_sushi_roll_tuna,usda_fooddata_central_fndds,2708965,"USDA FoodData Central FNDDS 2021-2023 survey food; WWEIA category 3406 (Egg rolls, dumplings, sushi).",OFFICIAL_SOURCE_IMPORTED
fndds_sushi_roll_eel,usda_fooddata_central_fndds,2708962,"USDA FoodData Central FNDDS 2021-2023 survey food; WWEIA category 3406 (Egg rolls, dumplings, sushi).",OFFICIAL_SOURCE_IMPORTED
fndds_bao_bun_no_meat,usda_fooddata_central_fndds,2708725,"USDA FoodData Central FNDDS 2021-2023 survey food; WWEIA category 3406 (Egg rolls, dumplings, sushi).",OFFICIAL_SOURCE_IMPORTED
fndds_egg_roll_meatless,usda_fooddata_central_fndds,2708700,"USDA FoodData Central FNDDS 2021-2023 survey food; WWEIA category 3406 (Egg rolls, dumplings, sushi).",OFFICIAL_SOURCE_IMPORTED
fndds_sushi_roll_salmon,usda_fooddata_central_fndds,2708963,"USDA FoodData Central FNDDS 2021-2023 survey food; WWEIA category 3406 (Egg rolls, dumplings, sushi).",OFFICIAL_SOURCE_IMPORTED
fndds_sushi_roll_shrimp,usda_fooddata_central_fndds,2708964,"USDA FoodData Central FNDDS 2021-2023 survey food; WWEIA category 3406 (Egg rolls, dumplings, sushi).",OFFICIAL_SOURCE_IMPORTED
fndds_sushi_roll_avocado,usda_fooddata_central_fndds,2708960,"USDA FoodData Central FNDDS 2021-2023 survey food; WWEIA category 3406 (Egg rolls, dumplings, sushi).",OFFICIAL_SOURCE_IMPORTED
fndds_taco_fish,usda_fooddata_central_fndds,2708529,USDA FoodData Central FNDDS 2021-2023 survey food; WWEIA category 3502 (Burritos and tacos).,OFFICIAL_SOURCE_IMPORTED
fndds_taco_cheese_only,usda_fooddata_central_fndds,2708533,USDA FoodData Central FNDDS 2021-2023 survey food; WWEIA category 3502 (Burritos and tacos).,OFFICIAL_SOURCE_IMPORTED
fndds_burrito_cheese_only,usda_fooddata_central_fndds,2708554,USDA FoodData Central FNDDS 2021-2023 survey food; WWEIA category 3502 (Burritos and tacos).,OFFICIAL_SOURCE_IMPORTED
fndds_taco_meat_no_cheese,usda_fooddata_central_fndds,2708530,USDA FoodData Central FNDDS 2021-2023 survey food; WWEIA category 3502 (Burritos and tacos).,OFFICIAL_SOURCE_IMPORTED
fndds_burrito_beef_cheese,usda_fooddata_central_fndds,2708535,USDA FoodData Central FNDDS 2021-2023 survey food; WWEIA category 3502 (Burritos and tacos).,OFFICIAL_SOURCE_IMPORTED
fndds_burrito_pork_cheese,usda_fooddata_central_fndds,2708539,USDA FoodData Central FNDDS 2021-2023 survey food; WWEIA category 3502 (Burritos and tacos).,OFFICIAL_SOURCE_IMPORTED
fndds_taco_or_tostada_salad_with_meat,usda_fooddata_central_fndds,2708508,USDA FoodData Central FNDDS 2021-2023 survey food; WWEIA category 3502 (Burritos and tacos).,OFFICIAL_SOURCE_IMPORTED
fndds_burrito_chicken_cheese,usda_fooddata_central_fndds,2708543,USDA FoodData Central FNDDS 2021-2023 survey food; WWEIA category 3502 (Burritos and tacos).,OFFICIAL_SOURCE_IMPORTED
fndds_burrito_meat_no_cheese,usda_fooddata_central_fndds,2708550,USDA FoodData Central FNDDS 2021-2023 survey food; WWEIA category 3502 (Burritos and tacos).,OFFICIAL_SOURCE_IMPORTED
fndds_taco_or_tostada_salad_with_chicken,usda_fooddata_central_fndds,2708509,USDA FoodData Central FNDDS 2021-2023 survey food; WWEIA category 3502 (Burritos and tacos).,OFFICIAL_SOURCE_IMPORTED
fndds_taco_with_beans_no_cheese,usda_fooddata_central_fndds,2708532,USDA FoodData Central FNDDS 2021-2023 survey food; WWEIA category 3502 (Burritos and tacos).,OFFICIAL_SOURCE_IMPORTED
fndds_burrito_with_beans_cheese,usda_fooddata_central_fndds,2708548,USDA FoodData Central FNDDS 2021-2023 survey food; WWEIA category 3502 (Burritos and tacos).,OFFICIAL_SOURCE_IMPORTED
fndds_nachos_chicken,usda_fooddata_central_fndds,2708580,USDA FoodData Central FNDDS 2021-2023 survey food; WWEIA category 3504 (Nachos).,OFFICIAL_SOURCE_IMPORTED
fndds_nachos_with_beans,usda_fooddata_central_fndds,2708582,USDA FoodData Central FNDDS 2021-2023 survey food; WWEIA category 3504 (Nachos).,OFFICIAL_SOURCE_IMPORTED
fndds_nachos_cheese_only,usda_fooddata_central_fndds,2708577,USDA FoodData Central FNDDS 2021-2023 survey food; WWEIA category 3504 (Nachos).,OFFICIAL_SOURCE_IMPORTED
fndds_nachos_beef_or_pork,usda_fooddata_central_fndds,2708578,USDA FoodData Central FNDDS 2021-2023 survey food; WWEIA category 3504 (Nachos).,OFFICIAL_SOURCE_IMPORTED
fndds_frito_pie,usda_fooddata_central_fndds,2708506,USDA FoodData Central FNDDS 2021-2023 survey food; WWEIA category 3506 (Other Mexican mixed dishes).,OFFICIAL_SOURCE_IMPORTED
fndds_chilaquiles,usda_fooddata_central_fndds,2708505,USDA FoodData Central FNDDS 2021-2023 survey food; WWEIA category 3506 (Other Mexican mixed dishes).,OFFICIAL_SOURCE_IMPORTED
fndds_mexican_pizza,usda_fooddata_central_fndds,2708507,USDA FoodData Central FNDDS 2021-2023 survey food; WWEIA category 3506 (Other Mexican mixed dishes).,OFFICIAL_SOURCE_IMPORTED
fndds_tamale_beef,usda_fooddata_central_fndds,2708571,USDA FoodData Central FNDDS 2021-2023 survey food; WWEIA category 3506 (Other Mexican mixed dishes).,OFFICIAL_SOURCE_IMPORTED
fndds_tamale_pork,usda_fooddata_central_fndds,2708572,USDA FoodData Central FNDDS 2021-2023 survey food; WWEIA category 3506 (Other Mexican mixed dishes).,OFFICIAL_SOURCE_IMPORTED
fndds_pupusa_meat,usda_fooddata_central_fndds,2708610,USDA FoodData Central FNDDS 2021-2023 survey food; WWEIA category 3506 (Other Mexican mixed dishes).,OFFICIAL_SOURCE_IMPORTED
fndds_gordita_meat,usda_fooddata_central_fndds,2708585,USDA FoodData Central FNDDS 2021-2023 survey food; WWEIA category 3506 (Other Mexican mixed dishes).,OFFICIAL_SOURCE_IMPORTED
fndds_fajita_shrimp,usda_fooddata_central_fndds,2708606,USDA FoodData Central FNDDS 2021-2023 survey food; WWEIA category 3506 (Other Mexican mixed dishes).,OFFICIAL_SOURCE_IMPORTED
fndds_enchilada_beef,usda_fooddata_central_fndds,2708566,USDA FoodData Central FNDDS 2021-2023 survey food; WWEIA category 3506 (Other Mexican mixed dishes).,OFFICIAL_SOURCE_IMPORTED
fndds_enchilada_pork,usda_fooddata_central_fndds,2708567,USDA FoodData Central FNDDS 2021-2023 survey food; WWEIA category 3506 (Other Mexican mixed dishes).,OFFICIAL_SOURCE_IMPORTED
fndds_tamale_chicken,usda_fooddata_central_fndds,2708573,USDA FoodData Central FNDDS 2021-2023 survey food; WWEIA category 3506 (Other Mexican mixed dishes).,OFFICIAL_SOURCE_IMPORTED
fndds_tamale_no_meat,usda_fooddata_central_fndds,2708574,USDA FoodData Central FNDDS 2021-2023 survey food; WWEIA category 3506 (Other Mexican mixed dishes).,OFFICIAL_SOURCE_IMPORTED
fndds_pizza_rolls,usda_fooddata_central_fndds,2708686,USDA FoodData Central FNDDS 2021-2023 survey food; WWEIA category 3602 (Pizza).,OFFICIAL_SOURCE_IMPORTED
fndds_topping_from_meat_pizza,usda_fooddata_central_fndds,2705789,USDA FoodData Central FNDDS 2021-2023 survey food; WWEIA category 3602 (Pizza).,OFFICIAL_SOURCE_IMPORTED
fndds_topping_from_cheese_pizza,usda_fooddata_central_fndds,2705787,USDA FoodData Central FNDDS 2021-2023 survey food; WWEIA category 3602 (Pizza).,OFFICIAL_SOURCE_IMPORTED
fndds_topping_from_vegetable_pizza,usda_fooddata_central_fndds,2705788,USDA FoodData Central FNDDS 2021-2023 survey food; WWEIA category 3602 (Pizza).,OFFICIAL_SOURCE_IMPORTED
fndds_calzone_with_meat_and_cheese,usda_fooddata_central_fndds,2708685,USDA FoodData Central FNDDS 2021-2023 survey food; WWEIA category 3602 (Pizza).,OFFICIAL_SOURCE_IMPORTED
fndds_pizza_cheese_stuffed_crust,usda_fooddata_central_fndds,2708618,USDA FoodData Central FNDDS 2021-2023 survey food; WWEIA category 3602 (Pizza).,OFFICIAL_SOURCE_IMPORTED
fndds_pizza_no_cheese_thin_crust,usda_fooddata_central_fndds,2708674,USDA FoodData Central FNDDS 2021-2023 survey food; WWEIA category 3602 (Pizza).,OFFICIAL_SOURCE_IMPORTED
fndds_pizza_no_cheese_thick_crust,usda_fooddata_central_fndds,2708675,USDA FoodData Central FNDDS 2021-2023 survey food; WWEIA category 3602 (Pizza).,OFFICIAL_SOURCE_IMPORTED
fndds_pizza_with_extra_meat_thin_crust,usda_fooddata_central_fndds,2708657,USDA FoodData Central FNDDS 2021-2023 survey food; WWEIA category 3602 (Pizza).,OFFICIAL_SOURCE_IMPORTED
fndds_topping_from_meat_and_vegetable_pizza,usda_fooddata_central_fndds,2705790,USDA FoodData Central FNDDS 2021-2023 survey food; WWEIA category 3602 (Pizza).,OFFICIAL_SOURCE_IMPORTED
fndds_calzone_with_cheese_meatless,usda_fooddata_central_fndds,2708684,USDA FoodData Central FNDDS 2021-2023 survey food; WWEIA category 3602 (Pizza).,OFFICIAL_SOURCE_IMPORTED
fndds_pizza_with_extra_meat_thick_crust,usda_fooddata_central_fndds,2708659,USDA FoodData Central FNDDS 2021-2023 survey food; WWEIA category 3602 (Pizza).,OFFICIAL_SOURCE_IMPORTED
fndds_pizza_extra_cheese_thin_crust,usda_fooddata_central_fndds,2708622,USDA FoodData Central FNDDS 2021-2023 survey food; WWEIA category 3602 (Pizza).,OFFICIAL_SOURCE_IMPORTED
fndds_white_pizza_cheese_thin_crust,usda_fooddata_central_fndds,2708676,USDA FoodData Central FNDDS 2021-2023 survey food; WWEIA category 3602 (Pizza).,OFFICIAL_SOURCE_IMPORTED
fndds_pizza_with_pepperoni_stuffed_crust,usda_fooddata_central_fndds,2708642,USDA FoodData Central FNDDS 2021-2023 survey food; WWEIA category 3602 (Pizza).,OFFICIAL_SOURCE_IMPORTED
fndds_pizza_with_extra_meat_medium_crust,usda_fooddata_central_fndds,2708658,USDA FoodData Central FNDDS 2021-2023 survey food; WWEIA category 3602 (Pizza).,OFFICIAL_SOURCE_IMPORTED
fndds_hamburger_slider,usda_fooddata_central_fndds,2706926,USDA FoodData Central FNDDS 2021-2023 survey food; WWEIA category 3702 (Burgers).,OFFICIAL_SOURCE_IMPORTED
fndds_cheeseburger_slider,usda_fooddata_central_fndds,2706894,USDA FoodData Central FNDDS 2021-2023 survey food; WWEIA category 3702 (Burgers).,OFFICIAL_SOURCE_IMPORTED
fndds_big_mac_mcdonalds,usda_fooddata_central_fndds,2706916,USDA FoodData Central FNDDS 2021-2023 survey food; WWEIA category 3702 (Burgers).,OFFICIAL_SOURCE_IMPORTED
fndds_mcdouble_mcdonalds,usda_fooddata_central_fndds,2706915,USDA FoodData Central FNDDS 2021-2023 survey food; WWEIA category 3702 (Burgers).,OFFICIAL_SOURCE_IMPORTED
fndds_hamburger_mcdonalds,usda_fooddata_central_fndds,2706924,USDA FoodData Central FNDDS 2021-2023 survey food; WWEIA category 3702 (Burgers).,OFFICIAL_SOURCE_IMPORTED
fndds_whopper_burger_king,usda_fooddata_central_fndds,2706931,USDA FoodData Central FNDDS 2021-2023 survey food; WWEIA category 3702 (Burgers).,OFFICIAL_SOURCE_IMPORTED
fndds_hamburger_burger_king,usda_fooddata_central_fndds,2706922,USDA FoodData Central FNDDS 2021-2023 survey food; WWEIA category 3702 (Burgers).,OFFICIAL_SOURCE_IMPORTED
fndds_cheeseburger_mcdonalds,usda_fooddata_central_fndds,2706892,USDA FoodData Central FNDDS 2021-2023 survey food; WWEIA category 3702 (Burgers).,OFFICIAL_SOURCE_IMPORTED
fndds_whopper_jr_burger_king,usda_fooddata_central_fndds,2706923,USDA FoodData Central FNDDS 2021-2023 survey food; WWEIA category 3702 (Burgers).,OFFICIAL_SOURCE_IMPORTED
fndds_cheeseburger_burger_king,usda_fooddata_central_fndds,2706890,USDA FoodData Central FNDDS 2021-2023 survey food; WWEIA category 3702 (Burgers).,OFFICIAL_SOURCE_IMPORTED
fndds_quarter_pounder_mcdonalds,usda_fooddata_central_fndds,2706898,USDA FoodData Central FNDDS 2021-2023 survey food; WWEIA category 3702 (Burgers).,OFFICIAL_SOURCE_IMPORTED
fndds_double_cheeseburger_mcdonalds,usda_fooddata_central_fndds,2706914,USDA FoodData Central FNDDS 2021-2023 survey food; WWEIA category 3702 (Burgers).,OFFICIAL_SOURCE_IMPORTED
fndds_whopper_with_cheese_burger_king,usda_fooddata_central_fndds,2706899,USDA FoodData Central FNDDS 2021-2023 survey food; WWEIA category 3702 (Burgers).,OFFICIAL_SOURCE_IMPORTED
fndds_double_cheeseburger_burger_king,usda_fooddata_central_fndds,2706913,USDA FoodData Central FNDDS 2021-2023 survey food; WWEIA category 3702 (Burgers).,OFFICIAL_SOURCE_IMPORTED
fndds_corn_dog,usda_fooddata_central_fndds,2707044,USDA FoodData Central FNDDS 2021-2023 survey food; WWEIA category 3703 (Frankfurter sandwiches).,OFFICIAL_SOURCE_IMPORTED
fndds_pig_in_a_blanket,usda_fooddata_central_fndds,2707045,USDA FoodData Central FNDDS 2021-2023 survey food; WWEIA category 3703 (Frankfurter sandwiches).,OFFICIAL_SOURCE_IMPORTED
fndds_italian_sausage_sandwich_on_white,usda_fooddata_central_fndds,2707053,USDA FoodData Central FNDDS 2021-2023 survey food; WWEIA category 3703 (Frankfurter sandwiches).,OFFICIAL_SOURCE_IMPORTED
fndds_chili_hot_dog_sandwich_on_white_bun,usda_fooddata_central_fndds,2707078,USDA FoodData Central FNDDS 2021-2023 survey food; WWEIA category 3703 (Frankfurter sandwiches).,OFFICIAL_SOURCE_IMPORTED
fndds_chili_hot_dog_sandwich_on_wheat_bun,usda_fooddata_central_fndds,2707079,USDA FoodData Central FNDDS 2021-2023 survey food; WWEIA category 3703 (Frankfurter sandwiches).,OFFICIAL_SOURCE_IMPORTED
fndds_chili_hot_dog_sandwich_on_white_bread,usda_fooddata_central_fndds,2707080,USDA FoodData Central FNDDS 2021-2023 survey food; WWEIA category 3703 (Frankfurter sandwiches).,OFFICIAL_SOURCE_IMPORTED
fndds_chili_hot_dog_sandwich_on_wheat_bread,usda_fooddata_central_fndds,2707081,USDA FoodData Central FNDDS 2021-2023 survey food; WWEIA category 3703 (Frankfurter sandwiches).,OFFICIAL_SOURCE_IMPORTED
fndds_hot_dog_sandwich_beef_on_white_bun,usda_fooddata_central_fndds,2707060,USDA FoodData Central FNDDS 2021-2023 survey food; WWEIA category 3703 (Frankfurter sandwiches).,OFFICIAL_SOURCE_IMPORTED
fndds_hot_dog_sandwich_beef_on_wheat_bun,usda_fooddata_central_fndds,2707061,USDA FoodData Central FNDDS 2021-2023 survey food; WWEIA category 3703 (Frankfurter sandwiches).,OFFICIAL_SOURCE_IMPORTED
fndds_chicken_salad_sandwich_wrap,usda_fooddata_central_fndds,2706992,USDA FoodData Central FNDDS 2021-2023 survey food; WWEIA category 3704 (Chicken fillet sandwiches).,OFFICIAL_SOURCE_IMPORTED
fndds_chicken_salad_sandwich_on_white,usda_fooddata_central_fndds,2706990,USDA FoodData Central FNDDS 2021-2023 survey food; WWEIA category 3704 (Chicken fillet sandwiches).,OFFICIAL_SOURCE_IMPORTED
fndds_chicken_salad_sandwich_on_wheat,usda_fooddata_central_fndds,2706991,USDA FoodData Central FNDDS 2021-2023 survey food; WWEIA category 3704 (Chicken fillet sandwiches).,OFFICIAL_SOURCE_IMPORTED
fndds_chicken_fillet_sandwich_grilled_on_white_bun,usda_fooddata_central_fndds,2707012,USDA FoodData Central FNDDS 2021-2023 survey food; WWEIA category 3704 (Chicken fillet sandwiches).,OFFICIAL_SOURCE_IMPORTED
fndds_chicken_fillet_sandwich_grilled_on_wheat_bun,usda_fooddata_central_fndds,2707014,USDA FoodData Central FNDDS 2021-2023 survey food; WWEIA category 3704 (Chicken fillet sandwiches).,OFFICIAL_SOURCE_IMPORTED
fndds_chicken_fillet_biscuit_from_fast_food,usda_fooddata_central_fndds,2707002,USDA FoodData Central FNDDS 2021-2023 survey food; WWEIA category 3704 (Chicken fillet sandwiches).,OFFICIAL_SOURCE_IMPORTED
fndds_chicken_fillet_sandwich_fried_on_white_bun,usda_fooddata_central_fndds,2707008,USDA FoodData Central FNDDS 2021-2023 survey food; WWEIA category 3704 (Chicken fillet sandwiches).,OFFICIAL_SOURCE_IMPORTED
fndds_egg_burrito,usda_fooddata_central_fndds,2707343,USDA FoodData Central FNDDS 2021-2023 survey food; WWEIA category 3706 (Egg/breakfast sandwiches).,OFFICIAL_SOURCE_IMPORTED
fndds_taquito_egg,usda_fooddata_central_fndds,2708602,USDA FoodData Central FNDDS 2021-2023 survey food; WWEIA category 3706 (Egg/breakfast sandwiches).,OFFICIAL_SOURCE_IMPORTED
fndds_egg_white_sandwich,usda_fooddata_central_fndds,2707334,USDA FoodData Central FNDDS 2021-2023 survey food; WWEIA category 3706 (Egg/breakfast sandwiches).,OFFICIAL_SOURCE_IMPORTED
fndds_biscuit_with_gravy,usda_fooddata_central_fndds,2708744,USDA FoodData Central FNDDS 2021-2023 survey food; WWEIA category 3706 (Egg/breakfast sandwiches).,OFFICIAL_SOURCE_IMPORTED
fndds_quesadilla_egg,usda_fooddata_central_fndds,2708597,USDA FoodData Central FNDDS 2021-2023 survey food; WWEIA category 3706 (Egg/breakfast sandwiches).,OFFICIAL_SOURCE_IMPORTED
fndds_ham_biscuit_sandwich,usda_fooddata_central_fndds,2707338,USDA FoodData Central FNDDS 2021-2023 survey food; WWEIA category 3706 (Egg/breakfast sandwiches).,OFFICIAL_SOURCE_IMPORTED
fndds_egg_sandwich_on_bagel,usda_fooddata_central_fndds,2707328,USDA FoodData Central FNDDS 2021-2023 survey food; WWEIA category 3706 (Egg/breakfast sandwiches).,OFFICIAL_SOURCE_IMPORTED
fndds_bacon_biscuit_sandwich,usda_fooddata_central_fndds,2707337,USDA FoodData Central FNDDS 2021-2023 survey food; WWEIA category 3706 (Egg/breakfast sandwiches).,OFFICIAL_SOURCE_IMPORTED
fndds_egg_sandwich_on_biscuit,usda_fooddata_central_fndds,2707323,USDA FoodData Central FNDDS 2021-2023 survey food; WWEIA category 3706 (Egg/breakfast sandwiches).,OFFICIAL_SOURCE_IMPORTED
fndds_sausage_biscuit_sandwich,usda_fooddata_central_fndds,2707339,USDA FoodData Central FNDDS 2021-2023 survey food; WWEIA category 3706 (Egg/breakfast sandwiches).,OFFICIAL_SOURCE_IMPORTED
fndds_breakfast_pizza_with_egg,usda_fooddata_central_fndds,2708699,USDA FoodData Central FNDDS 2021-2023 survey food; WWEIA category 3706 (Egg/breakfast sandwiches).,OFFICIAL_SOURCE_IMPORTED
fndds_egg_burrito_with_ham,usda_fooddata_central_fndds,2707346,USDA FoodData Central FNDDS 2021-2023 survey food; WWEIA category 3706 (Egg/breakfast sandwiches).,OFFICIAL_SOURCE_IMPORTED
fndds_cheese_sandwich_cheddar_cheese_on_white_bread,usda_fooddata_central_fndds,2705797,USDA FoodData Central FNDDS 2021-2023 survey food; WWEIA category 3720 (Cheese sandwiches).,OFFICIAL_SOURCE_IMPORTED
fndds_cheese_sandwich_cheddar_cheese_on_wheat_bread,usda_fooddata_central_fndds,2705798,USDA FoodData Central FNDDS 2021-2023 survey food; WWEIA category 3720 (Cheese sandwiches).,OFFICIAL_SOURCE_IMPORTED
fndds_cheese_sandwich_american_cheese_on_white_bread,usda_fooddata_central_fndds,2705795,USDA FoodData Central FNDDS 2021-2023 survey food; WWEIA category 3720 (Cheese sandwiches).,OFFICIAL_SOURCE_IMPORTED
fndds_cheese_sandwich_american_cheese_on_wheat_bread,usda_fooddata_central_fndds,2705796,USDA FoodData Central FNDDS 2021-2023 survey food; WWEIA category 3720 (Cheese sandwiches).,OFFICIAL_SOURCE_IMPORTED
fndds_grilled_cheese_sandwich_cheddar_cheese_on_white_bread,usda_fooddata_central_fndds,2705804,USDA FoodData Central FNDDS 2021-2023 survey food; WWEIA category 3720 (Cheese sandwiches).,OFFICIAL_SOURCE_IMPORTED
fndds_grilled_cheese_sandwich_cheddar_cheese_on_wheat_bread,usda_fooddata_central_fndds,2705805,USDA FoodData Central FNDDS 2021-2023 survey food; WWEIA category 3720 (Cheese sandwiches).,OFFICIAL_SOURCE_IMPORTED
fndds_nutella_sandwich_on_white_bread,usda_fooddata_central_fndds,2707566,USDA FoodData Central FNDDS 2021-2023 survey food; WWEIA category 3722 (Peanut butter and jelly sandwiches).,OFFICIAL_SOURCE_IMPORTED
fndds_nutella_sandwich_on_wheat_bread,usda_fooddata_central_fndds,2707567,USDA FoodData Central FNDDS 2021-2023 survey food; WWEIA category 3722 (Peanut butter and jelly sandwiches).,OFFICIAL_SOURCE_IMPORTED
fndds_jelly_sandwich_on_white_bread,usda_fooddata_central_fndds,2709138,USDA FoodData Central FNDDS 2021-2023 survey food; WWEIA category 3722 (Peanut butter and jelly sandwiches).,OFFICIAL_SOURCE_IMPORTED
fndds_jelly_sandwich_on_wheat_bread,usda_fooddata_central_fndds,2709139,USDA FoodData Central FNDDS 2021-2023 survey food; WWEIA category 3722 (Peanut butter and jelly sandwiches).,OFFICIAL_SOURCE_IMPORTED
fndds_almond_butter_sandwich_on_white_bread,usda_fooddata_central_fndds,2707562,USDA FoodData Central FNDDS 2021-2023 survey food; WWEIA category 3722 (Peanut butter and jelly sandwiches).,OFFICIAL_SOURCE_IMPORTED
fndds_almond_butter_sandwich_on_wheat_bread,usda_fooddata_central_fndds,2707563,USDA FoodData Central FNDDS 2021-2023 survey food; WWEIA category 3722 (Peanut butter and jelly sandwiches).,OFFICIAL_SOURCE_IMPORTED
fndds_almond_butter_and_jelly_sandwich_on_white_bread,usda_fooddata_central_fndds,2707564,USDA FoodData Central FNDDS 2021-2023 survey food; WWEIA category 3722 (Peanut butter and jelly sandwiches).,OFFICIAL_SOURCE_IMPORTED
fndds_sardine_sandwich,usda_fooddata_central_fndds,2707033,USDA FoodData Central FNDDS 2021-2023 survey food; WWEIA category 3730 (Seafood sandwiches).,OFFICIAL_SOURCE_IMPORTED
fndds_crab_cake_sandwich,usda_fooddata_central_fndds,2707022,USDA FoodData Central FNDDS 2021-2023 survey food; WWEIA category 3730 (Seafood sandwiches).,OFFICIAL_SOURCE_IMPORTED
fndds_fish_wrap_sandwich,usda_fooddata_central_fndds,2707032,USDA FoodData Central FNDDS 2021-2023 survey food; WWEIA category 3730 (Seafood sandwiches).,OFFICIAL_SOURCE_IMPORTED
fndds_salmon_cake_sandwich,usda_fooddata_central_fndds,2707023,USDA FoodData Central FNDDS 2021-2023 survey food; WWEIA category 3730 (Seafood sandwiches).,OFFICIAL_SOURCE_IMPORTED
fndds_fish_sandwich_grilled,usda_fooddata_central_fndds,2707031,USDA FoodData Central FNDDS 2021-2023 survey food; WWEIA category 3730 (Seafood sandwiches).,OFFICIAL_SOURCE_IMPORTED
fndds_fried_seafood_sandwich,usda_fooddata_central_fndds,2707024,USDA FoodData Central FNDDS 2021-2023 survey food; WWEIA category 3730 (Seafood sandwiches).,OFFICIAL_SOURCE_IMPORTED
fndds_seafood_salad_sandwich,usda_fooddata_central_fndds,2707039,USDA FoodData Central FNDDS 2021-2023 survey food; WWEIA category 3730 (Seafood sandwiches).,OFFICIAL_SOURCE_IMPORTED
fndds_spam_sandwich,usda_fooddata_central_fndds,2707055,USDA FoodData Central FNDDS 2021-2023 survey food; WWEIA category 3740 (Deli and cured meat sandwiches).,OFFICIAL_SOURCE_IMPORTED
fndds_reuben_sandwich,usda_fooddata_central_fndds,2706952,USDA FoodData Central FNDDS 2021-2023 survey food; WWEIA category 3740 (Deli and cured meat sandwiches).,OFFICIAL_SOURCE_IMPORTED
fndds_ham_sandwich_wrap,usda_fooddata_central_fndds,2706970,USDA FoodData Central FNDDS 2021-2023 survey food; WWEIA category 3740 (Deli and cured meat sandwiches).,OFFICIAL_SOURCE_IMPORTED
fndds_french_dip_sandwich,usda_fooddata_central_fndds,2706957,USDA FoodData Central FNDDS 2021-2023 survey food; WWEIA category 3740 (Deli and cured meat sandwiches).,OFFICIAL_SOURCE_IMPORTED
fndds_turkey_sandwich_wrap,usda_fooddata_central_fndds,2706987,USDA FoodData Central FNDDS 2021-2023 survey food; WWEIA category 3740 (Deli and cured meat sandwiches).,OFFICIAL_SOURCE_IMPORTED
fndds_ham_sandwich_on_white,usda_fooddata_central_fndds,2706964,USDA FoodData Central FNDDS 2021-2023 survey food; WWEIA category 3740 (Deli and cured meat sandwiches).,OFFICIAL_SOURCE_IMPORTED
fndds_ham_sandwich_on_wheat,usda_fooddata_central_fndds,2706966,USDA FoodData Central FNDDS 2021-2023 survey food; WWEIA category 3740 (Deli and cured meat sandwiches).,OFFICIAL_SOURCE_IMPORTED
fndds_club_sandwich_on_white,usda_fooddata_central_fndds,2706993,USDA FoodData Central FNDDS 2021-2023 survey food; WWEIA category 3740 (Deli and cured meat sandwiches).,OFFICIAL_SOURCE_IMPORTED
fndds_club_sandwich_on_wheat,usda_fooddata_central_fndds,2706995,USDA FoodData Central FNDDS 2021-2023 survey food; WWEIA category 3740 (Deli and cured meat sandwiches).,OFFICIAL_SOURCE_IMPORTED
fndds_turkey_sandwich_on_white,usda_fooddata_central_fndds,2706981,USDA FoodData Central FNDDS 2021-2023 survey food; WWEIA category 3740 (Deli and cured meat sandwiches).,OFFICIAL_SOURCE_IMPORTED
fndds_turkey_sandwich_on_wheat,usda_fooddata_central_fndds,2706983,USDA FoodData Central FNDDS 2021-2023 survey food; WWEIA category 3740 (Deli and cured meat sandwiches).,OFFICIAL_SOURCE_IMPORTED
fndds_salami_sandwich_on_white,usda_fooddata_central_fndds,2707046,USDA FoodData Central FNDDS 2021-2023 survey food; WWEIA category 3740 (Deli and cured meat sandwiches).,OFFICIAL_SOURCE_IMPORTED
fndds_salami_sandwich_on_wheat,usda_fooddata_central_fndds,2707048,USDA FoodData Central FNDDS 2021-2023 survey food; WWEIA category 3740 (Deli and cured meat sandwiches).,OFFICIAL_SOURCE_IMPORTED
fndds_bologna_sandwich_on_white,usda_fooddata_central_fndds,2707040,USDA FoodData Central FNDDS 2021-2023 survey food; WWEIA category 3740 (Deli and cured meat sandwiches).,OFFICIAL_SOURCE_IMPORTED
fndds_gyro_sandwich,usda_fooddata_central_fndds,2706962,USDA FoodData Central FNDDS 2021-2023 survey food; WWEIA category 3742 (Meat and BBQ sandwiches).,OFFICIAL_SOURCE_IMPORTED
fndds_pork_sandwich,usda_fooddata_central_fndds,2706977,USDA FoodData Central FNDDS 2021-2023 survey food; WWEIA category 3742 (Meat and BBQ sandwiches).,OFFICIAL_SOURCE_IMPORTED
fndds_cuban_sandwich,usda_fooddata_central_fndds,2706973,USDA FoodData Central FNDDS 2021-2023 survey food; WWEIA category 3742 (Meat and BBQ sandwiches).,OFFICIAL_SOURCE_IMPORTED
fndds_meatloaf_sandwich,usda_fooddata_central_fndds,2706946,USDA FoodData Central FNDDS 2021-2023 survey food; WWEIA category 3742 (Meat and BBQ sandwiches).,OFFICIAL_SOURCE_IMPORTED
fndds_barbecue_rib_sandwich,usda_fooddata_central_fndds,2706974,USDA FoodData Central FNDDS 2021-2023 survey food; WWEIA category 3742 (Meat and BBQ sandwiches).,OFFICIAL_SOURCE_IMPORTED
fndds_meatball_sandwich_or_sub,usda_fooddata_central_fndds,2706945,USDA FoodData Central FNDDS 2021-2023 survey food; WWEIA category 3742 (Meat and BBQ sandwiches).,OFFICIAL_SOURCE_IMPORTED
fndds_pork_sandwich_with_cheese,usda_fooddata_central_fndds,2706978,USDA FoodData Central FNDDS 2021-2023 survey food; WWEIA category 3742 (Meat and BBQ sandwiches).,OFFICIAL_SOURCE_IMPORTED
fndds_bruschetta,usda_fooddata_central_fndds,2707652,USDA FoodData Central FNDDS 2021-2023 survey food; WWEIA category 3744 (Vegetable sandwiches/burgers).,OFFICIAL_SOURCE_IMPORTED
fndds_falafel_sandwich,usda_fooddata_central_fndds,2707483,USDA FoodData Central FNDDS 2021-2023 survey food; WWEIA category 3744 (Vegetable sandwiches/burgers).,OFFICIAL_SOURCE_IMPORTED
fndds_vegetable_sandwich_wrap,usda_fooddata_central_fndds,2709136,USDA FoodData Central FNDDS 2021-2023 survey food; WWEIA category 3744 (Vegetable sandwiches/burgers).,OFFICIAL_SOURCE_IMPORTED
fndds_tomato_sandwich_on_white,usda_fooddata_central_fndds,2709761,USDA FoodData Central FNDDS 2021-2023 survey food; WWEIA category 3744 (Vegetable sandwiches/burgers).,OFFICIAL_SOURCE_IMPORTED
fndds_tomato_sandwich_on_wheat,usda_fooddata_central_fndds,2709762,USDA FoodData Central FNDDS 2021-2023 survey food; WWEIA category 3744 (Vegetable sandwiches/burgers).,OFFICIAL_SOURCE_IMPORTED
fndds_soup_bean,usda_fooddata_central_fndds,2707453,"USDA FoodData Central FNDDS 2021-2023 survey food; WWEIA category 3804 (Soups, broth-based).",OFFICIAL_SOURCE_IMPORTED
fndds_soup_rice,usda_fooddata_central_fndds,2709146,"USDA FoodData Central FNDDS 2021-2023 survey food; WWEIA category 3804 (Soups, broth-based).",OFFICIAL_SOURCE_IMPORTED
fndds_soup_beef,usda_fooddata_central_fndds,2710115,"USDA FoodData Central FNDDS 2021-2023 survey food; WWEIA category 3804 (Soups, broth-based).",OFFICIAL_SOURCE_IMPORTED
fndds_soup_broth,usda_fooddata_central_fndds,2707132,"USDA FoodData Central FNDDS 2021-2023 survey food; WWEIA category 3804 (Soups, broth-based).",OFFICIAL_SOURCE_IMPORTED
fndds_soup_fruit,usda_fooddata_central_fndds,2709311,"USDA FoodData Central FNDDS 2021-2023 survey food; WWEIA category 3804 (Soups, broth-based).",OFFICIAL_SOURCE_IMPORTED
fndds_soup_pozole,usda_fooddata_central_fndds,2707129,"USDA FoodData Central FNDDS 2021-2023 survey food; WWEIA category 3804 (Soups, broth-based).",OFFICIAL_SOURCE_IMPORTED
fndds_soup_lentil,usda_fooddata_central_fndds,2707462,"USDA FoodData Central FNDDS 2021-2023 survey food; WWEIA category 3804 (Soups, broth-based).",OFFICIAL_SOURCE_IMPORTED
fndds_soup_barley,usda_fooddata_central_fndds,2709147,"USDA FoodData Central FNDDS 2021-2023 survey food; WWEIA category 3804 (Soups, broth-based).",OFFICIAL_SOURCE_IMPORTED
fndds_soup_tomato,usda_fooddata_central_fndds,2709757,"USDA FoodData Central FNDDS 2021-2023 survey food; WWEIA category 3804 (Soups, broth-based).",OFFICIAL_SOURCE_IMPORTED
fndds_soup_borscht,usda_fooddata_central_fndds,2710105,"USDA FoodData Central FNDDS 2021-2023 survey food; WWEIA category 3804 (Soups, broth-based).",OFFICIAL_SOURCE_IMPORTED
fndds_soup_meatball,usda_fooddata_central_fndds,2707123,"USDA FoodData Central FNDDS 2021-2023 survey food; WWEIA category 3804 (Soups, broth-based).",OFFICIAL_SOURCE_IMPORTED
fndds_soup_bisque,usda_fooddata_central_fndds,2707140,"USDA FoodData Central FNDDS 2021-2023 survey food; WWEIA category 3806 (Soups, cream-based).",OFFICIAL_SOURCE_IMPORTED
fndds_soup_peanut,usda_fooddata_central_fndds,2707547,"USDA FoodData Central FNDDS 2021-2023 survey food; WWEIA category 3806 (Soups, cream-based).",OFFICIAL_SOURCE_IMPORTED
fndds_soup_potato,usda_fooddata_central_fndds,2709556,"USDA FoodData Central FNDDS 2021-2023 survey food; WWEIA category 3806 (Soups, cream-based).",OFFICIAL_SOURCE_IMPORTED
fndds_soup_pumpkin,usda_fooddata_central_fndds,2709718,"USDA FoodData Central FNDDS 2021-2023 survey food; WWEIA category 3806 (Soups, cream-based).",OFFICIAL_SOURCE_IMPORTED
fndds_soup_pepperpot,usda_fooddata_central_fndds,2707126,"USDA FoodData Central FNDDS 2021-2023 survey food; WWEIA category 3806 (Soups, cream-based).",OFFICIAL_SOURCE_IMPORTED
fndds_soup_french_onion,usda_fooddata_central_fndds,2710108,"USDA FoodData Central FNDDS 2021-2023 survey food; WWEIA category 3806 (Soups, cream-based).",OFFICIAL_SOURCE_IMPORTED
fndds_soup_wonton,usda_fooddata_central_fndds,2709160,USDA FoodData Central FNDDS 2021-2023 survey food; WWEIA category 3808 (Ramen and Asian broth-based soups).,OFFICIAL_SOURCE_IMPORTED
fndds_soup_seaweed,usda_fooddata_central_fndds,2710110,USDA FoodData Central FNDDS 2021-2023 survey food; WWEIA category 3808 (Ramen and Asian broth-based soups).,OFFICIAL_SOURCE_IMPORTED
fndds_soup_egg_drop,usda_fooddata_central_fndds,2707282,USDA FoodData Central FNDDS 2021-2023 survey food; WWEIA category 3808 (Ramen and Asian broth-based soups).,OFFICIAL_SOURCE_IMPORTED
fndds_ramen_bowl_with_beef,usda_fooddata_central_fndds,2709154,USDA FoodData Central FNDDS 2021-2023 survey food; WWEIA category 3808 (Ramen and Asian broth-based soups).,OFFICIAL_SOURCE_IMPORTED
fndds_ramen_bowl_with_fish,usda_fooddata_central_fndds,2709156,USDA FoodData Central FNDDS 2021-2023 survey food; WWEIA category 3808 (Ramen and Asian broth-based soups).,OFFICIAL_SOURCE_IMPORTED
fndds_soup_hot_and_sour,usda_fooddata_central_fndds,2707136,USDA FoodData Central FNDDS 2021-2023 survey food; WWEIA category 3808 (Ramen and Asian broth-based soups).,OFFICIAL_SOURCE_IMPORTED
fndds_congee,usda_fooddata_central_fndds,2708418,USDA FoodData Central FNDDS 2021-2023 survey food; WWEIA category 4002 (Rice).,OFFICIAL_SOURCE_IMPORTED
fndds_rice_cooked_with_milk,usda_fooddata_central_fndds,2708416,USDA FoodData Central FNDDS 2021-2023 survey food; WWEIA category 4002 (Rice).,OFFICIAL_SOURCE_IMPORTED
fndds_rice_sweet_cooked_with_honey,usda_fooddata_central_fndds,2708417,USDA FoodData Central FNDDS 2021-2023 survey food; WWEIA category 4002 (Rice).,OFFICIAL_SOURCE_IMPORTED
fndds_yellow_rice_cooked_fat_added,usda_fooddata_central_fndds,2708421,USDA FoodData Central FNDDS 2021-2023 survey food; WWEIA category 4002 (Rice).,OFFICIAL_SOURCE_IMPORTED
fndds_yellow_rice_cooked_no_added_fat,usda_fooddata_central_fndds,2708420,USDA FoodData Central FNDDS 2021-2023 survey food; WWEIA category 4002 (Rice).,OFFICIAL_SOURCE_IMPORTED
fndds_rice_white_cooked_glutinous,usda_fooddata_central_fndds,2708422,USDA FoodData Central FNDDS 2021-2023 survey food; WWEIA category 4002 (Rice).,OFFICIAL_SOURCE_IMPORTED
fndds_rice_white_cooked_no_added_fat,usda_fooddata_central_fndds,2708408,USDA FoodData Central FNDDS 2021-2023 survey food; WWEIA category 4002 (Rice).,OFFICIAL_SOURCE_IMPORTED
fndds_rice_brown_cooked_no_added_fat,usda_fooddata_central_fndds,2708414,USDA FoodData Central FNDDS 2021-2023 survey food; WWEIA category 4002 (Rice).,OFFICIAL_SOURCE_IMPORTED
fndds_barley,usda_fooddata_central_fndds,2708361,"USDA FoodData Central FNDDS 2021-2023 survey food; WWEIA category 4004 (Pasta, noodles, cooked grains).",OFFICIAL_SOURCE_IMPORTED
fndds_millet,usda_fooddata_central_fndds,2708377,"USDA FoodData Central FNDDS 2021-2023 survey food; WWEIA category 4004 (Pasta, noodles, cooked grains).",OFFICIAL_SOURCE_IMPORTED
fndds_noodles_cooked,usda_fooddata_central_fndds,2708352,"USDA FoodData Central FNDDS 2021-2023 survey food; WWEIA category 4004 (Pasta, noodles, cooked grains).",OFFICIAL_SOURCE_IMPORTED
fndds_buckwheat_groats,usda_fooddata_central_fndds,2708362,"USDA FoodData Central FNDDS 2021-2023 survey food; WWEIA category 4004 (Pasta, noodles, cooked grains).",OFFICIAL_SOURCE_IMPORTED
fndds_rice_noodles_cooked,usda_fooddata_central_fndds,2708356,"USDA FoodData Central FNDDS 2021-2023 survey food; WWEIA category 4004 (Pasta, noodles, cooked grains).",OFFICIAL_SOURCE_IMPORTED
fndds_quinoa_fat_added,usda_fooddata_central_fndds,2708401,"USDA FoodData Central FNDDS 2021-2023 survey food; WWEIA category 4004 (Pasta, noodles, cooked grains).",OFFICIAL_SOURCE_IMPORTED
fndds_bulgur_fat_added,usda_fooddata_central_fndds,2708439,"USDA FoodData Central FNDDS 2021-2023 survey food; WWEIA category 4004 (Pasta, noodles, cooked grains).",OFFICIAL_SOURCE_IMPORTED
fndds_bread_rye,usda_fooddata_central_fndds,2707755,USDA FoodData Central FNDDS 2021-2023 survey food; WWEIA category 4202 (Yeast breads).,OFFICIAL_SOURCE_IMPORTED
fndds_bread_soy,usda_fooddata_central_fndds,2707790,USDA FoodData Central FNDDS 2021-2023 survey food; WWEIA category 4202 (Yeast breads).,OFFICIAL_SOURCE_IMPORTED
fndds_bread_naan,usda_fooddata_central_fndds,2707613,USDA FoodData Central FNDDS 2021-2023 survey food; WWEIA category 4202 (Yeast breads).,OFFICIAL_SOURCE_IMPORTED
fndds_bread_pita,usda_fooddata_central_fndds,2707616,USDA FoodData Central FNDDS 2021-2023 survey food; WWEIA category 4202 (Yeast breads).,OFFICIAL_SOURCE_IMPORTED
fndds_bread_puri,usda_fooddata_central_fndds,2707714,USDA FoodData Central FNDDS 2021-2023 survey food; WWEIA category 4202 (Yeast breads).,OFFICIAL_SOURCE_IMPORTED
fndds_bread_rice,usda_fooddata_central_fndds,2707794,USDA FoodData Central FNDDS 2021-2023 survey food; WWEIA category 4202 (Yeast breads).,OFFICIAL_SOURCE_IMPORTED
fndds_bread_cuban,usda_fooddata_central_fndds,2707604,USDA FoodData Central FNDDS 2021-2023 survey food; WWEIA category 4202 (Yeast breads).,OFFICIAL_SOURCE_IMPORTED
fndds_bread_onion,usda_fooddata_central_fndds,2707633,USDA FoodData Central FNDDS 2021-2023 survey food; WWEIA category 4202 (Yeast breads).,OFFICIAL_SOURCE_IMPORTED
fndds_bread_black,usda_fooddata_central_fndds,2707764,USDA FoodData Central FNDDS 2021-2023 survey food; WWEIA category 4202 (Yeast breads).,OFFICIAL_SOURCE_IMPORTED
fndds_bread_cheese,usda_fooddata_central_fndds,2707618,USDA FoodData Central FNDDS 2021-2023 survey food; WWEIA category 4202 (Yeast breads).,OFFICIAL_SOURCE_IMPORTED
fndds_bread_potato,usda_fooddata_central_fndds,2707642,USDA FoodData Central FNDDS 2021-2023 survey food; WWEIA category 4202 (Yeast breads).,OFFICIAL_SOURCE_IMPORTED
fndds_bread_raisin,usda_fooddata_central_fndds,2707644,USDA FoodData Central FNDDS 2021-2023 survey food; WWEIA category 4202 (Yeast breads).,OFFICIAL_SOURCE_IMPORTED
fndds_bread_barley,usda_fooddata_central_fndds,2707788,USDA FoodData Central FNDDS 2021-2023 survey food; WWEIA category 4202 (Yeast breads).,OFFICIAL_SOURCE_IMPORTED
fndds_bread_paratha,usda_fooddata_central_fndds,2707715,USDA FoodData Central FNDDS 2021-2023 survey food; WWEIA category 4202 (Yeast breads).,OFFICIAL_SOURCE_IMPORTED
fndds_bread_oatmeal,usda_fooddata_central_fndds,2707768,USDA FoodData Central FNDDS 2021-2023 survey food; WWEIA category 4202 (Yeast breads).,OFFICIAL_SOURCE_IMPORTED
fndds_bread_cinnamon,usda_fooddata_central_fndds,2707620,USDA FoodData Central FNDDS 2021-2023 survey food; WWEIA category 4202 (Yeast breads).,OFFICIAL_SOURCE_IMPORTED
fndds_bread_oat_bran,usda_fooddata_central_fndds,2707770,USDA FoodData Central FNDDS 2021-2023 survey food; WWEIA category 4202 (Yeast breads).,OFFICIAL_SOURCE_IMPORTED
fndds_bread_vegetable,usda_fooddata_central_fndds,2707650,USDA FoodData Central FNDDS 2021-2023 survey food; WWEIA category 4202 (Yeast breads).,OFFICIAL_SOURCE_IMPORTED
fndds_roll_rye,usda_fooddata_central_fndds,2707766,USDA FoodData Central FNDDS 2021-2023 survey food; WWEIA category 4204 (Rolls and buns).,OFFICIAL_SOURCE_IMPORTED
fndds_roll_diet,usda_fooddata_central_fndds,2707658,USDA FoodData Central FNDDS 2021-2023 survey food; WWEIA category 4204 (Rolls and buns).,OFFICIAL_SOURCE_IMPORTED
fndds_roll_cheese,usda_fooddata_central_fndds,2707660,USDA FoodData Central FNDDS 2021-2023 survey food; WWEIA category 4204 (Rolls and buns).,OFFICIAL_SOURCE_IMPORTED
fndds_roll_garlic,usda_fooddata_central_fndds,2707662,USDA FoodData Central FNDDS 2021-2023 survey food; WWEIA category 4204 (Rolls and buns).,OFFICIAL_SOURCE_IMPORTED
fndds_roll_oatmeal,usda_fooddata_central_fndds,2707773,USDA FoodData Central FNDDS 2021-2023 survey food; WWEIA category 4204 (Rolls and buns).,OFFICIAL_SOURCE_IMPORTED
fndds_roll_egg_bread,usda_fooddata_central_fndds,2707659,USDA FoodData Central FNDDS 2021-2023 survey food; WWEIA category 4204 (Rolls and buns).,OFFICIAL_SOURCE_IMPORTED
fndds_roll_sour_dough,usda_fooddata_central_fndds,2707665,USDA FoodData Central FNDDS 2021-2023 survey food; WWEIA category 4204 (Rolls and buns).,OFFICIAL_SOURCE_IMPORTED
fndds_roll_multigrain,usda_fooddata_central_fndds,2707782,USDA FoodData Central FNDDS 2021-2023 survey food; WWEIA category 4204 (Rolls and buns).,OFFICIAL_SOURCE_IMPORTED
fndds_roll_whole_wheat,usda_fooddata_central_fndds,2707749,USDA FoodData Central FNDDS 2021-2023 survey food; WWEIA category 4204 (Rolls and buns).,OFFICIAL_SOURCE_IMPORTED
fndds_roll_gluten_free,usda_fooddata_central_fndds,2707800,USDA FoodData Central FNDDS 2021-2023 survey food; WWEIA category 4204 (Rolls and buns).,OFFICIAL_SOURCE_IMPORTED
fndds_bagel,usda_fooddata_central_fndds,2707684,USDA FoodData Central FNDDS 2021-2023 survey food; WWEIA category 4206 (Bagels and English muffins).,OFFICIAL_SOURCE_IMPORTED
fndds_bagel_wheat,usda_fooddata_central_fndds,2707732,USDA FoodData Central FNDDS 2021-2023 survey food; WWEIA category 4206 (Bagels and English muffins).,OFFICIAL_SOURCE_IMPORTED
fndds_muffin_english,usda_fooddata_central_fndds,2707698,USDA FoodData Central FNDDS 2021-2023 survey food; WWEIA category 4206 (Bagels and English muffins).,OFFICIAL_SOURCE_IMPORTED
fndds_bagel_oat_bran,usda_fooddata_central_fndds,2707772,USDA FoodData Central FNDDS 2021-2023 survey food; WWEIA category 4206 (Bagels and English muffins).,OFFICIAL_SOURCE_IMPORTED
fndds_bagel_wheat_bran,usda_fooddata_central_fndds,2707737,USDA FoodData Central FNDDS 2021-2023 survey food; WWEIA category 4206 (Bagels and English muffins).,OFFICIAL_SOURCE_IMPORTED
fndds_bagel_multigrain,usda_fooddata_central_fndds,2707785,USDA FoodData Central FNDDS 2021-2023 survey food; WWEIA category 4206 (Bagels and English muffins).,OFFICIAL_SOURCE_IMPORTED
fndds_bagel_whole_wheat,usda_fooddata_central_fndds,2707733,USDA FoodData Central FNDDS 2021-2023 survey food; WWEIA category 4206 (Bagels and English muffins).,OFFICIAL_SOURCE_IMPORTED
fndds_bagel_with_raisins,usda_fooddata_central_fndds,2707685,USDA FoodData Central FNDDS 2021-2023 survey food; WWEIA category 4206 (Bagels and English muffins).,OFFICIAL_SOURCE_IMPORTED
fndds_bagel_pumpernickel,usda_fooddata_central_fndds,2707762,USDA FoodData Central FNDDS 2021-2023 survey food; WWEIA category 4206 (Bagels and English muffins).,OFFICIAL_SOURCE_IMPORTED
fndds_tortilla_corn,usda_fooddata_central_fndds,2707823,USDA FoodData Central FNDDS 2021-2023 survey food; WWEIA category 4208 (Tortillas).,OFFICIAL_SOURCE_IMPORTED
fndds_tortilla_flour,usda_fooddata_central_fndds,2707824,USDA FoodData Central FNDDS 2021-2023 survey food; WWEIA category 4208 (Tortillas).,OFFICIAL_SOURCE_IMPORTED
fndds_taco_shell_corn,usda_fooddata_central_fndds,2707826,USDA FoodData Central FNDDS 2021-2023 survey food; WWEIA category 4208 (Tortillas).,OFFICIAL_SOURCE_IMPORTED
fndds_taco_shell_flour,usda_fooddata_central_fndds,2707827,USDA FoodData Central FNDDS 2021-2023 survey food; WWEIA category 4208 (Tortillas).,OFFICIAL_SOURCE_IMPORTED
fndds_scone,usda_fooddata_central_fndds,2707808,"USDA FoodData Central FNDDS 2021-2023 survey food; WWEIA category 4402 (Biscuits, muffins, quick breads).",OFFICIAL_SOURCE_IMPORTED
fndds_popover,usda_fooddata_central_fndds,2707846,"USDA FoodData Central FNDDS 2021-2023 survey food; WWEIA category 4402 (Biscuits, muffins, quick breads).",OFFICIAL_SOURCE_IMPORTED
fndds_hush_puppy,usda_fooddata_central_fndds,2707819,"USDA FoodData Central FNDDS 2021-2023 survey food; WWEIA category 4402 (Biscuits, muffins, quick breads).",OFFICIAL_SOURCE_IMPORTED
fndds_johnnycake,usda_fooddata_central_fndds,2707820,"USDA FoodData Central FNDDS 2021-2023 survey food; WWEIA category 4402 (Biscuits, muffins, quick breads).",OFFICIAL_SOURCE_IMPORTED
fndds_spoonbread,usda_fooddata_central_fndds,2707821,"USDA FoodData Central FNDDS 2021-2023 survey food; WWEIA category 4402 (Biscuits, muffins, quick breads).",OFFICIAL_SOURCE_IMPORTED
fndds_muffin_plain,usda_fooddata_central_fndds,2707841,"USDA FoodData Central FNDDS 2021-2023 survey food; WWEIA category 4402 (Biscuits, muffins, quick breads).",OFFICIAL_SOURCE_IMPORTED
fndds_bread_nut,usda_fooddata_central_fndds,2707848,"USDA FoodData Central FNDDS 2021-2023 survey food; WWEIA category 4402 (Biscuits, muffins, quick breads).",OFFICIAL_SOURCE_IMPORTED
fndds_corn_pone_baked,usda_fooddata_central_fndds,2707816,"USDA FoodData Central FNDDS 2021-2023 survey food; WWEIA category 4402 (Biscuits, muffins, quick breads).",OFFICIAL_SOURCE_IMPORTED
fndds_bread_fruit,usda_fooddata_central_fndds,2707850,"USDA FoodData Central FNDDS 2021-2023 survey food; WWEIA category 4402 (Biscuits, muffins, quick breads).",OFFICIAL_SOURCE_IMPORTED
fndds_arepa_dominicana,usda_fooddata_central_fndds,2707828,"USDA FoodData Central FNDDS 2021-2023 survey food; WWEIA category 4402 (Biscuits, muffins, quick breads).",OFFICIAL_SOURCE_IMPORTED
fndds_muffin_fruit,usda_fooddata_central_fndds,2707830,"USDA FoodData Central FNDDS 2021-2023 survey food; WWEIA category 4402 (Biscuits, muffins, quick breads).",OFFICIAL_SOURCE_IMPORTED
fndds_muffin_wheat,usda_fooddata_central_fndds,2707835,"USDA FoodData Central FNDDS 2021-2023 survey food; WWEIA category 4402 (Biscuits, muffins, quick breads).",OFFICIAL_SOURCE_IMPORTED
fndds_dosa_plain,usda_fooddata_central_fndds,2708347,"USDA FoodData Central FNDDS 2021-2023 survey food; WWEIA category 4404 (Pancakes, waffles, French toast).",OFFICIAL_SOURCE_IMPORTED
fndds_crepe_plain,usda_fooddata_central_fndds,2708342,"USDA FoodData Central FNDDS 2021-2023 survey food; WWEIA category 4404 (Pancakes, waffles, French toast).",OFFICIAL_SOURCE_IMPORTED
fndds_waffle_plain,usda_fooddata_central_fndds,2708325,"USDA FoodData Central FNDDS 2021-2023 survey food; WWEIA category 4404 (Pancakes, waffles, French toast).",OFFICIAL_SOURCE_IMPORTED
fndds_pancakes_plain,usda_fooddata_central_fndds,2708304,"USDA FoodData Central FNDDS 2021-2023 survey food; WWEIA category 4404 (Pancakes, waffles, French toast).",OFFICIAL_SOURCE_IMPORTED
fndds_chinese_pancake,usda_fooddata_central_fndds,2708343,"USDA FoodData Central FNDDS 2021-2023 survey food; WWEIA category 4404 (Pancakes, waffles, French toast).",OFFICIAL_SOURCE_IMPORTED
fndds_waffle_fruit,usda_fooddata_central_fndds,2708326,"USDA FoodData Central FNDDS 2021-2023 survey food; WWEIA category 4404 (Pancakes, waffles, French toast).",OFFICIAL_SOURCE_IMPORTED
fndds_pancakes_fruit,usda_fooddata_central_fndds,2708306,"USDA FoodData Central FNDDS 2021-2023 survey food; WWEIA category 4404 (Pancakes, waffles, French toast).",OFFICIAL_SOURCE_IMPORTED
fndds_french_toast_plain,usda_fooddata_central_fndds,2708335,"USDA FoodData Central FNDDS 2021-2023 survey food; WWEIA category 4404 (Pancakes, waffles, French toast).",OFFICIAL_SOURCE_IMPORTED
fndds_french_toast_sticks,usda_fooddata_central_fndds,2708338,"USDA FoodData Central FNDDS 2021-2023 survey food; WWEIA category 4404 (Pancakes, waffles, French toast).",OFFICIAL_SOURCE_IMPORTED
fndds_waffle_cinnamon,usda_fooddata_central_fndds,2708328,"USDA FoodData Central FNDDS 2021-2023 survey food; WWEIA category 4404 (Pancakes, waffles, French toast).",OFFICIAL_SOURCE_IMPORTED
fndds_pancakes_pumpkin,usda_fooddata_central_fndds,2708307,"USDA FoodData Central FNDDS 2021-2023 survey food; WWEIA category 4404 (Pancakes, waffles, French toast).",OFFICIAL_SOURCE_IMPORTED
fndds_waffle_chocolate,usda_fooddata_central_fndds,2708327,"USDA FoodData Central FNDDS 2021-2023 survey food; WWEIA category 4404 (Pancakes, waffles, French toast).",OFFICIAL_SOURCE_IMPORTED
fndds_cereal_crunch,usda_fooddata_central_fndds,2708447,"USDA FoodData Central FNDDS 2021-2023 survey food; WWEIA category 4602 (Ready-to-eat cereal, higher sugar (>21.2g/100g)).",OFFICIAL_SOURCE_IMPORTED
fndds_cereal_granola,usda_fooddata_central_fndds,2708461,"USDA FoodData Central FNDDS 2021-2023 survey food; WWEIA category 4602 (Ready-to-eat cereal, higher sugar (>21.2g/100g)).",OFFICIAL_SOURCE_IMPORTED
fndds_cereal_fruit_rings,usda_fooddata_central_fndds,2708459,"USDA FoodData Central FNDDS 2021-2023 survey food; WWEIA category 4602 (Ready-to-eat cereal, higher sugar (>21.2g/100g)).",OFFICIAL_SOURCE_IMPORTED
fndds_cereal_fruit_crispy,usda_fooddata_central_fndds,2708460,"USDA FoodData Central FNDDS 2021-2023 survey food; WWEIA category 4602 (Ready-to-eat cereal, higher sugar (>21.2g/100g)).",OFFICIAL_SOURCE_IMPORTED
fndds_cereal_cinnamon_toast,usda_fooddata_central_fndds,2708450,"USDA FoodData Central FNDDS 2021-2023 survey food; WWEIA category 4602 (Ready-to-eat cereal, higher sugar (>21.2g/100g)).",OFFICIAL_SOURCE_IMPORTED
fndds_cereal_flavored_puffs,usda_fooddata_central_fndds,2708473,"USDA FoodData Central FNDDS 2021-2023 survey food; WWEIA category 4602 (Ready-to-eat cereal, higher sugar (>21.2g/100g)).",OFFICIAL_SOURCE_IMPORTED
fndds_cereal_chocolate_puffs,usda_fooddata_central_fndds,2708449,"USDA FoodData Central FNDDS 2021-2023 survey food; WWEIA category 4602 (Ready-to-eat cereal, higher sugar (>21.2g/100g)).",OFFICIAL_SOURCE_IMPORTED
fndds_cereal_other_honey,usda_fooddata_central_fndds,2708486,"USDA FoodData Central FNDDS 2021-2023 survey food; WWEIA category 4602 (Ready-to-eat cereal, higher sugar (>21.2g/100g)).",OFFICIAL_SOURCE_IMPORTED
fndds_cereal_plain_puffs,usda_fooddata_central_fndds,2708478,"USDA FoodData Central FNDDS 2021-2023 survey food; WWEIA category 4604 (Ready-to-eat cereal, lower sugar (=<21.2g/100g)).",OFFICIAL_SOURCE_IMPORTED
fndds_cereal_o_s_plain,usda_fooddata_central_fndds,2708448,"USDA FoodData Central FNDDS 2021-2023 survey food; WWEIA category 4604 (Ready-to-eat cereal, lower sugar (=<21.2g/100g)).",OFFICIAL_SOURCE_IMPORTED
fndds_cereal_corn_puffs,usda_fooddata_central_fndds,2708454,"USDA FoodData Central FNDDS 2021-2023 survey food; WWEIA category 4604 (Ready-to-eat cereal, lower sugar (=<21.2g/100g)).",OFFICIAL_SOURCE_IMPORTED
fndds_cereal_multigrain,usda_fooddata_central_fndds,2708465,"USDA FoodData Central FNDDS 2021-2023 survey food; WWEIA category 4604 (Ready-to-eat cereal, lower sugar (=<21.2g/100g)).",OFFICIAL_SOURCE_IMPORTED
fndds_cereal_k_s_plain,usda_fooddata_central_fndds,2708471,"USDA FoodData Central FNDDS 2021-2023 survey food; WWEIA category 4604 (Ready-to-eat cereal, lower sugar (=<21.2g/100g)).",OFFICIAL_SOURCE_IMPORTED
fndds_cereal_oat_bunches,usda_fooddata_central_fndds,2708462,"USDA FoodData Central FNDDS 2021-2023 survey food; WWEIA category 4604 (Ready-to-eat cereal, lower sugar (=<21.2g/100g)).",OFFICIAL_SOURCE_IMPORTED
fndds_cereal_oat_squares,usda_fooddata_central_fndds,2708466,"USDA FoodData Central FNDDS 2021-2023 survey food; WWEIA category 4604 (Ready-to-eat cereal, lower sugar (=<21.2g/100g)).",OFFICIAL_SOURCE_IMPORTED
fndds_oatmeal_multigrain,usda_fooddata_central_fndds,2708398,USDA FoodData Central FNDDS 2021-2023 survey food; WWEIA category 4802 (Oatmeal).,OFFICIAL_SOURCE_IMPORTED
fndds_oatmeal_reduced_sugar,usda_fooddata_central_fndds,2708397,USDA FoodData Central FNDDS 2021-2023 survey food; WWEIA category 4802 (Oatmeal).,OFFICIAL_SOURCE_IMPORTED
fndds_oatmeal_fast_food_plain,usda_fooddata_central_fndds,2708378,USDA FoodData Central FNDDS 2021-2023 survey food; WWEIA category 4802 (Oatmeal).,OFFICIAL_SOURCE_IMPORTED
fndds_oatmeal_fast_food_flavored,usda_fooddata_central_fndds,2708379,USDA FoodData Central FNDDS 2021-2023 survey food; WWEIA category 4802 (Oatmeal).,OFFICIAL_SOURCE_IMPORTED
fndds_oatmeal_instant_maple_flavored_fat_added,usda_fooddata_central_fndds,2708394,USDA FoodData Central FNDDS 2021-2023 survey food; WWEIA category 4802 (Oatmeal).,OFFICIAL_SOURCE_IMPORTED
fndds_oatmeal_instant_fruit_flavored_fat_added,usda_fooddata_central_fndds,2708396,USDA FoodData Central FNDDS 2021-2023 survey food; WWEIA category 4802 (Oatmeal).,OFFICIAL_SOURCE_IMPORTED
fndds_oatmeal_instant_maple_flavored_no_added_fat,usda_fooddata_central_fndds,2708393,USDA FoodData Central FNDDS 2021-2023 survey food; WWEIA category 4802 (Oatmeal).,OFFICIAL_SOURCE_IMPORTED
fndds_oatmeal_instant_fruit_flavored_no_added_fat,usda_fooddata_central_fndds,2708395,USDA FoodData Central FNDDS 2021-2023 survey food; WWEIA category 4802 (Oatmeal).,OFFICIAL_SOURCE_IMPORTED
fndds_upma,usda_fooddata_central_fndds,2709128,USDA FoodData Central FNDDS 2021-2023 survey food; WWEIA category 4804 (Grits and other cooked cereals).,OFFICIAL_SOURCE_IMPORTED
fndds_cream_of_rice,usda_fooddata_central_fndds,2708415,USDA FoodData Central FNDDS 2021-2023 survey food; WWEIA category 4804 (Grits and other cooked cereals).,OFFICIAL_SOURCE_IMPORTED
fndds_hominy_cooked,usda_fooddata_central_fndds,2709933,USDA FoodData Central FNDDS 2021-2023 survey food; WWEIA category 4804 (Grits and other cooked cereals).,OFFICIAL_SOURCE_IMPORTED
fndds_masa_harina_cooked,usda_fooddata_central_fndds,2708376,USDA FoodData Central FNDDS 2021-2023 survey food; WWEIA category 4804 (Grits and other cooked cereals).,OFFICIAL_SOURCE_IMPORTED
fndds_oat_bran_cereal_cooked,usda_fooddata_central_fndds,2708444,USDA FoodData Central FNDDS 2021-2023 survey food; WWEIA category 4804 (Grits and other cooked cereals).,OFFICIAL_SOURCE_IMPORTED
fndds_whole_wheat_cereal_cooked,usda_fooddata_central_fndds,2708442,USDA FoodData Central FNDDS 2021-2023 survey food; WWEIA category 4804 (Grits and other cooked cereals).,OFFICIAL_SOURCE_IMPORTED
fndds_cornmeal_mush_fat_added,usda_fooddata_central_fndds,2708375,USDA FoodData Central FNDDS 2021-2023 survey food; WWEIA category 4804 (Grits and other cooked cereals).,OFFICIAL_SOURCE_IMPORTED
fndds_potato_chips_plain,usda_fooddata_central_fndds,2709422,USDA FoodData Central FNDDS 2021-2023 survey food; WWEIA category 5002 (Potato chips).,OFFICIAL_SOURCE_IMPORTED
fndds_potato_sticks_plain,usda_fooddata_central_fndds,2709444,USDA FoodData Central FNDDS 2021-2023 survey food; WWEIA category 5002 (Potato chips).,OFFICIAL_SOURCE_IMPORTED
fndds_potato_chips_baked_plain,usda_fooddata_central_fndds,2709434,USDA FoodData Central FNDDS 2021-2023 survey food; WWEIA category 5002 (Potato chips).,OFFICIAL_SOURCE_IMPORTED
fndds_potato_chips_unsalted,usda_fooddata_central_fndds,2709438,USDA FoodData Central FNDDS 2021-2023 survey food; WWEIA category 5002 (Potato chips).,OFFICIAL_SOURCE_IMPORTED
fndds_potato_sticks_flavored,usda_fooddata_central_fndds,2709445,USDA FoodData Central FNDDS 2021-2023 survey food; WWEIA category 5002 (Potato chips).,OFFICIAL_SOURCE_IMPORTED
fndds_potato_chips_reduced_fat,usda_fooddata_central_fndds,2709436,USDA FoodData Central FNDDS 2021-2023 survey food; WWEIA category 5002 (Potato chips).,OFFICIAL_SOURCE_IMPORTED
fndds_potato_sticks_fry_shaped,usda_fooddata_central_fndds,2709446,USDA FoodData Central FNDDS 2021-2023 survey food; WWEIA category 5002 (Potato chips).,OFFICIAL_SOURCE_IMPORTED
fndds_potato_chips_popped_plain,usda_fooddata_central_fndds,2709441,USDA FoodData Central FNDDS 2021-2023 survey food; WWEIA category 5002 (Potato chips).,OFFICIAL_SOURCE_IMPORTED
fndds_potato_chips_other_flavored,usda_fooddata_central_fndds,2709426,USDA FoodData Central FNDDS 2021-2023 survey food; WWEIA category 5002 (Potato chips).,OFFICIAL_SOURCE_IMPORTED
fndds_soy_chips,usda_fooddata_central_fndds,2707434,"USDA FoodData Central FNDDS 2021-2023 survey food; WWEIA category 5004 (Tortilla, corn, other chips).",OFFICIAL_SOURCE_IMPORTED
fndds_corn_nuts,usda_fooddata_central_fndds,2708195,"USDA FoodData Central FNDDS 2021-2023 survey food; WWEIA category 5004 (Tortilla, corn, other chips).",OFFICIAL_SOURCE_IMPORTED
fndds_bean_chips,usda_fooddata_central_fndds,2707428,"USDA FoodData Central FNDDS 2021-2023 survey food; WWEIA category 5004 (Tortilla, corn, other chips).",OFFICIAL_SOURCE_IMPORTED
fndds_taro_chips,usda_fooddata_central_fndds,2709569,"USDA FoodData Central FNDDS 2021-2023 survey food; WWEIA category 5004 (Tortilla, corn, other chips).",OFFICIAL_SOURCE_IMPORTED
fndds_shrimp_chips,usda_fooddata_central_fndds,2708246,"USDA FoodData Central FNDDS 2021-2023 survey food; WWEIA category 5004 (Tortilla, corn, other chips).",OFFICIAL_SOURCE_IMPORTED
fndds_cracker_chips,usda_fooddata_central_fndds,2708293,"USDA FoodData Central FNDDS 2021-2023 survey food; WWEIA category 5004 (Tortilla, corn, other chips).",OFFICIAL_SOURCE_IMPORTED
fndds_plantain_chips,usda_fooddata_central_fndds,2709563,"USDA FoodData Central FNDDS 2021-2023 survey food; WWEIA category 5004 (Tortilla, corn, other chips).",OFFICIAL_SOURCE_IMPORTED
fndds_chips_rice,usda_fooddata_central_fndds,2708161,"USDA FoodData Central FNDDS 2021-2023 survey food; WWEIA category 5004 (Tortilla, corn, other chips).",OFFICIAL_SOURCE_IMPORTED
fndds_vegetable_chips,usda_fooddata_central_fndds,2709447,"USDA FoodData Central FNDDS 2021-2023 survey food; WWEIA category 5004 (Tortilla, corn, other chips).",OFFICIAL_SOURCE_IMPORTED
fndds_corn_chips_plain,usda_fooddata_central_fndds,2708196,"USDA FoodData Central FNDDS 2021-2023 survey food; WWEIA category 5004 (Tortilla, corn, other chips).",OFFICIAL_SOURCE_IMPORTED
fndds_popcorn_caramel_coated,usda_fooddata_central_fndds,2708239,USDA FoodData Central FNDDS 2021-2023 survey food; WWEIA category 5006 (Popcorn).,OFFICIAL_SOURCE_IMPORTED
fndds_popcorn_microwave_plain,usda_fooddata_central_fndds,2708224,USDA FoodData Central FNDDS 2021-2023 survey food; WWEIA category 5006 (Popcorn).,OFFICIAL_SOURCE_IMPORTED
fndds_popcorn_chocolate_coated,usda_fooddata_central_fndds,2708241,USDA FoodData Central FNDDS 2021-2023 survey food; WWEIA category 5006 (Popcorn).,OFFICIAL_SOURCE_IMPORTED
fndds_popcorn_ready_to_eat_plain,usda_fooddata_central_fndds,2708232,USDA FoodData Central FNDDS 2021-2023 survey food; WWEIA category 5006 (Popcorn).,OFFICIAL_SOURCE_IMPORTED
fndds_popcorn_microwave_kettle,usda_fooddata_central_fndds,2708230,USDA FoodData Central FNDDS 2021-2023 survey food; WWEIA category 5006 (Popcorn).,OFFICIAL_SOURCE_IMPORTED
fndds_popcorn_ready_to_eat_kettle,usda_fooddata_central_fndds,2708238,USDA FoodData Central FNDDS 2021-2023 survey food; WWEIA category 5006 (Popcorn).,OFFICIAL_SOURCE_IMPORTED
fndds_popcorn_microwave_low_sodium,usda_fooddata_central_fndds,2708226,USDA FoodData Central FNDDS 2021-2023 survey food; WWEIA category 5006 (Popcorn).,OFFICIAL_SOURCE_IMPORTED
fndds_popcorn_microwave_plain_light,usda_fooddata_central_fndds,2708225,USDA FoodData Central FNDDS 2021-2023 survey food; WWEIA category 5006 (Popcorn).,OFFICIAL_SOURCE_IMPORTED
fndds_snack_mix,usda_fooddata_central_fndds,2708213,USDA FoodData Central FNDDS 2021-2023 survey food; WWEIA category 5008 (Pretzels/snack mix).,OFFICIAL_SOURCE_IMPORTED
fndds_pretzel_chips_hard_plain,usda_fooddata_central_fndds,2708256,USDA FoodData Central FNDDS 2021-2023 survey food; WWEIA category 5008 (Pretzels/snack mix).,OFFICIAL_SOURCE_IMPORTED
fndds_snack_mix_plain_chex_mix,usda_fooddata_central_fndds,2708291,USDA FoodData Central FNDDS 2021-2023 survey food; WWEIA category 5008 (Pretzels/snack mix).,OFFICIAL_SOURCE_IMPORTED
fndds_pretzels_hard_flavored,usda_fooddata_central_fndds,2708252,USDA FoodData Central FNDDS 2021-2023 survey food; WWEIA category 5008 (Pretzels/snack mix).,OFFICIAL_SOURCE_IMPORTED
fndds_pretzels_hard_multigrain,usda_fooddata_central_fndds,2708253,USDA FoodData Central FNDDS 2021-2023 survey food; WWEIA category 5008 (Pretzels/snack mix).,OFFICIAL_SOURCE_IMPORTED
fndds_pretzels_soft_multigrain,usda_fooddata_central_fndds,2708286,USDA FoodData Central FNDDS 2021-2023 survey food; WWEIA category 5008 (Pretzels/snack mix).,OFFICIAL_SOURCE_IMPORTED
fndds_pretzels_soft_gluten_free,usda_fooddata_central_fndds,2708287,USDA FoodData Central FNDDS 2021-2023 survey food; WWEIA category 5008 (Pretzels/snack mix).,OFFICIAL_SOURCE_IMPORTED
fndds_pretzels_hard_plain_salted,usda_fooddata_central_fndds,2708249,USDA FoodData Central FNDDS 2021-2023 survey food; WWEIA category 5008 (Pretzels/snack mix).,OFFICIAL_SOURCE_IMPORTED
fndds_pretzel_chips_hard_flavored,usda_fooddata_central_fndds,2708257,USDA FoodData Central FNDDS 2021-2023 survey food; WWEIA category 5008 (Pretzels/snack mix).,OFFICIAL_SOURCE_IMPORTED
fndds_pretzels_hard_yogurt_coated,usda_fooddata_central_fndds,2708262,USDA FoodData Central FNDDS 2021-2023 survey food; WWEIA category 5008 (Pretzels/snack mix).,OFFICIAL_SOURCE_IMPORTED
fndds_pretzels_hard_cheese_filled,usda_fooddata_central_fndds,2708265,USDA FoodData Central FNDDS 2021-2023 survey food; WWEIA category 5008 (Pretzels/snack mix).,OFFICIAL_SOURCE_IMPORTED
fndds_croutons,usda_fooddata_central_fndds,2707697,"USDA FoodData Central FNDDS 2021-2023 survey food; WWEIA category 5202 (Crackers, excludes saltines).",OFFICIAL_SOURCE_IMPORTED
fndds_rice_cake,usda_fooddata_central_fndds,2708162,"USDA FoodData Central FNDDS 2021-2023 survey food; WWEIA category 5202 (Crackers, excludes saltines).",OFFICIAL_SOURCE_IMPORTED
fndds_rice_paper,usda_fooddata_central_fndds,2708166,"USDA FoodData Central FNDDS 2021-2023 survey food; WWEIA category 5202 (Crackers, excludes saltines).",OFFICIAL_SOURCE_IMPORTED
fndds_pita_chips,usda_fooddata_central_fndds,2708215,"USDA FoodData Central FNDDS 2021-2023 survey food; WWEIA category 5202 (Crackers, excludes saltines).",OFFICIAL_SOURCE_IMPORTED
fndds_melba_toast,usda_fooddata_central_fndds,2707702,"USDA FoodData Central FNDDS 2021-2023 survey food; WWEIA category 5202 (Crackers, excludes saltines).",OFFICIAL_SOURCE_IMPORTED
fndds_bagel_chips,usda_fooddata_central_fndds,2708292,"USDA FoodData Central FNDDS 2021-2023 survey food; WWEIA category 5202 (Crackers, excludes saltines).",OFFICIAL_SOURCE_IMPORTED
fndds_popcorn_cake,usda_fooddata_central_fndds,2708165,"USDA FoodData Central FNDDS 2021-2023 survey food; WWEIA category 5202 (Crackers, excludes saltines).",OFFICIAL_SOURCE_IMPORTED
fndds_zwieback_toast,usda_fooddata_central_fndds,2707705,"USDA FoodData Central FNDDS 2021-2023 survey food; WWEIA category 5202 (Crackers, excludes saltines).",OFFICIAL_SOURCE_IMPORTED
fndds_crackers_milk,usda_fooddata_central_fndds,2708159,"USDA FoodData Central FNDDS 2021-2023 survey food; WWEIA category 5202 (Crackers, excludes saltines).",OFFICIAL_SOURCE_IMPORTED
fndds_crackers_rice,usda_fooddata_central_fndds,2708163,"USDA FoodData Central FNDDS 2021-2023 survey food; WWEIA category 5202 (Crackers, excludes saltines).",OFFICIAL_SOURCE_IMPORTED
fndds_crackers_matzo,usda_fooddata_central_fndds,2708158,"USDA FoodData Central FNDDS 2021-2023 survey food; WWEIA category 5202 (Crackers, excludes saltines).",OFFICIAL_SOURCE_IMPORTED
fndds_crackers_water,usda_fooddata_central_fndds,2708178,"USDA FoodData Central FNDDS 2021-2023 survey food; WWEIA category 5202 (Crackers, excludes saltines).",OFFICIAL_SOURCE_IMPORTED
fndds_crackers_wheat,usda_fooddata_central_fndds,2708184,"USDA FoodData Central FNDDS 2021-2023 survey food; WWEIA category 5202 (Crackers, excludes saltines).",OFFICIAL_SOURCE_IMPORTED
fndds_crackers_oyster,usda_fooddata_central_fndds,2708160,USDA FoodData Central FNDDS 2021-2023 survey food; WWEIA category 5204 (Saltine crackers).,OFFICIAL_SOURCE_IMPORTED
fndds_crackers_saltine,usda_fooddata_central_fndds,2708167,USDA FoodData Central FNDDS 2021-2023 survey food; WWEIA category 5204 (Saltine crackers).,OFFICIAL_SOURCE_IMPORTED
fndds_crackers_saltine_multigrain,usda_fooddata_central_fndds,2708169,USDA FoodData Central FNDDS 2021-2023 survey food; WWEIA category 5204 (Saltine crackers).,OFFICIAL_SOURCE_IMPORTED
fndds_crackers_saltine_reduced_fat,usda_fooddata_central_fndds,2708168,USDA FoodData Central FNDDS 2021-2023 survey food; WWEIA category 5204 (Saltine crackers).,OFFICIAL_SOURCE_IMPORTED
fndds_milk_n_cereal_bar,usda_fooddata_central_fndds,2708086,USDA FoodData Central FNDDS 2021-2023 survey food; WWEIA category 5402 (Cereal bars).,OFFICIAL_SOURCE_IMPORTED
fndds_snack_bar_oatmeal,usda_fooddata_central_fndds,2708100,USDA FoodData Central FNDDS 2021-2023 survey food; WWEIA category 5402 (Cereal bars).,OFFICIAL_SOURCE_IMPORTED
fndds_cereal_or_granola_bar_nonfat,usda_fooddata_central_fndds,2708103,USDA FoodData Central FNDDS 2021-2023 survey food; WWEIA category 5402 (Cereal bars).,OFFICIAL_SOURCE_IMPORTED
fndds_cereal_or_granola_bar_fruit_and_nut,usda_fooddata_central_fndds,2708105,USDA FoodData Central FNDDS 2021-2023 survey food; WWEIA category 5402 (Cereal bars).,OFFICIAL_SOURCE_IMPORTED
fndds_cereal_or_granola_bar_with_rice_cereal,usda_fooddata_central_fndds,2708113,USDA FoodData Central FNDDS 2021-2023 survey food; WWEIA category 5402 (Cereal bars).,OFFICIAL_SOURCE_IMPORTED
fndds_cereal_or_granola_bar_quaker_granola_bites,usda_fooddata_central_fndds,2708099,USDA FoodData Central FNDDS 2021-2023 survey food; WWEIA category 5402 (Cereal bars).,OFFICIAL_SOURCE_IMPORTED
fndds_breakfast_bar_date_with_yogurt_coating,usda_fooddata_central_fndds,2708115,USDA FoodData Central FNDDS 2021-2023 survey food; WWEIA category 5402 (Cereal bars).,OFFICIAL_SOURCE_IMPORTED
fndds_cereal_or_granola_bar_kind_fruit_and_nut_bar,usda_fooddata_central_fndds,2708090,USDA FoodData Central FNDDS 2021-2023 survey food; WWEIA category 5402 (Cereal bars).,OFFICIAL_SOURCE_IMPORTED
fndds_cereal_or_granola_bar_kellogg_s_special_k_bar,usda_fooddata_central_fndds,2708087,USDA FoodData Central FNDDS 2021-2023 survey food; WWEIA category 5402 (Cereal bars).,OFFICIAL_SOURCE_IMPORTED
fndds_nutrition_bar_clif_bar,usda_fooddata_central_fndds,2708118,USDA FoodData Central FNDDS 2021-2023 survey food; WWEIA category 5404 (Nutrition bars).,OFFICIAL_SOURCE_IMPORTED
fndds_nutrition_bar_powerbar,usda_fooddata_central_fndds,2708120,USDA FoodData Central FNDDS 2021-2023 survey food; WWEIA category 5404 (Nutrition bars).,OFFICIAL_SOURCE_IMPORTED
fndds_nutrition_bar_tiger_s_milk,usda_fooddata_central_fndds,2708125,USDA FoodData Central FNDDS 2021-2023 survey food; WWEIA category 5404 (Nutrition bars).,OFFICIAL_SOURCE_IMPORTED
fndds_cereal_or_granola_bar_kashi_chewy,usda_fooddata_central_fndds,2708088,USDA FoodData Central FNDDS 2021-2023 survey food; WWEIA category 5404 (Nutrition bars).,OFFICIAL_SOURCE_IMPORTED
fndds_nutrition_bar_balance_original_bar,usda_fooddata_central_fndds,2708117,USDA FoodData Central FNDDS 2021-2023 survey food; WWEIA category 5404 (Nutrition bars).,OFFICIAL_SOURCE_IMPORTED
fndds_cereal_or_granola_bar_kashi_crunchy,usda_fooddata_central_fndds,2708089,USDA FoodData Central FNDDS 2021-2023 survey food; WWEIA category 5404 (Nutrition bars).,OFFICIAL_SOURCE_IMPORTED
fndds_baklava,usda_fooddata_central_fndds,2708044,USDA FoodData Central FNDDS 2021-2023 survey food; WWEIA category 5502 (Cakes and pies).,OFFICIAL_SOURCE_IMPORTED
fndds_tiramisu,usda_fooddata_central_fndds,2705702,USDA FoodData Central FNDDS 2021-2023 survey food; WWEIA category 5502 (Cakes and pies).,OFFICIAL_SOURCE_IMPORTED
fndds_pie_shell,usda_fooddata_central_fndds,2708017,USDA FoodData Central FNDDS 2021-2023 survey food; WWEIA category 5502 (Cakes and pies).,OFFICIAL_SOURCE_IMPORTED
fndds_dessert_pizza,usda_fooddata_central_fndds,2708008,USDA FoodData Central FNDDS 2021-2023 survey food; WWEIA category 5502 (Cakes and pies).,OFFICIAL_SOURCE_IMPORTED
fndds_pie_apple,usda_fooddata_central_fndds,2707995,USDA FoodData Central FNDDS 2021-2023 survey food; WWEIA category 5502 (Cakes and pies).,OFFICIAL_SOURCE_IMPORTED
fndds_pie_berry,usda_fooddata_central_fndds,2707997,USDA FoodData Central FNDDS 2021-2023 survey food; WWEIA category 5502 (Cakes and pies).,OFFICIAL_SOURCE_IMPORTED
fndds_pie_lemon,usda_fooddata_central_fndds,2708000,USDA FoodData Central FNDDS 2021-2023 survey food; WWEIA category 5502 (Cakes and pies).,OFFICIAL_SOURCE_IMPORTED
fndds_pie_peach,usda_fooddata_central_fndds,2708002,USDA FoodData Central FNDDS 2021-2023 survey food; WWEIA category 5502 (Cakes and pies).,OFFICIAL_SOURCE_IMPORTED
fndds_pie_pecan,usda_fooddata_central_fndds,2708015,USDA FoodData Central FNDDS 2021-2023 survey food; WWEIA category 5502 (Cakes and pies).,OFFICIAL_SOURCE_IMPORTED
fndds_ice_cream_cake,usda_fooddata_central_fndds,2707877,USDA FoodData Central FNDDS 2021-2023 survey food; WWEIA category 5502 (Cakes and pies).,OFFICIAL_SOURCE_IMPORTED
fndds_pie_strawberry,usda_fooddata_central_fndds,2708003,USDA FoodData Central FNDDS 2021-2023 survey food; WWEIA category 5502 (Cakes and pies).,OFFICIAL_SOURCE_IMPORTED
fndds_cake_cream,usda_fooddata_central_fndds,2707872,USDA FoodData Central FNDDS 2021-2023 survey food; WWEIA category 5502 (Cakes and pies).,OFFICIAL_SOURCE_IMPORTED
fndds_cake_pound,usda_fooddata_central_fndds,2707882,USDA FoodData Central FNDDS 2021-2023 survey food; WWEIA category 5502 (Cakes and pies).,OFFICIAL_SOURCE_IMPORTED
fndds_cake_torte,usda_fooddata_central_fndds,2707888,USDA FoodData Central FNDDS 2021-2023 survey food; WWEIA category 5502 (Cakes and pies).,OFFICIAL_SOURCE_IMPORTED
fndds_pie_cherry,usda_fooddata_central_fndds,2707999,USDA FoodData Central FNDDS 2021-2023 survey food; WWEIA category 5502 (Cakes and pies).,OFFICIAL_SOURCE_IMPORTED
fndds_cake_sponge,usda_fooddata_central_fndds,2707886,USDA FoodData Central FNDDS 2021-2023 survey food; WWEIA category 5502 (Cakes and pies).,OFFICIAL_SOURCE_IMPORTED
fndds_pocky,usda_fooddata_central_fndds,2707967,USDA FoodData Central FNDDS 2021-2023 survey food; WWEIA category 5504 (Cookies and brownies).,OFFICIAL_SOURCE_IMPORTED
fndds_marie_biscuit,usda_fooddata_central_fndds,2707971,USDA FoodData Central FNDDS 2021-2023 survey food; WWEIA category 5504 (Cookies and brownies).,OFFICIAL_SOURCE_IMPORTED
fndds_anisette_toast,usda_fooddata_central_fndds,2707703,USDA FoodData Central FNDDS 2021-2023 survey food; WWEIA category 5504 (Cookies and brownies).,OFFICIAL_SOURCE_IMPORTED
fndds_graham_crackers,usda_fooddata_central_fndds,2708133,USDA FoodData Central FNDDS 2021-2023 survey food; WWEIA category 5504 (Cookies and brownies).,OFFICIAL_SOURCE_IMPORTED
fndds_cookie_almond,usda_fooddata_central_fndds,2707900,USDA FoodData Central FNDDS 2021-2023 survey food; WWEIA category 5504 (Cookies and brownies).,OFFICIAL_SOURCE_IMPORTED
fndds_cookie_raisin,usda_fooddata_central_fndds,2707960,USDA FoodData Central FNDDS 2021-2023 survey food; WWEIA category 5504 (Cookies and brownies).,OFFICIAL_SOURCE_IMPORTED
fndds_cookie_animal,usda_fooddata_central_fndds,2707968,USDA FoodData Central FNDDS 2021-2023 survey food; WWEIA category 5504 (Cookies and brownies).,OFFICIAL_SOURCE_IMPORTED
fndds_cookie_coconut,usda_fooddata_central_fndds,2707927,USDA FoodData Central FNDDS 2021-2023 survey food; WWEIA category 5504 (Cookies and brownies).,OFFICIAL_SOURCE_IMPORTED
fndds_cookie_fig_bar,usda_fooddata_central_fndds,2707929,USDA FoodData Central FNDDS 2021-2023 survey food; WWEIA category 5504 (Cookies and brownies).,OFFICIAL_SOURCE_IMPORTED
fndds_cookie_fortune,usda_fooddata_central_fndds,2707930,USDA FoodData Central FNDDS 2021-2023 survey food; WWEIA category 5504 (Cookies and brownies).,OFFICIAL_SOURCE_IMPORTED
fndds_cookie_granola,usda_fooddata_central_fndds,2707933,USDA FoodData Central FNDDS 2021-2023 survey food; WWEIA category 5504 (Cookies and brownies).,OFFICIAL_SOURCE_IMPORTED
fndds_cookie_oatmeal,usda_fooddata_central_fndds,2707945,USDA FoodData Central FNDDS 2021-2023 survey food; WWEIA category 5504 (Cookies and brownies).,OFFICIAL_SOURCE_IMPORTED
fndds_cookie_pumpkin,usda_fooddata_central_fndds,2707959,USDA FoodData Central FNDDS 2021-2023 survey food; WWEIA category 5504 (Cookies and brownies).,OFFICIAL_SOURCE_IMPORTED
fndds_crackers_cuban,usda_fooddata_central_fndds,2708137,USDA FoodData Central FNDDS 2021-2023 survey food; WWEIA category 5504 (Cookies and brownies).,OFFICIAL_SOURCE_IMPORTED
fndds_cookie_biscotti,usda_fooddata_central_fndds,2707902,USDA FoodData Central FNDDS 2021-2023 survey food; WWEIA category 5504 (Cookies and brownies).,OFFICIAL_SOURCE_IMPORTED
fndds_cookie_macaroon,usda_fooddata_central_fndds,2707936,USDA FoodData Central FNDDS 2021-2023 survey food; WWEIA category 5504 (Cookies and brownies).,OFFICIAL_SOURCE_IMPORTED
fndds_cookie_meringue,usda_fooddata_central_fndds,2707941,USDA FoodData Central FNDDS 2021-2023 survey food; WWEIA category 5504 (Cookies and brownies).,OFFICIAL_SOURCE_IMPORTED
fndds_brioche,usda_fooddata_central_fndds,2707682,"USDA FoodData Central FNDDS 2021-2023 survey food; WWEIA category 5506 (Doughnuts, sweet rolls, pastries).",OFFICIAL_SOURCE_IMPORTED
fndds_churros,usda_fooddata_central_fndds,2708070,"USDA FoodData Central FNDDS 2021-2023 survey food; WWEIA category 5506 (Doughnuts, sweet rolls, pastries).",OFFICIAL_SOURCE_IMPORTED
fndds_beignet,usda_fooddata_central_fndds,2708071,"USDA FoodData Central FNDDS 2021-2023 survey food; WWEIA category 5506 (Doughnuts, sweet rolls, pastries).",OFFICIAL_SOURCE_IMPORTED
fndds_croissant,usda_fooddata_central_fndds,2707678,"USDA FoodData Central FNDDS 2021-2023 survey food; WWEIA category 5506 (Doughnuts, sweet rolls, pastries).",OFFICIAL_SOURCE_IMPORTED
fndds_pannetone,usda_fooddata_central_fndds,2707704,"USDA FoodData Central FNDDS 2021-2023 survey food; WWEIA category 5506 (Doughnuts, sweet rolls, pastries).",OFFICIAL_SOURCE_IMPORTED
fndds_fritter_plain,usda_fooddata_central_fndds,2708024,"USDA FoodData Central FNDDS 2021-2023 survey food; WWEIA category 5506 (Doughnuts, sweet rolls, pastries).",OFFICIAL_SOURCE_IMPORTED
fndds_doughnut_holes,usda_fooddata_central_fndds,2708069,"USDA FoodData Central FNDDS 2021-2023 survey food; WWEIA category 5506 (Doughnuts, sweet rolls, pastries).",OFFICIAL_SOURCE_IMPORTED
fndds_breakfast_tart,usda_fooddata_central_fndds,2708077,"USDA FoodData Central FNDDS 2021-2023 survey food; WWEIA category 5506 (Doughnuts, sweet rolls, pastries).",OFFICIAL_SOURCE_IMPORTED
fndds_pastry_puff,usda_fooddata_central_fndds,2708053,"USDA FoodData Central FNDDS 2021-2023 survey food; WWEIA category 5506 (Doughnuts, sweet rolls, pastries).",OFFICIAL_SOURCE_IMPORTED
fndds_tamale_sweet,usda_fooddata_central_fndds,2708038,"USDA FoodData Central FNDDS 2021-2023 survey food; WWEIA category 5506 (Doughnuts, sweet rolls, pastries).",OFFICIAL_SOURCE_IMPORTED
fndds_fritter_fruit,usda_fooddata_central_fndds,2708025,"USDA FoodData Central FNDDS 2021-2023 survey food; WWEIA category 5506 (Doughnuts, sweet rolls, pastries).",OFFICIAL_SOURCE_IMPORTED
fndds_doughnut_jelly,usda_fooddata_central_fndds,2708074,"USDA FoodData Central FNDDS 2021-2023 survey food; WWEIA category 5506 (Doughnuts, sweet rolls, pastries).",OFFICIAL_SOURCE_IMPORTED
fndds_cheese_pastry_puffs,usda_fooddata_central_fndds,2708055,"USDA FoodData Central FNDDS 2021-2023 survey food; WWEIA category 5506 (Doughnuts, sweet rolls, pastries).",OFFICIAL_SOURCE_IMPORTED
fndds_croissant_fruit,usda_fooddata_central_fndds,2707681,"USDA FoodData Central FNDDS 2021-2023 survey food; WWEIA category 5506 (Doughnuts, sweet rolls, pastries).",OFFICIAL_SOURCE_IMPORTED
fndds_chocolate_candy,usda_fooddata_central_fndds,2710328,USDA FoodData Central FNDDS 2021-2023 survey food; WWEIA category 5702 (Candy containing chocolate).,OFFICIAL_SOURCE_IMPORTED
fndds_chocolate_chips,usda_fooddata_central_fndds,2710333,USDA FoodData Central FNDDS 2021-2023 survey food; WWEIA category 5702 (Candy containing chocolate).,OFFICIAL_SOURCE_IMPORTED
fndds_dark_chocolate_candy,usda_fooddata_central_fndds,2710336,USDA FoodData Central FNDDS 2021-2023 survey food; WWEIA category 5702 (Candy containing chocolate).,OFFICIAL_SOURCE_IMPORTED
fndds_chocolate_candy_with_nuts,usda_fooddata_central_fndds,2710330,USDA FoodData Central FNDDS 2021-2023 survey food; WWEIA category 5702 (Candy containing chocolate).,OFFICIAL_SOURCE_IMPORTED
fndds_chocolate_candy_fudge,usda_fooddata_central_fndds,2710340,USDA FoodData Central FNDDS 2021-2023 survey food; WWEIA category 5702 (Candy containing chocolate).,OFFICIAL_SOURCE_IMPORTED
fndds_chocolate_candy_with_cereal,usda_fooddata_central_fndds,2710331,USDA FoodData Central FNDDS 2021-2023 survey food; WWEIA category 5702 (Candy containing chocolate).,OFFICIAL_SOURCE_IMPORTED
fndds_dark_chocolate_candy_with_nuts,usda_fooddata_central_fndds,2710338,USDA FoodData Central FNDDS 2021-2023 survey food; WWEIA category 5702 (Candy containing chocolate).,OFFICIAL_SOURCE_IMPORTED
fndds_chocolate_candy_sugar_free,usda_fooddata_central_fndds,2710349,USDA FoodData Central FNDDS 2021-2023 survey food; WWEIA category 5702 (Candy containing chocolate).,OFFICIAL_SOURCE_IMPORTED
fndds_cough_drops,usda_fooddata_central_fndds,2710362,USDA FoodData Central FNDDS 2021-2023 survey food; WWEIA category 5704 (Candy not containing chocolate).,OFFICIAL_SOURCE_IMPORTED
fndds_chewing_gum,usda_fooddata_central_fndds,2710371,USDA FoodData Central FNDDS 2021-2023 survey food; WWEIA category 5704 (Candy not containing chocolate).,OFFICIAL_SOURCE_IMPORTED
fndds_candy_mint,usda_fooddata_central_fndds,2710358,USDA FoodData Central FNDDS 2021-2023 survey food; WWEIA category 5704 (Candy not containing chocolate).,OFFICIAL_SOURCE_IMPORTED
fndds_candy_hard,usda_fooddata_central_fndds,2710360,USDA FoodData Central FNDDS 2021-2023 survey food; WWEIA category 5704 (Candy not containing chocolate).,OFFICIAL_SOURCE_IMPORTED
fndds_candy_taffy,usda_fooddata_central_fndds,2710369,USDA FoodData Central FNDDS 2021-2023 survey food; WWEIA category 5704 (Candy not containing chocolate).,OFFICIAL_SOURCE_IMPORTED
fndds_candy_cotton,usda_fooddata_central_fndds,2710363,USDA FoodData Central FNDDS 2021-2023 survey food; WWEIA category 5704 (Candy not containing chocolate).,OFFICIAL_SOURCE_IMPORTED
fndds_candy_caramel,usda_fooddata_central_fndds,2710354,USDA FoodData Central FNDDS 2021-2023 survey food; WWEIA category 5704 (Candy not containing chocolate).,OFFICIAL_SOURCE_IMPORTED
fndds_candy_licorice,usda_fooddata_central_fndds,2710352,USDA FoodData Central FNDDS 2021-2023 survey food; WWEIA category 5704 (Candy not containing chocolate).,OFFICIAL_SOURCE_IMPORTED
fndds_creamsicle,usda_fooddata_central_fndds,2705673,USDA FoodData Central FNDDS 2021-2023 survey food; WWEIA category 5802 (Ice cream and frozen dairy desserts).,OFFICIAL_SOURCE_IMPORTED
fndds_fudgesicle,usda_fooddata_central_fndds,2705674,USDA FoodData Central FNDDS 2021-2023 survey food; WWEIA category 5802 (Ice cream and frozen dairy desserts).,OFFICIAL_SOURCE_IMPORTED
fndds_banana_split,usda_fooddata_central_fndds,2705660,USDA FoodData Central FNDDS 2021-2023 survey food; WWEIA category 5802 (Ice cream and frozen dairy desserts).,OFFICIAL_SOURCE_IMPORTED
fndds_gelato_vanilla,usda_fooddata_central_fndds,2705636,USDA FoodData Central FNDDS 2021-2023 survey food; WWEIA category 5802 (Ice cream and frozen dairy desserts).,OFFICIAL_SOURCE_IMPORTED
fndds_ice_cream_candy_bar,usda_fooddata_central_fndds,2705640,USDA FoodData Central FNDDS 2021-2023 survey food; WWEIA category 5802 (Ice cream and frozen dairy desserts).,OFFICIAL_SOURCE_IMPORTED
fndds_ice_cream_fried,usda_fooddata_central_fndds,2705663,USDA FoodData Central FNDDS 2021-2023 survey food; WWEIA category 5802 (Ice cream and frozen dairy desserts).,OFFICIAL_SOURCE_IMPORTED
fndds_gelato_chocolate,usda_fooddata_central_fndds,2705637,USDA FoodData Central FNDDS 2021-2023 survey food; WWEIA category 5802 (Ice cream and frozen dairy desserts).,OFFICIAL_SOURCE_IMPORTED
fndds_fudgesicle_light,usda_fooddata_central_fndds,2705678,USDA FoodData Central FNDDS 2021-2023 survey food; WWEIA category 5802 (Ice cream and frozen dairy desserts).,OFFICIAL_SOURCE_IMPORTED
fndds_frozen_yogurt_sandwich,usda_fooddata_central_fndds,2705456,USDA FoodData Central FNDDS 2021-2023 survey food; WWEIA category 5802 (Ice cream and frozen dairy desserts).,OFFICIAL_SOURCE_IMPORTED
fndds_ice_cream_chocolate,usda_fooddata_central_fndds,2705632,USDA FoodData Central FNDDS 2021-2023 survey food; WWEIA category 5802 (Ice cream and frozen dairy desserts).,OFFICIAL_SOURCE_IMPORTED
fndds_sherbet_all_flavors,usda_fooddata_central_fndds,2705677,USDA FoodData Central FNDDS 2021-2023 survey food; WWEIA category 5802 (Ice cream and frozen dairy desserts).,OFFICIAL_SOURCE_IMPORTED
fndds_ice_cream_cookie_sandwich,usda_fooddata_central_fndds,2705644,USDA FoodData Central FNDDS 2021-2023 survey food; WWEIA category 5802 (Ice cream and frozen dairy desserts).,OFFICIAL_SOURCE_IMPORTED
fndds_frozen_yogurt_vanilla,usda_fooddata_central_fndds,2705452,USDA FoodData Central FNDDS 2021-2023 survey food; WWEIA category 5802 (Ice cream and frozen dairy desserts).,OFFICIAL_SOURCE_IMPORTED
fndds_flan,usda_fooddata_central_fndds,2705683,USDA FoodData Central FNDDS 2021-2023 survey food; WWEIA category 5804 (Pudding).,OFFICIAL_SOURCE_IMPORTED
fndds_mousse,usda_fooddata_central_fndds,2705698,USDA FoodData Central FNDDS 2021-2023 survey food; WWEIA category 5804 (Pudding).,OFFICIAL_SOURCE_IMPORTED
fndds_trifle,usda_fooddata_central_fndds,2705701,USDA FoodData Central FNDDS 2021-2023 survey food; WWEIA category 5804 (Pudding).,OFFICIAL_SOURCE_IMPORTED
fndds_haupia,usda_fooddata_central_fndds,2710316,USDA FoodData Central FNDDS 2021-2023 survey food; WWEIA category 5804 (Pudding).,OFFICIAL_SOURCE_IMPORTED
fndds_custard,usda_fooddata_central_fndds,2705682,USDA FoodData Central FNDDS 2021-2023 survey food; WWEIA category 5804 (Pudding).,OFFICIAL_SOURCE_IMPORTED
fndds_meringues,usda_fooddata_central_fndds,2707297,USDA FoodData Central FNDDS 2021-2023 survey food; WWEIA category 5804 (Pudding).,OFFICIAL_SOURCE_IMPORTED
fndds_creme_brulee,usda_fooddata_central_fndds,2705684,USDA FoodData Central FNDDS 2021-2023 survey food; WWEIA category 5804 (Pudding).,OFFICIAL_SOURCE_IMPORTED
fndds_lime_souffle,usda_fooddata_central_fndds,2709306,USDA FoodData Central FNDDS 2021-2023 survey food; WWEIA category 5804 (Pudding).,OFFICIAL_SOURCE_IMPORTED
fndds_yokan,usda_fooddata_central_fndds,2710315,"USDA FoodData Central FNDDS 2021-2023 survey food; WWEIA category 5806 (Gelatins, ices, sorbets).",OFFICIAL_SOURCE_IMPORTED
fndds_sorbet,usda_fooddata_central_fndds,2709314,"USDA FoodData Central FNDDS 2021-2023 survey food; WWEIA category 5806 (Gelatins, ices, sorbets).",OFFICIAL_SOURCE_IMPORTED
fndds_popsicle,usda_fooddata_central_fndds,2710320,"USDA FoodData Central FNDDS 2021-2023 survey food; WWEIA category 5806 (Gelatins, ices, sorbets).",OFFICIAL_SOURCE_IMPORTED
fndds_snow_cone,usda_fooddata_central_fndds,2710323,"USDA FoodData Central FNDDS 2021-2023 survey food; WWEIA category 5806 (Gelatins, ices, sorbets).",OFFICIAL_SOURCE_IMPORTED
fndds_italian_ice,usda_fooddata_central_fndds,2710317,"USDA FoodData Central FNDDS 2021-2023 survey food; WWEIA category 5806 (Gelatins, ices, sorbets).",OFFICIAL_SOURCE_IMPORTED
fndds_freezer_pop,usda_fooddata_central_fndds,2710322,"USDA FoodData Central FNDDS 2021-2023 survey food; WWEIA category 5806 (Gelatins, ices, sorbets).",OFFICIAL_SOURCE_IMPORTED
fndds_gelatin_dessert,usda_fooddata_central_fndds,2710310,"USDA FoodData Central FNDDS 2021-2023 survey food; WWEIA category 5806 (Gelatins, ices, sorbets).",OFFICIAL_SOURCE_IMPORTED
fndds_apple_raw,usda_fooddata_central_fndds,2709215,USDA FoodData Central FNDDS 2021-2023 survey food; WWEIA category 6002 (Apples).,OFFICIAL_SOURCE_IMPORTED
fndds_apple_baked,usda_fooddata_central_fndds,2709220,USDA FoodData Central FNDDS 2021-2023 survey food; WWEIA category 6002 (Apples).,OFFICIAL_SOURCE_IMPORTED
fndds_apple_pie_filling,usda_fooddata_central_fndds,2709219,USDA FoodData Central FNDDS 2021-2023 survey food; WWEIA category 6002 (Apples).,OFFICIAL_SOURCE_IMPORTED
fndds_apple_candied,usda_fooddata_central_fndds,2709294,USDA FoodData Central FNDDS 2021-2023 survey food; WWEIA category 6002 (Apples).,OFFICIAL_SOURCE_IMPORTED
fndds_banana_raw,usda_fooddata_central_fndds,2709224,USDA FoodData Central FNDDS 2021-2023 survey food; WWEIA category 6004 (Bananas).,OFFICIAL_SOURCE_IMPORTED
fndds_banana_baked,usda_fooddata_central_fndds,2709225,USDA FoodData Central FNDDS 2021-2023 survey food; WWEIA category 6004 (Bananas).,OFFICIAL_SOURCE_IMPORTED
fndds_grapes_raw,usda_fooddata_central_fndds,2709237,USDA FoodData Central FNDDS 2021-2023 survey food; WWEIA category 6006 (Grapes).,OFFICIAL_SOURCE_IMPORTED
fndds_peach_raw,usda_fooddata_central_fndds,2709249,USDA FoodData Central FNDDS 2021-2023 survey food; WWEIA category 6008 (Peaches and nectarines).,OFFICIAL_SOURCE_IMPORTED
fndds_nectarine_raw,usda_fooddata_central_fndds,2709245,USDA FoodData Central FNDDS 2021-2023 survey food; WWEIA category 6008 (Peaches and nectarines).,OFFICIAL_SOURCE_IMPORTED
fndds_peach_frozen,usda_fooddata_central_fndds,2709253,USDA FoodData Central FNDDS 2021-2023 survey food; WWEIA category 6008 (Peaches and nectarines).,OFFICIAL_SOURCE_IMPORTED
fndds_peach_canned_in_syrup,usda_fooddata_central_fndds,2709251,USDA FoodData Central FNDDS 2021-2023 survey food; WWEIA category 6008 (Peaches and nectarines).,OFFICIAL_SOURCE_IMPORTED
fndds_strawberries_canned,usda_fooddata_central_fndds,2709284,USDA FoodData Central FNDDS 2021-2023 survey food; WWEIA category 6009 (Strawberries).,OFFICIAL_SOURCE_IMPORTED
fndds_strawberries_frozen,usda_fooddata_central_fndds,2709285,USDA FoodData Central FNDDS 2021-2023 survey food; WWEIA category 6009 (Strawberries).,OFFICIAL_SOURCE_IMPORTED
fndds_cranberry_sauce,usda_fooddata_central_fndds,2709280,USDA FoodData Central FNDDS 2021-2023 survey food; WWEIA category 6011 (Blueberries and other berries).,OFFICIAL_SOURCE_IMPORTED
fndds_blueberries_raw,usda_fooddata_central_fndds,2709275,USDA FoodData Central FNDDS 2021-2023 survey food; WWEIA category 6011 (Blueberries and other berries).,OFFICIAL_SOURCE_IMPORTED
fndds_cranberries_raw,usda_fooddata_central_fndds,2709279,USDA FoodData Central FNDDS 2021-2023 survey food; WWEIA category 6011 (Blueberries and other berries).,OFFICIAL_SOURCE_IMPORTED
fndds_raspberries_raw,usda_fooddata_central_fndds,2709281,USDA FoodData Central FNDDS 2021-2023 survey food; WWEIA category 6011 (Blueberries and other berries).,OFFICIAL_SOURCE_IMPORTED
fndds_blackberries_raw,usda_fooddata_central_fndds,2709273,USDA FoodData Central FNDDS 2021-2023 survey food; WWEIA category 6011 (Blueberries and other berries).,OFFICIAL_SOURCE_IMPORTED
fndds_lime_raw,usda_fooddata_central_fndds,2709170,USDA FoodData Central FNDDS 2021-2023 survey food; WWEIA category 6012 (Citrus fruits).,OFFICIAL_SOURCE_IMPORTED
fndds_lemon_raw,usda_fooddata_central_fndds,2709168,USDA FoodData Central FNDDS 2021-2023 survey food; WWEIA category 6012 (Citrus fruits).,OFFICIAL_SOURCE_IMPORTED
fndds_orange_raw,usda_fooddata_central_fndds,2709171,USDA FoodData Central FNDDS 2021-2023 survey food; WWEIA category 6012 (Citrus fruits).,OFFICIAL_SOURCE_IMPORTED
fndds_kumquat_raw,usda_fooddata_central_fndds,2709167,USDA FoodData Central FNDDS 2021-2023 survey food; WWEIA category 6012 (Citrus fruits).,OFFICIAL_SOURCE_IMPORTED
fndds_tangerine_raw,usda_fooddata_central_fndds,2709175,USDA FoodData Central FNDDS 2021-2023 survey food; WWEIA category 6012 (Citrus fruits).,OFFICIAL_SOURCE_IMPORTED
fndds_watermelon_raw,usda_fooddata_central_fndds,2709270,USDA FoodData Central FNDDS 2021-2023 survey food; WWEIA category 6014 (Melons).,OFFICIAL_SOURCE_IMPORTED
fndds_melon_frozen,usda_fooddata_central_fndds,2709227,USDA FoodData Central FNDDS 2021-2023 survey food; WWEIA category 6014 (Melons).,OFFICIAL_SOURCE_IMPORTED
fndds_honeydew_melon_raw,usda_fooddata_central_fndds,2709241,USDA FoodData Central FNDDS 2021-2023 survey food; WWEIA category 6014 (Melons).,OFFICIAL_SOURCE_IMPORTED
fndds_date,usda_fooddata_central_fndds,2709203,USDA FoodData Central FNDDS 2021-2023 survey food; WWEIA category 6016 (Dried fruits).,OFFICIAL_SOURCE_IMPORTED
fndds_raisins,usda_fooddata_central_fndds,2709212,USDA FoodData Central FNDDS 2021-2023 survey food; WWEIA category 6016 (Dried fruits).,OFFICIAL_SOURCE_IMPORTED
fndds_banana_chips,usda_fooddata_central_fndds,2709200,USDA FoodData Central FNDDS 2021-2023 survey food; WWEIA category 6016 (Dried fruits).,OFFICIAL_SOURCE_IMPORTED
fndds_fig_dried,usda_fooddata_central_fndds,2709204,USDA FoodData Central FNDDS 2021-2023 survey food; WWEIA category 6016 (Dried fruits).,OFFICIAL_SOURCE_IMPORTED
fndds_pear_dried,usda_fooddata_central_fndds,2709208,USDA FoodData Central FNDDS 2021-2023 survey food; WWEIA category 6016 (Dried fruits).,OFFICIAL_SOURCE_IMPORTED
fndds_apple_dried,usda_fooddata_central_fndds,2709196,USDA FoodData Central FNDDS 2021-2023 survey food; WWEIA category 6016 (Dried fruits).,OFFICIAL_SOURCE_IMPORTED
fndds_mango_dried,usda_fooddata_central_fndds,2709205,USDA FoodData Central FNDDS 2021-2023 survey food; WWEIA category 6016 (Dried fruits).,OFFICIAL_SOURCE_IMPORTED
fndds_lychee,usda_fooddata_central_fndds,2709240,USDA FoodData Central FNDDS 2021-2023 survey food; WWEIA category 6018 (Other fruits and fruit salads).,OFFICIAL_SOURCE_IMPORTED
fndds_rhubarb,usda_fooddata_central_fndds,2709268,USDA FoodData Central FNDDS 2021-2023 survey food; WWEIA category 6018 (Other fruits and fruit salads).,OFFICIAL_SOURCE_IMPORTED
fndds_fig_raw,usda_fooddata_central_fndds,2709235,USDA FoodData Central FNDDS 2021-2023 survey food; WWEIA category 6018 (Other fruits and fruit salads).,OFFICIAL_SOURCE_IMPORTED
fndds_tamarind,usda_fooddata_central_fndds,2709269,USDA FoodData Central FNDDS 2021-2023 survey food; WWEIA category 6018 (Other fruits and fruit salads).,OFFICIAL_SOURCE_IMPORTED
fndds_ambrosia,usda_fooddata_central_fndds,2709286,USDA FoodData Central FNDDS 2021-2023 survey food; WWEIA category 6018 (Other fruits and fruit salads).,OFFICIAL_SOURCE_IMPORTED
fndds_plum_raw,usda_fooddata_central_fndds,2709265,USDA FoodData Central FNDDS 2021-2023 survey food; WWEIA category 6018 (Other fruits and fruit salads).,OFFICIAL_SOURCE_IMPORTED
fndds_guava_raw,usda_fooddata_central_fndds,2709238,USDA FoodData Central FNDDS 2021-2023 survey food; WWEIA category 6018 (Other fruits and fruit salads).,OFFICIAL_SOURCE_IMPORTED
fndds_apricot_raw,usda_fooddata_central_fndds,2709221,USDA FoodData Central FNDDS 2021-2023 survey food; WWEIA category 6018 (Other fruits and fruit salads).,OFFICIAL_SOURCE_IMPORTED
fndds_dragon_fruit,usda_fooddata_central_fndds,2709234,USDA FoodData Central FNDDS 2021-2023 survey food; WWEIA category 6018 (Other fruits and fruit salads).,OFFICIAL_SOURCE_IMPORTED
fndds_cherries_raw,usda_fooddata_central_fndds,2709231,USDA FoodData Central FNDDS 2021-2023 survey food; WWEIA category 6018 (Other fruits and fruit salads).,OFFICIAL_SOURCE_IMPORTED
fndds_starfruit_raw,usda_fooddata_central_fndds,2709228,USDA FoodData Central FNDDS 2021-2023 survey food; WWEIA category 6018 (Other fruits and fruit salads).,OFFICIAL_SOURCE_IMPORTED
fndds_pear_raw,usda_fooddata_central_fndds,2709254,USDA FoodData Central FNDDS 2021-2023 survey food; WWEIA category 6020 (Pears).,OFFICIAL_SOURCE_IMPORTED
fndds_pear_asian_raw,usda_fooddata_central_fndds,2709255,USDA FoodData Central FNDDS 2021-2023 survey food; WWEIA category 6020 (Pears).,OFFICIAL_SOURCE_IMPORTED
fndds_pear_canned_in_syrup,usda_fooddata_central_fndds,2709257,USDA FoodData Central FNDDS 2021-2023 survey food; WWEIA category 6020 (Pears).,OFFICIAL_SOURCE_IMPORTED
fndds_pear_canned_juice_pack,usda_fooddata_central_fndds,2709258,USDA FoodData Central FNDDS 2021-2023 survey food; WWEIA category 6020 (Pears).,OFFICIAL_SOURCE_IMPORTED
fndds_pineapple_raw,usda_fooddata_central_fndds,2709260,USDA FoodData Central FNDDS 2021-2023 survey food; WWEIA category 6022 (Pineapple).,OFFICIAL_SOURCE_IMPORTED
fndds_pineapple_frozen,usda_fooddata_central_fndds,2709264,USDA FoodData Central FNDDS 2021-2023 survey food; WWEIA category 6022 (Pineapple).,OFFICIAL_SOURCE_IMPORTED
fndds_pineapple_canned_in_syrup,usda_fooddata_central_fndds,2709262,USDA FoodData Central FNDDS 2021-2023 survey food; WWEIA category 6022 (Pineapple).,OFFICIAL_SOURCE_IMPORTED
fndds_pineapple_canned_juice_pack,usda_fooddata_central_fndds,2709263,USDA FoodData Central FNDDS 2021-2023 survey food; WWEIA category 6022 (Pineapple).,OFFICIAL_SOURCE_IMPORTED
fndds_mango_raw,usda_fooddata_central_fndds,2709242,USDA FoodData Central FNDDS 2021-2023 survey food; WWEIA category 6024 (Mango and papaya).,OFFICIAL_SOURCE_IMPORTED
fndds_papaya_raw,usda_fooddata_central_fndds,2709246,USDA FoodData Central FNDDS 2021-2023 survey food; WWEIA category 6024 (Mango and papaya).,OFFICIAL_SOURCE_IMPORTED
fndds_mango_canned,usda_fooddata_central_fndds,2709243,USDA FoodData Central FNDDS 2021-2023 survey food; WWEIA category 6024 (Mango and papaya).,OFFICIAL_SOURCE_IMPORTED
fndds_mango_frozen,usda_fooddata_central_fndds,2709244,USDA FoodData Central FNDDS 2021-2023 survey food; WWEIA category 6024 (Mango and papaya).,OFFICIAL_SOURCE_IMPORTED
fndds_tomatoes_raw,usda_fooddata_central_fndds,2709719,USDA FoodData Central FNDDS 2021-2023 survey food; WWEIA category 6402 (Tomatoes).,OFFICIAL_SOURCE_IMPORTED
fndds_sun_dried_tomatoes,usda_fooddata_central_fndds,2709727,USDA FoodData Central FNDDS 2021-2023 survey food; WWEIA category 6402 (Tomatoes).,OFFICIAL_SOURCE_IMPORTED
fndds_tomatoes_fresh_cooked,usda_fooddata_central_fndds,2709721,USDA FoodData Central FNDDS 2021-2023 survey food; WWEIA category 6402 (Tomatoes).,OFFICIAL_SOURCE_IMPORTED
fndds_tomatoes_canned_cooked,usda_fooddata_central_fndds,2709722,USDA FoodData Central FNDDS 2021-2023 survey food; WWEIA category 6402 (Tomatoes).,OFFICIAL_SOURCE_IMPORTED
fndds_carrots_glazed_cooked,usda_fooddata_central_fndds,2709677,USDA FoodData Central FNDDS 2021-2023 survey food; WWEIA category 6404 (Carrots).,OFFICIAL_SOURCE_IMPORTED
fndds_carrots_fresh_cooked_with_oil,usda_fooddata_central_fndds,2709667,USDA FoodData Central FNDDS 2021-2023 survey food; WWEIA category 6404 (Carrots).,OFFICIAL_SOURCE_IMPORTED
fndds_carrots_frozen_cooked_with_oil,usda_fooddata_central_fndds,2709673,USDA FoodData Central FNDDS 2021-2023 survey food; WWEIA category 6404 (Carrots).,OFFICIAL_SOURCE_IMPORTED
fndds_carrots_canned_cooked_with_oil,usda_fooddata_central_fndds,2709675,USDA FoodData Central FNDDS 2021-2023 survey food; WWEIA category 6404 (Carrots).,OFFICIAL_SOURCE_IMPORTED
fndds_carrots_fresh_cooked_no_added_fat,usda_fooddata_central_fndds,2709664,USDA FoodData Central FNDDS 2021-2023 survey food; WWEIA category 6404 (Carrots).,OFFICIAL_SOURCE_IMPORTED
fndds_carrots_frozen_cooked_no_added_fat,usda_fooddata_central_fndds,2709665,USDA FoodData Central FNDDS 2021-2023 survey food; WWEIA category 6404 (Carrots).,OFFICIAL_SOURCE_IMPORTED
fndds_pumpkin_cooked,usda_fooddata_central_fndds,2709692,USDA FoodData Central FNDDS 2021-2023 survey food; WWEIA category 6406 (Other red and orange vegetables).,OFFICIAL_SOURCE_IMPORTED
fndds_winter_squash_raw,usda_fooddata_central_fndds,2709693,USDA FoodData Central FNDDS 2021-2023 survey food; WWEIA category 6406 (Other red and orange vegetables).,OFFICIAL_SOURCE_IMPORTED
fndds_peppers_red_cooked,usda_fooddata_central_fndds,2709977,USDA FoodData Central FNDDS 2021-2023 survey food; WWEIA category 6406 (Other red and orange vegetables).,OFFICIAL_SOURCE_IMPORTED
fndds_spaghetti_squash_cooked,usda_fooddata_central_fndds,2710001,USDA FoodData Central FNDDS 2021-2023 survey food; WWEIA category 6406 (Other red and orange vegetables).,OFFICIAL_SOURCE_IMPORTED
fndds_sweet_potato_candied,usda_fooddata_central_fndds,2709704,USDA FoodData Central FNDDS 2021-2023 survey food; WWEIA category 6406 (Other red and orange vegetables).,OFFICIAL_SOURCE_IMPORTED
fndds_pumpkin_canned_cooked,usda_fooddata_central_fndds,2709691,USDA FoodData Central FNDDS 2021-2023 survey food; WWEIA category 6406 (Other red and orange vegetables).,OFFICIAL_SOURCE_IMPORTED
fndds_peppers_sweet_red_raw,usda_fooddata_central_fndds,2709801,USDA FoodData Central FNDDS 2021-2023 survey food; WWEIA category 6406 (Other red and orange vegetables).,OFFICIAL_SOURCE_IMPORTED
fndds_broccoli_raab_raw,usda_fooddata_central_fndds,2709572,USDA FoodData Central FNDDS 2021-2023 survey food; WWEIA category 6407 (Broccoli).,OFFICIAL_SOURCE_IMPORTED
fndds_broccoli_raab_cooked,usda_fooddata_central_fndds,2709573,USDA FoodData Central FNDDS 2021-2023 survey food; WWEIA category 6407 (Broccoli).,OFFICIAL_SOURCE_IMPORTED
fndds_broccoli_chinese_raw,usda_fooddata_central_fndds,2709657,USDA FoodData Central FNDDS 2021-2023 survey food; WWEIA category 6407 (Broccoli).,OFFICIAL_SOURCE_IMPORTED
fndds_broccoli_chinese_cooked,usda_fooddata_central_fndds,2709658,USDA FoodData Central FNDDS 2021-2023 survey food; WWEIA category 6407 (Broccoli).,OFFICIAL_SOURCE_IMPORTED
fndds_broccoli_fresh_cooked_with_oil,usda_fooddata_central_fndds,2709650,USDA FoodData Central FNDDS 2021-2023 survey food; WWEIA category 6407 (Broccoli).,OFFICIAL_SOURCE_IMPORTED
fndds_spinach_raw,usda_fooddata_central_fndds,2709614,USDA FoodData Central FNDDS 2021-2023 survey food; WWEIA category 6409 (Spinach).,OFFICIAL_SOURCE_IMPORTED
fndds_spinach_creamed,usda_fooddata_central_fndds,2709628,USDA FoodData Central FNDDS 2021-2023 survey food; WWEIA category 6409 (Spinach).,OFFICIAL_SOURCE_IMPORTED
fndds_spinach_fresh_cooked_with_oil,usda_fooddata_central_fndds,2709618,USDA FoodData Central FNDDS 2021-2023 survey food; WWEIA category 6409 (Spinach).,OFFICIAL_SOURCE_IMPORTED
fndds_spinach_frozen_cooked_with_oil,usda_fooddata_central_fndds,2709624,USDA FoodData Central FNDDS 2021-2023 survey food; WWEIA category 6409 (Spinach).,OFFICIAL_SOURCE_IMPORTED
fndds_spinach_canned_cooked_with_oil,usda_fooddata_central_fndds,2709626,USDA FoodData Central FNDDS 2021-2023 survey food; WWEIA category 6409 (Spinach).,OFFICIAL_SOURCE_IMPORTED
fndds_lettuce_raw,usda_fooddata_central_fndds,2709789,USDA FoodData Central FNDDS 2021-2023 survey food; WWEIA category 6410 (Lettuce and lettuce salads).,OFFICIAL_SOURCE_IMPORTED
fndds_radicchio_raw,usda_fooddata_central_fndds,2709613,USDA FoodData Central FNDDS 2021-2023 survey food; WWEIA category 6410 (Lettuce and lettuce salads).,OFFICIAL_SOURCE_IMPORTED
fndds_lettuce_cooked,usda_fooddata_central_fndds,2709949,USDA FoodData Central FNDDS 2021-2023 survey food; WWEIA category 6410 (Lettuce and lettuce salads).,OFFICIAL_SOURCE_IMPORTED
fndds_mixed_salad_greens_raw,usda_fooddata_central_fndds,2709792,USDA FoodData Central FNDDS 2021-2023 survey food; WWEIA category 6410 (Lettuce and lettuce salads).,OFFICIAL_SOURCE_IMPORTED
fndds_lettuce_boston_raw,usda_fooddata_central_fndds,2709790,USDA FoodData Central FNDDS 2021-2023 survey food; WWEIA category 6410 (Lettuce and lettuce salads).,OFFICIAL_SOURCE_IMPORTED
fndds_lettuce_arugula_raw,usda_fooddata_central_fndds,2709791,USDA FoodData Central FNDDS 2021-2023 survey food; WWEIA category 6410 (Lettuce and lettuce salads).,OFFICIAL_SOURCE_IMPORTED
fndds_chard_raw,usda_fooddata_central_fndds,2709574,USDA FoodData Central FNDDS 2021-2023 survey food; WWEIA category 6411 (Other dark green vegetables).,OFFICIAL_SOURCE_IMPORTED
fndds_cress_raw,usda_fooddata_central_fndds,2709586,USDA FoodData Central FNDDS 2021-2023 survey food; WWEIA category 6411 (Other dark green vegetables).,OFFICIAL_SOURCE_IMPORTED
fndds_chard_cooked,usda_fooddata_central_fndds,2709575,USDA FoodData Central FNDDS 2021-2023 survey food; WWEIA category 6411 (Other dark green vegetables).,OFFICIAL_SOURCE_IMPORTED
fndds_collards_raw,usda_fooddata_central_fndds,2709576,USDA FoodData Central FNDDS 2021-2023 survey food; WWEIA category 6411 (Other dark green vegetables).,OFFICIAL_SOURCE_IMPORTED
fndds_cress_cooked,usda_fooddata_central_fndds,2709587,USDA FoodData Central FNDDS 2021-2023 survey food; WWEIA category 6411 (Other dark green vegetables).,OFFICIAL_SOURCE_IMPORTED
fndds_watercress_raw,usda_fooddata_central_fndds,2709639,USDA FoodData Central FNDDS 2021-2023 survey food; WWEIA category 6411 (Other dark green vegetables).,OFFICIAL_SOURCE_IMPORTED
fndds_beet_greens_raw,usda_fooddata_central_fndds,2709570,USDA FoodData Central FNDDS 2021-2023 survey food; WWEIA category 6411 (Other dark green vegetables).,OFFICIAL_SOURCE_IMPORTED
fndds_escarole_cooked,usda_fooddata_central_fndds,2709592,USDA FoodData Central FNDDS 2021-2023 survey food; WWEIA category 6411 (Other dark green vegetables).,OFFICIAL_SOURCE_IMPORTED
fndds_watercress_cooked,usda_fooddata_central_fndds,2709640,USDA FoodData Central FNDDS 2021-2023 survey food; WWEIA category 6411 (Other dark green vegetables).,OFFICIAL_SOURCE_IMPORTED
fndds_beet_greens_cooked,usda_fooddata_central_fndds,2709571,USDA FoodData Central FNDDS 2021-2023 survey food; WWEIA category 6411 (Other dark green vegetables).,OFFICIAL_SOURCE_IMPORTED
fndds_mustard_greens_raw,usda_fooddata_central_fndds,2709606,USDA FoodData Central FNDDS 2021-2023 survey food; WWEIA category 6411 (Other dark green vegetables).,OFFICIAL_SOURCE_IMPORTED
fndds_green_beans_raw,usda_fooddata_central_fndds,2709769,USDA FoodData Central FNDDS 2021-2023 survey food; WWEIA category 6412 (String beans).,OFFICIAL_SOURCE_IMPORTED
fndds_yellow_string_beans_cooked,usda_fooddata_central_fndds,2709870,USDA FoodData Central FNDDS 2021-2023 survey food; WWEIA category 6412 (String beans).,OFFICIAL_SOURCE_IMPORTED
fndds_green_beans_fresh_cooked_with_oil,usda_fooddata_central_fndds,2709859,USDA FoodData Central FNDDS 2021-2023 survey food; WWEIA category 6412 (String beans).,OFFICIAL_SOURCE_IMPORTED
fndds_green_beans_frozen_cooked_with_oil,usda_fooddata_central_fndds,2709861,USDA FoodData Central FNDDS 2021-2023 survey food; WWEIA category 6412 (String beans).,OFFICIAL_SOURCE_IMPORTED
fndds_green_beans_canned_cooked_with_oil,usda_fooddata_central_fndds,2709863,USDA FoodData Central FNDDS 2021-2023 survey food; WWEIA category 6412 (String beans).,OFFICIAL_SOURCE_IMPORTED
fndds_green_beans_fresh_cooked_no_added_fat,usda_fooddata_central_fndds,2709852,USDA FoodData Central FNDDS 2021-2023 survey food; WWEIA category 6412 (String beans).,OFFICIAL_SOURCE_IMPORTED
fndds_cabbage_red_raw,usda_fooddata_central_fndds,2709775,USDA FoodData Central FNDDS 2021-2023 survey food; WWEIA category 6413 (Cabbage).,OFFICIAL_SOURCE_IMPORTED
fndds_cabbage_green_raw,usda_fooddata_central_fndds,2709773,USDA FoodData Central FNDDS 2021-2023 survey food; WWEIA category 6413 (Cabbage).,OFFICIAL_SOURCE_IMPORTED
fndds_cabbage_red_cooked,usda_fooddata_central_fndds,2709893,USDA FoodData Central FNDDS 2021-2023 survey food; WWEIA category 6413 (Cabbage).,OFFICIAL_SOURCE_IMPORTED
fndds_cabbage_chinese_raw,usda_fooddata_central_fndds,2709774,USDA FoodData Central FNDDS 2021-2023 survey food; WWEIA category 6413 (Cabbage).,OFFICIAL_SOURCE_IMPORTED
fndds_cabbage_savoy_cooked,usda_fooddata_central_fndds,2709894,USDA FoodData Central FNDDS 2021-2023 survey food; WWEIA category 6413 (Cabbage).,OFFICIAL_SOURCE_IMPORTED
fndds_leeks,usda_fooddata_central_fndds,2709935,USDA FoodData Central FNDDS 2021-2023 survey food; WWEIA category 6414 (Onions).,OFFICIAL_SOURCE_IMPORTED
fndds_onions_raw,usda_fooddata_central_fndds,2709795,USDA FoodData Central FNDDS 2021-2023 survey food; WWEIA category 6414 (Onions).,OFFICIAL_SOURCE_IMPORTED
fndds_onions_green_raw,usda_fooddata_central_fndds,2709794,USDA FoodData Central FNDDS 2021-2023 survey food; WWEIA category 6414 (Onions).,OFFICIAL_SOURCE_IMPORTED
fndds_onions_pearl_cooked,usda_fooddata_central_fndds,2709952,USDA FoodData Central FNDDS 2021-2023 survey food; WWEIA category 6414 (Onions).,OFFICIAL_SOURCE_IMPORTED
fndds_corn_raw,usda_fooddata_central_fndds,2709783,USDA FoodData Central FNDDS 2021-2023 survey food; WWEIA category 6416 (Corn).,OFFICIAL_SOURCE_IMPORTED
fndds_corn_creamed,usda_fooddata_central_fndds,2709923,USDA FoodData Central FNDDS 2021-2023 survey food; WWEIA category 6416 (Corn).,OFFICIAL_SOURCE_IMPORTED
fndds_corn_fresh_cooked_with_oil,usda_fooddata_central_fndds,2709917,USDA FoodData Central FNDDS 2021-2023 survey food; WWEIA category 6416 (Corn).,OFFICIAL_SOURCE_IMPORTED
fndds_corn_frozen_cooked_with_oil,usda_fooddata_central_fndds,2709919,USDA FoodData Central FNDDS 2021-2023 survey food; WWEIA category 6416 (Corn).,OFFICIAL_SOURCE_IMPORTED
fndds_corn_canned_cooked_with_oil,usda_fooddata_central_fndds,2709921,USDA FoodData Central FNDDS 2021-2023 survey food; WWEIA category 6416 (Corn).,OFFICIAL_SOURCE_IMPORTED
fndds_corn_fresh_cooked_no_added_fat,usda_fooddata_central_fndds,2709910,USDA FoodData Central FNDDS 2021-2023 survey food; WWEIA category 6416 (Corn).,OFFICIAL_SOURCE_IMPORTED
fndds_fufu,usda_fooddata_central_fndds,2709568,USDA FoodData Central FNDDS 2021-2023 survey food; WWEIA category 6418 (Other starchy vegetables).,OFFICIAL_SOURCE_IMPORTED
fndds_taro_cooked,usda_fooddata_central_fndds,2709567,USDA FoodData Central FNDDS 2021-2023 survey food; WWEIA category 6418 (Other starchy vegetables).,OFFICIAL_SOURCE_IMPORTED
fndds_plantain_raw,usda_fooddata_central_fndds,2709560,USDA FoodData Central FNDDS 2021-2023 survey food; WWEIA category 6418 (Other starchy vegetables).,OFFICIAL_SOURCE_IMPORTED
fndds_water_chesnut,usda_fooddata_central_fndds,2710003,USDA FoodData Central FNDDS 2021-2023 survey food; WWEIA category 6418 (Other starchy vegetables).,OFFICIAL_SOURCE_IMPORTED
fndds_cassava_cooked,usda_fooddata_central_fndds,2709564,USDA FoodData Central FNDDS 2021-2023 survey food; WWEIA category 6418 (Other starchy vegetables).,OFFICIAL_SOURCE_IMPORTED
fndds_green_peas_raw,usda_fooddata_central_fndds,2709797,USDA FoodData Central FNDDS 2021-2023 survey food; WWEIA category 6418 (Other starchy vegetables).,OFFICIAL_SOURCE_IMPORTED
fndds_breadfruit_cooked,usda_fooddata_central_fndds,2709879,USDA FoodData Central FNDDS 2021-2023 survey food; WWEIA category 6418 (Other starchy vegetables).,OFFICIAL_SOURCE_IMPORTED
fndds_plantain_cooked_with_oil,usda_fooddata_central_fndds,2709559,USDA FoodData Central FNDDS 2021-2023 survey food; WWEIA category 6418 (Other starchy vegetables).,OFFICIAL_SOURCE_IMPORTED
fndds_lima_beans_from_canned,usda_fooddata_central_fndds,2709850,USDA FoodData Central FNDDS 2021-2023 survey food; WWEIA category 6418 (Other starchy vegetables).,OFFICIAL_SOURCE_IMPORTED
fndds_blackeyed_peas_from_canned,usda_fooddata_central_fndds,2709957,USDA FoodData Central FNDDS 2021-2023 survey food; WWEIA category 6418 (Other starchy vegetables).,OFFICIAL_SOURCE_IMPORTED
fndds_radish,usda_fooddata_central_fndds,2709803,USDA FoodData Central FNDDS 2021-2023 survey food; WWEIA category 6420 (Other vegetables and combinations).,OFFICIAL_SOURCE_IMPORTED
fndds_artichoke,usda_fooddata_central_fndds,2709766,USDA FoodData Central FNDDS 2021-2023 survey food; WWEIA category 6420 (Other vegetables and combinations).,OFFICIAL_SOURCE_IMPORTED
fndds_beets_raw,usda_fooddata_central_fndds,2709770,USDA FoodData Central FNDDS 2021-2023 survey food; WWEIA category 6420 (Other vegetables and combinations).,OFFICIAL_SOURCE_IMPORTED
fndds_cactus_raw,usda_fooddata_central_fndds,2709776,USDA FoodData Central FNDDS 2021-2023 survey food; WWEIA category 6420 (Other vegetables and combinations).,OFFICIAL_SOURCE_IMPORTED
fndds_celery_raw,usda_fooddata_central_fndds,2709778,USDA FoodData Central FNDDS 2021-2023 survey food; WWEIA category 6420 (Other vegetables and combinations).,OFFICIAL_SOURCE_IMPORTED
fndds_jicama_raw,usda_fooddata_central_fndds,2709787,USDA FoodData Central FNDDS 2021-2023 survey food; WWEIA category 6420 (Other vegetables and combinations).,OFFICIAL_SOURCE_IMPORTED
fndds_turnip_raw,usda_fooddata_central_fndds,2709809,USDA FoodData Central FNDDS 2021-2023 survey food; WWEIA category 6420 (Other vegetables and combinations).,OFFICIAL_SOURCE_IMPORTED
fndds_avocado_raw,usda_fooddata_central_fndds,2709223,USDA FoodData Central FNDDS 2021-2023 survey food; WWEIA category 6420 (Other vegetables and combinations).,OFFICIAL_SOURCE_IMPORTED
fndds_seaweed_raw,usda_fooddata_central_fndds,2709805,USDA FoodData Central FNDDS 2021-2023 survey food; WWEIA category 6420 (Other vegetables and combinations).,OFFICIAL_SOURCE_IMPORTED
fndds_cucumber_raw,usda_fooddata_central_fndds,2709784,USDA FoodData Central FNDDS 2021-2023 survey food; WWEIA category 6420 (Other vegetables and combinations).,OFFICIAL_SOURCE_IMPORTED
fndds_eggplant_raw,usda_fooddata_central_fndds,2709785,USDA FoodData Central FNDDS 2021-2023 survey food; WWEIA category 6420 (Other vegetables and combinations).,OFFICIAL_SOURCE_IMPORTED
fndds_kohlrabi_raw,usda_fooddata_central_fndds,2709788,USDA FoodData Central FNDDS 2021-2023 survey food; WWEIA category 6420 (Other vegetables and combinations).,OFFICIAL_SOURCE_IMPORTED
fndds_rutabaga_raw,usda_fooddata_central_fndds,2709804,USDA FoodData Central FNDDS 2021-2023 survey food; WWEIA category 6420 (Other vegetables and combinations).,OFFICIAL_SOURCE_IMPORTED
fndds_snowpeas_raw,usda_fooddata_central_fndds,2709806,USDA FoodData Central FNDDS 2021-2023 survey food; WWEIA category 6420 (Other vegetables and combinations).,OFFICIAL_SOURCE_IMPORTED
fndds_asparagus_raw,usda_fooddata_central_fndds,2709767,USDA FoodData Central FNDDS 2021-2023 survey food; WWEIA category 6420 (Other vegetables and combinations).,OFFICIAL_SOURCE_IMPORTED
fndds_mushrooms_raw,usda_fooddata_central_fndds,2709793,USDA FoodData Central FNDDS 2021-2023 survey food; WWEIA category 6420 (Other vegetables and combinations).,OFFICIAL_SOURCE_IMPORTED
fndds_celery_cooked,usda_fooddata_central_fndds,2709906,USDA FoodData Central FNDDS 2021-2023 survey food; WWEIA category 6420 (Other vegetables and combinations).,OFFICIAL_SOURCE_IMPORTED
fndds_turnip_cooked,usda_fooddata_central_fndds,2710002,USDA FoodData Central FNDDS 2021-2023 survey food; WWEIA category 6420 (Other vegetables and combinations).,OFFICIAL_SOURCE_IMPORTED
fndds_burdock_cooked,usda_fooddata_central_fndds,2709886,USDA FoodData Central FNDDS 2021-2023 survey food; WWEIA category 6420 (Other vegetables and combinations).,OFFICIAL_SOURCE_IMPORTED
fndds_pakora,usda_fooddata_central_fndds,2710066,USDA FoodData Central FNDDS 2021-2023 survey food; WWEIA category 6430 (Fried vegetables).,OFFICIAL_SOURCE_IMPORTED
fndds_yuca_fries,usda_fooddata_central_fndds,2709565,USDA FoodData Central FNDDS 2021-2023 survey food; WWEIA category 6430 (Fried vegetables).,OFFICIAL_SOURCE_IMPORTED
fndds_fried_okra,usda_fooddata_central_fndds,2710054,USDA FoodData Central FNDDS 2021-2023 survey food; WWEIA category 6430 (Fried vegetables).,OFFICIAL_SOURCE_IMPORTED
fndds_fried_broccoli,usda_fooddata_central_fndds,2709656,USDA FoodData Central FNDDS 2021-2023 survey food; WWEIA category 6430 (Fried vegetables).,OFFICIAL_SOURCE_IMPORTED
fndds_fried_eggplant,usda_fooddata_central_fndds,2710048,USDA FoodData Central FNDDS 2021-2023 survey food; WWEIA category 6430 (Fried vegetables).,OFFICIAL_SOURCE_IMPORTED
fndds_fried_mushrooms,usda_fooddata_central_fndds,2710053,USDA FoodData Central FNDDS 2021-2023 survey food; WWEIA category 6430 (Fried vegetables).,OFFICIAL_SOURCE_IMPORTED
fndds_sweet_potato_tots,usda_fooddata_central_fndds,2709715,USDA FoodData Central FNDDS 2021-2023 survey food; WWEIA category 6430 (Fried vegetables).,OFFICIAL_SOURCE_IMPORTED
fndds_fried_green_beans,usda_fooddata_central_fndds,2709869,USDA FoodData Central FNDDS 2021-2023 survey food; WWEIA category 6430 (Fried vegetables).,OFFICIAL_SOURCE_IMPORTED
fndds_coleslaw,usda_fooddata_central_fndds,2709815,"USDA FoodData Central FNDDS 2021-2023 survey food; WWEIA category 6432 (Coleslaw, non-lettuce salads).",OFFICIAL_SOURCE_IMPORTED
fndds_pea_salad,usda_fooddata_central_fndds,2710056,"USDA FoodData Central FNDDS 2021-2023 survey food; WWEIA category 6432 (Coleslaw, non-lettuce salads).",OFFICIAL_SOURCE_IMPORTED
fndds_broccoli_slaw_salad,usda_fooddata_central_fndds,2709813,"USDA FoodData Central FNDDS 2021-2023 survey food; WWEIA category 6432 (Coleslaw, non-lettuce salads).",OFFICIAL_SOURCE_IMPORTED
fndds_pea_salad_with_cheese,usda_fooddata_central_fndds,2710057,"USDA FoodData Central FNDDS 2021-2023 survey food; WWEIA category 6432 (Coleslaw, non-lettuce salads).",OFFICIAL_SOURCE_IMPORTED
fndds_carrots_raw_salad,usda_fooddata_central_fndds,2709661,"USDA FoodData Central FNDDS 2021-2023 survey food; WWEIA category 6432 (Coleslaw, non-lettuce salads).",OFFICIAL_SOURCE_IMPORTED
fndds_coleslaw_with_fruit,usda_fooddata_central_fndds,2709817,"USDA FoodData Central FNDDS 2021-2023 survey food; WWEIA category 6432 (Coleslaw, non-lettuce salads).",OFFICIAL_SOURCE_IMPORTED
fndds_cucumber_and_vegetable_namasu,usda_fooddata_central_fndds,2709818,"USDA FoodData Central FNDDS 2021-2023 survey food; WWEIA category 6432 (Coleslaw, non-lettuce salads).",OFFICIAL_SOURCE_IMPORTED
fndds_onions_for_use_on_a_sandwich,usda_fooddata_central_fndds,2710252,USDA FoodData Central FNDDS 2021-2023 survey food; WWEIA category 6489 (Vegetables on a sandwich).,OFFICIAL_SOURCE_IMPORTED
fndds_pepper_for_use_on_a_sandwich,usda_fooddata_central_fndds,2710253,USDA FoodData Central FNDDS 2021-2023 survey food; WWEIA category 6489 (Vegetables on a sandwich).,OFFICIAL_SOURCE_IMPORTED
fndds_avocado_for_use_on_a_sandwich,usda_fooddata_central_fndds,2710248,USDA FoodData Central FNDDS 2021-2023 survey food; WWEIA category 6489 (Vegetables on a sandwich).,OFFICIAL_SOURCE_IMPORTED
fndds_lettuce_for_use_on_a_sandwich,usda_fooddata_central_fndds,2710250,USDA FoodData Central FNDDS 2021-2023 survey food; WWEIA category 6489 (Vegetables on a sandwich).,OFFICIAL_SOURCE_IMPORTED
fndds_spinach_for_use_on_a_sandwich,usda_fooddata_central_fndds,2710254,USDA FoodData Central FNDDS 2021-2023 survey food; WWEIA category 6489 (Vegetables on a sandwich).,OFFICIAL_SOURCE_IMPORTED
fndds_potato_baked_peel_eaten,usda_fooddata_central_fndds,2709524,"USDA FoodData Central FNDDS 2021-2023 survey food; WWEIA category 6802 (White potatoes, baked or boiled).",OFFICIAL_SOURCE_IMPORTED
fndds_potato_baked_peel_not_eaten,usda_fooddata_central_fndds,2709384,"USDA FoodData Central FNDDS 2021-2023 survey food; WWEIA category 6802 (White potatoes, baked or boiled).",OFFICIAL_SOURCE_IMPORTED
fndds_potato_boiled_ready_to_heat,usda_fooddata_central_fndds,2709386,"USDA FoodData Central FNDDS 2021-2023 survey food; WWEIA category 6802 (White potatoes, baked or boiled).",OFFICIAL_SOURCE_IMPORTED
fndds_potato_roasted_ready_to_heat,usda_fooddata_central_fndds,2709415,"USDA FoodData Central FNDDS 2021-2023 survey food; WWEIA category 6802 (White potatoes, baked or boiled).",OFFICIAL_SOURCE_IMPORTED
fndds_potato_canned_no_added_fat,usda_fooddata_central_fndds,2709401,"USDA FoodData Central FNDDS 2021-2023 survey food; WWEIA category 6802 (White potatoes, baked or boiled).",OFFICIAL_SOURCE_IMPORTED
fndds_potato_baked_peel_eaten_with_meat,usda_fooddata_central_fndds,2709528,"USDA FoodData Central FNDDS 2021-2023 survey food; WWEIA category 6802 (White potatoes, baked or boiled).",OFFICIAL_SOURCE_IMPORTED
fndds_potato_baked_peel_eaten_with_chili,usda_fooddata_central_fndds,2709529,"USDA FoodData Central FNDDS 2021-2023 survey food; WWEIA category 6802 (White potatoes, baked or boiled).",OFFICIAL_SOURCE_IMPORTED
fndds_potato_baked_peel_eaten_with_butter,usda_fooddata_central_fndds,2709525,"USDA FoodData Central FNDDS 2021-2023 survey food; WWEIA category 6802 (White potatoes, baked or boiled).",OFFICIAL_SOURCE_IMPORTED
fndds_potato_baked_peel_eaten_with_cheese,usda_fooddata_central_fndds,2709527,"USDA FoodData Central FNDDS 2021-2023 survey food; WWEIA category 6802 (White potatoes, baked or boiled).",OFFICIAL_SOURCE_IMPORTED
fndds_potato_baked_peel_not_eaten_with_meat,usda_fooddata_central_fndds,2709521,"USDA FoodData Central FNDDS 2021-2023 survey food; WWEIA category 6802 (White potatoes, baked or boiled).",OFFICIAL_SOURCE_IMPORTED
fndds_potato_patty,usda_fooddata_central_fndds,2709510,USDA FoodData Central FNDDS 2021-2023 survey food; WWEIA category 6804 (French fries and other fried white potatoes).,OFFICIAL_SOURCE_IMPORTED
fndds_potato_skins_without_topping,usda_fooddata_central_fndds,2709488,USDA FoodData Central FNDDS 2021-2023 survey food; WWEIA category 6804 (French fries and other fried white potatoes).,OFFICIAL_SOURCE_IMPORTED
fndds_potato_skins_with_cheese,usda_fooddata_central_fndds,2709489,USDA FoodData Central FNDDS 2021-2023 survey food; WWEIA category 6804 (French fries and other fried white potatoes).,OFFICIAL_SOURCE_IMPORTED
fndds_potato_tots_frozen_baked,usda_fooddata_central_fndds,2709515,USDA FoodData Central FNDDS 2021-2023 survey food; WWEIA category 6804 (French fries and other fried white potatoes).,OFFICIAL_SOURCE_IMPORTED
fndds_potato_tots_frozen_fried,usda_fooddata_central_fndds,2709516,USDA FoodData Central FNDDS 2021-2023 survey food; WWEIA category 6804 (French fries and other fried white potatoes).,OFFICIAL_SOURCE_IMPORTED
fndds_potato_tots_school,usda_fooddata_central_fndds,2709513,USDA FoodData Central FNDDS 2021-2023 survey food; WWEIA category 6804 (French fries and other fried white potatoes).,OFFICIAL_SOURCE_IMPORTED
fndds_potato_home_fries_from_fresh,usda_fooddata_central_fndds,2709474,USDA FoodData Central FNDDS 2021-2023 survey food; WWEIA category 6804 (French fries and other fried white potatoes).,OFFICIAL_SOURCE_IMPORTED
fndds_potato_hash_brown_from_fresh,usda_fooddata_central_fndds,2709483,USDA FoodData Central FNDDS 2021-2023 survey food; WWEIA category 6804 (French fries and other fried white potatoes).,OFFICIAL_SOURCE_IMPORTED
fndds_potato_tots_from_fresh_fried_or_baked,usda_fooddata_central_fndds,2709514,USDA FoodData Central FNDDS 2021-2023 survey food; WWEIA category 6804 (French fries and other fried white potatoes).,OFFICIAL_SOURCE_IMPORTED
fndds_potato_skins_with_cheese_and_bacon,usda_fooddata_central_fndds,2709490,USDA FoodData Central FNDDS 2021-2023 survey food; WWEIA category 6804 (French fries and other fried white potatoes).,OFFICIAL_SOURCE_IMPORTED
fndds_lefse,usda_fooddata_central_fndds,2709553,USDA FoodData Central FNDDS 2021-2023 survey food; WWEIA category 6806 (Mashed potatoes and white potato mixtures).,OFFICIAL_SOURCE_IMPORTED
fndds_potato_pancake,usda_fooddata_central_fndds,2709552,USDA FoodData Central FNDDS 2021-2023 survey food; WWEIA category 6806 (Mashed potatoes and white potato mixtures).,OFFICIAL_SOURCE_IMPORTED
fndds_stewed_potatoes,usda_fooddata_central_fndds,2709554,USDA FoodData Central FNDDS 2021-2023 survey food; WWEIA category 6806 (Mashed potatoes and white potato mixtures).,OFFICIAL_SOURCE_IMPORTED
fndds_stewed_potatoes_with_tomatoes,usda_fooddata_central_fndds,2709555,USDA FoodData Central FNDDS 2021-2023 survey food; WWEIA category 6806 (Mashed potatoes and white potato mixtures).,OFFICIAL_SOURCE_IMPORTED
fndds_potato_salad_german_style,usda_fooddata_central_fndds,2709541,USDA FoodData Central FNDDS 2021-2023 survey food; WWEIA category 6806 (Mashed potatoes and white potato mixtures).,OFFICIAL_SOURCE_IMPORTED
fndds_potato_scalloped_from_fresh,usda_fooddata_central_fndds,2709450,USDA FoodData Central FNDDS 2021-2023 survey food; WWEIA category 6806 (Mashed potatoes and white potato mixtures).,OFFICIAL_SOURCE_IMPORTED
fndds_potato_mashed_ready_to_heat,usda_fooddata_central_fndds,2709495,USDA FoodData Central FNDDS 2021-2023 survey food; WWEIA category 6806 (Mashed potatoes and white potato mixtures).,OFFICIAL_SOURCE_IMPORTED
fndds_potato_salad_made_with_mayonnaise,usda_fooddata_central_fndds,2709543,USDA FoodData Central FNDDS 2021-2023 survey food; WWEIA category 6806 (Mashed potatoes and white potato mixtures).,OFFICIAL_SOURCE_IMPORTED
fndds_potato_scalloped_from_dry_mix,usda_fooddata_central_fndds,2709452,USDA FoodData Central FNDDS 2021-2023 survey food; WWEIA category 6806 (Mashed potatoes and white potato mixtures).,OFFICIAL_SOURCE_IMPORTED
fndds_stewed_potatoes_puerto_rican_style,usda_fooddata_central_fndds,2709416,USDA FoodData Central FNDDS 2021-2023 survey food; WWEIA category 6806 (Mashed potatoes and white potato mixtures).,OFFICIAL_SOURCE_IMPORTED
fndds_potato_scalloped_ready_to_heat,usda_fooddata_central_fndds,2709454,USDA FoodData Central FNDDS 2021-2023 survey food; WWEIA category 6806 (Mashed potatoes and white potato mixtures).,OFFICIAL_SOURCE_IMPORTED
fndds_potato_salad_made_with_creamy_dressing,usda_fooddata_central_fndds,2709547,USDA FoodData Central FNDDS 2021-2023 survey food; WWEIA category 6806 (Mashed potatoes and white potato mixtures).,OFFICIAL_SOURCE_IMPORTED
fndds_tangerine_juice_100,usda_fooddata_central_fndds,2709193,USDA FoodData Central FNDDS 2021-2023 survey food; WWEIA category 7002 (Citrus juice).,OFFICIAL_SOURCE_IMPORTED
fndds_orange_juice_100_freshly_squeezed,usda_fooddata_central_fndds,2709187,USDA FoodData Central FNDDS 2021-2023 survey food; WWEIA category 7002 (Citrus juice).,OFFICIAL_SOURCE_IMPORTED
fndds_grapefruit_juice_100_freshly_squeezed,usda_fooddata_central_fndds,2709176,USDA FoodData Central FNDDS 2021-2023 survey food; WWEIA category 7002 (Citrus juice).,OFFICIAL_SOURCE_IMPORTED
fndds_grapefruit_juice_100_with_calcium_added,usda_fooddata_central_fndds,2709179,USDA FoodData Central FNDDS 2021-2023 survey food; WWEIA category 7002 (Citrus juice).,OFFICIAL_SOURCE_IMPORTED
fndds_orange_juice_100_frozen_reconstituted,usda_fooddata_central_fndds,2709190,USDA FoodData Central FNDDS 2021-2023 survey food; WWEIA category 7002 (Citrus juice).,OFFICIAL_SOURCE_IMPORTED
fndds_apple_cider,usda_fooddata_central_fndds,2709319,USDA FoodData Central FNDDS 2021-2023 survey food; WWEIA category 7004 (Apple juice).,OFFICIAL_SOURCE_IMPORTED
fndds_apple_juice_100,usda_fooddata_central_fndds,2709320,USDA FoodData Central FNDDS 2021-2023 survey food; WWEIA category 7004 (Apple juice).,OFFICIAL_SOURCE_IMPORTED
fndds_apple_juice_100_with_calcium_added,usda_fooddata_central_fndds,2709321,USDA FoodData Central FNDDS 2021-2023 survey food; WWEIA category 7004 (Apple juice).,OFFICIAL_SOURCE_IMPORTED
fndds_blueberry_juice,usda_fooddata_central_fndds,2709323,USDA FoodData Central FNDDS 2021-2023 survey food; WWEIA category 7006 (Other fruit juice).,OFFICIAL_SOURCE_IMPORTED
fndds_grape_juice_100,usda_fooddata_central_fndds,2709325,USDA FoodData Central FNDDS 2021-2023 survey food; WWEIA category 7006 (Other fruit juice).,OFFICIAL_SOURCE_IMPORTED
fndds_prune_juice_100,usda_fooddata_central_fndds,2709331,USDA FoodData Central FNDDS 2021-2023 survey food; WWEIA category 7006 (Other fruit juice).,OFFICIAL_SOURCE_IMPORTED
fndds_aloe_vera_juice_drink,usda_fooddata_central_fndds,2709833,USDA FoodData Central FNDDS 2021-2023 survey food; WWEIA category 7006 (Other fruit juice).,OFFICIAL_SOURCE_IMPORTED
fndds_strawberry_juice_100,usda_fooddata_central_fndds,2709332,USDA FoodData Central FNDDS 2021-2023 survey food; WWEIA category 7006 (Other fruit juice).,OFFICIAL_SOURCE_IMPORTED
fndds_papaya_juice_100,usda_fooddata_central_fndds,2709327,USDA FoodData Central FNDDS 2021-2023 survey food; WWEIA category 7006 (Other fruit juice).,OFFICIAL_SOURCE_IMPORTED
fndds_pineapple_juice_100,usda_fooddata_central_fndds,2709329,USDA FoodData Central FNDDS 2021-2023 survey food; WWEIA category 7006 (Other fruit juice).,OFFICIAL_SOURCE_IMPORTED
fndds_beet_juice,usda_fooddata_central_fndds,2709682,USDA FoodData Central FNDDS 2021-2023 survey food; WWEIA category 7008 (Vegetable juice).,OFFICIAL_SOURCE_IMPORTED
fndds_celery_juice,usda_fooddata_central_fndds,2709811,USDA FoodData Central FNDDS 2021-2023 survey food; WWEIA category 7008 (Vegetable juice).,OFFICIAL_SOURCE_IMPORTED
fndds_tomato_juice_cocktail,usda_fooddata_central_fndds,2709730,USDA FoodData Central FNDDS 2021-2023 survey food; WWEIA category 7008 (Vegetable juice).,OFFICIAL_SOURCE_IMPORTED
fndds_mixed_vegetable_juice,usda_fooddata_central_fndds,2709810,USDA FoodData Central FNDDS 2021-2023 survey food; WWEIA category 7008 (Vegetable juice).,OFFICIAL_SOURCE_IMPORTED
fndds_carrot_juice_100,usda_fooddata_central_fndds,2709683,USDA FoodData Central FNDDS 2021-2023 survey food; WWEIA category 7008 (Vegetable juice).,OFFICIAL_SOURCE_IMPORTED
fndds_soft_drink_cola_diet,usda_fooddata_central_fndds,2710542,USDA FoodData Central FNDDS 2021-2023 survey food; WWEIA category 7102 (Diet soft drinks).,OFFICIAL_SOURCE_IMPORTED
fndds_soft_drink_root_beer_diet,usda_fooddata_central_fndds,2710558,USDA FoodData Central FNDDS 2021-2023 survey food; WWEIA category 7102 (Diet soft drinks).,OFFICIAL_SOURCE_IMPORTED
fndds_soft_drink_cream_soda_diet,usda_fooddata_central_fndds,2710550,USDA FoodData Central FNDDS 2021-2023 survey food; WWEIA category 7102 (Diet soft drinks).,OFFICIAL_SOURCE_IMPORTED
fndds_soft_drink_ginger_ale_diet,usda_fooddata_central_fndds,2710556,USDA FoodData Central FNDDS 2021-2023 survey food; WWEIA category 7102 (Diet soft drinks).,OFFICIAL_SOURCE_IMPORTED
fndds_soft_drink_pepper_type_diet,usda_fooddata_central_fndds,2710546,USDA FoodData Central FNDDS 2021-2023 survey food; WWEIA category 7102 (Diet soft drinks).,OFFICIAL_SOURCE_IMPORTED
fndds_soft_drink_chocolate_flavored_diet,usda_fooddata_central_fndds,2710560,USDA FoodData Central FNDDS 2021-2023 survey food; WWEIA category 7102 (Diet soft drinks).,OFFICIAL_SOURCE_IMPORTED
fndds_energy_drink_sugar_free,usda_fooddata_central_fndds,2710768,USDA FoodData Central FNDDS 2021-2023 survey food; WWEIA category 7104 (Diet sport and energy drinks).,OFFICIAL_SOURCE_IMPORTED
fndds_sports_drink_low_calorie,usda_fooddata_central_fndds,2710774,USDA FoodData Central FNDDS 2021-2023 survey food; WWEIA category 7104 (Diet sport and energy drinks).,OFFICIAL_SOURCE_IMPORTED
fndds_energy_drink_sugar_free_nos,usda_fooddata_central_fndds,2710761,USDA FoodData Central FNDDS 2021-2023 survey food; WWEIA category 7104 (Diet sport and energy drinks).,OFFICIAL_SOURCE_IMPORTED
fndds_energy_drink_sugar_free_vault,usda_fooddata_central_fndds,2710765,USDA FoodData Central FNDDS 2021-2023 survey food; WWEIA category 7104 (Diet sport and energy drinks).,OFFICIAL_SOURCE_IMPORTED
fndds_energy_drink_sugar_free_monster,usda_fooddata_central_fndds,2710758,USDA FoodData Central FNDDS 2021-2023 survey food; WWEIA category 7104 (Diet sport and energy drinks).,OFFICIAL_SOURCE_IMPORTED
fndds_energy_drink_sugar_free_no_fear,usda_fooddata_central_fndds,2710760,USDA FoodData Central FNDDS 2021-2023 survey food; WWEIA category 7104 (Diet sport and energy drinks).,OFFICIAL_SOURCE_IMPORTED
fndds_fruit_flavored_drink_diet,usda_fooddata_central_fndds,2710597,USDA FoodData Central FNDDS 2021-2023 survey food; WWEIA category 7106 (Other diet drinks).,OFFICIAL_SOURCE_IMPORTED
fndds_slush_frozen_drink_no_sugar_added,usda_fooddata_central_fndds,2710577,USDA FoodData Central FNDDS 2021-2023 survey food; WWEIA category 7106 (Other diet drinks).,OFFICIAL_SOURCE_IMPORTED
fndds_fruit_flavored_drink_with_high_vitamin_c_diet,usda_fooddata_central_fndds,2710596,USDA FoodData Central FNDDS 2021-2023 survey food; WWEIA category 7106 (Other diet drinks).,OFFICIAL_SOURCE_IMPORTED
fndds_fruit_flavored_drink_powdered_reconstituted_diet,usda_fooddata_central_fndds,2710599,USDA FoodData Central FNDDS 2021-2023 survey food; WWEIA category 7106 (Other diet drinks).,OFFICIAL_SOURCE_IMPORTED
fndds_soft_drink_cola,usda_fooddata_central_fndds,2710541,USDA FoodData Central FNDDS 2021-2023 survey food; WWEIA category 7202 (Soft drinks).,OFFICIAL_SOURCE_IMPORTED
fndds_soft_drink_root_beer,usda_fooddata_central_fndds,2710557,USDA FoodData Central FNDDS 2021-2023 survey food; WWEIA category 7202 (Soft drinks).,OFFICIAL_SOURCE_IMPORTED
fndds_soft_drink_cream_soda,usda_fooddata_central_fndds,2710549,USDA FoodData Central FNDDS 2021-2023 survey food; WWEIA category 7202 (Soft drinks).,OFFICIAL_SOURCE_IMPORTED
fndds_soft_drink_ginger_ale,usda_fooddata_central_fndds,2710555,USDA FoodData Central FNDDS 2021-2023 survey food; WWEIA category 7202 (Soft drinks).,OFFICIAL_SOURCE_IMPORTED
fndds_soft_drink_pepper_type,usda_fooddata_central_fndds,2710545,USDA FoodData Central FNDDS 2021-2023 survey food; WWEIA category 7202 (Soft drinks).,OFFICIAL_SOURCE_IMPORTED
fndds_soft_drink_chocolate_flavored,usda_fooddata_central_fndds,2710559,USDA FoodData Central FNDDS 2021-2023 survey food; WWEIA category 7202 (Soft drinks).,OFFICIAL_SOURCE_IMPORTED
fndds_pear_nectar,usda_fooddata_central_fndds,2709349,USDA FoodData Central FNDDS 2021-2023 survey food; WWEIA category 7204 (Fruit drinks).,OFFICIAL_SOURCE_IMPORTED
fndds_guava_nectar,usda_fooddata_central_fndds,2709344,USDA FoodData Central FNDDS 2021-2023 survey food; WWEIA category 7204 (Fruit drinks).,OFFICIAL_SOURCE_IMPORTED
fndds_mango_nectar,usda_fooddata_central_fndds,2709345,USDA FoodData Central FNDDS 2021-2023 survey food; WWEIA category 7204 (Fruit drinks).,OFFICIAL_SOURCE_IMPORTED
fndds_peach_nectar,usda_fooddata_central_fndds,2709346,USDA FoodData Central FNDDS 2021-2023 survey food; WWEIA category 7204 (Fruit drinks).,OFFICIAL_SOURCE_IMPORTED
fndds_banana_nectar,usda_fooddata_central_fndds,2709342,USDA FoodData Central FNDDS 2021-2023 survey food; WWEIA category 7204 (Fruit drinks).,OFFICIAL_SOURCE_IMPORTED
fndds_papaya_nectar,usda_fooddata_central_fndds,2709347,USDA FoodData Central FNDDS 2021-2023 survey food; WWEIA category 7204 (Fruit drinks).,OFFICIAL_SOURCE_IMPORTED
fndds_apricot_nectar,usda_fooddata_central_fndds,2709341,USDA FoodData Central FNDDS 2021-2023 survey food; WWEIA category 7204 (Fruit drinks).,OFFICIAL_SOURCE_IMPORTED
fndds_tamarind_drink,usda_fooddata_central_fndds,2710568,USDA FoodData Central FNDDS 2021-2023 survey food; WWEIA category 7204 (Fruit drinks).,OFFICIAL_SOURCE_IMPORTED
fndds_shirley_temple,usda_fooddata_central_fndds,2710611,USDA FoodData Central FNDDS 2021-2023 survey food; WWEIA category 7204 (Fruit drinks).,OFFICIAL_SOURCE_IMPORTED
fndds_cantaloupe_nectar,usda_fooddata_central_fndds,2709343,USDA FoodData Central FNDDS 2021-2023 survey food; WWEIA category 7204 (Fruit drinks).,OFFICIAL_SOURCE_IMPORTED
fndds_fruit_juice_drink,usda_fooddata_central_fndds,2710567,USDA FoodData Central FNDDS 2021-2023 survey food; WWEIA category 7204 (Fruit drinks).,OFFICIAL_SOURCE_IMPORTED
fndds_slush_frozen_drink,usda_fooddata_central_fndds,2710576,USDA FoodData Central FNDDS 2021-2023 survey food; WWEIA category 7204 (Fruit drinks).,OFFICIAL_SOURCE_IMPORTED
fndds_energy_drink_xs,usda_fooddata_central_fndds,2710766,USDA FoodData Central FNDDS 2021-2023 survey food; WWEIA category 7206 (Sport and energy drinks).,OFFICIAL_SOURCE_IMPORTED
fndds_energy_drink_nos,usda_fooddata_central_fndds,2710751,USDA FoodData Central FNDDS 2021-2023 survey food; WWEIA category 7206 (Sport and energy drinks).,OFFICIAL_SOURCE_IMPORTED
fndds_energy_drink_vault,usda_fooddata_central_fndds,2710755,USDA FoodData Central FNDDS 2021-2023 survey food; WWEIA category 7206 (Sport and energy drinks).,OFFICIAL_SOURCE_IMPORTED
fndds_energy_drink_monster,usda_fooddata_central_fndds,2710747,USDA FoodData Central FNDDS 2021-2023 survey food; WWEIA category 7206 (Sport and energy drinks).,OFFICIAL_SOURCE_IMPORTED
fndds_energy_drink_no_fear,usda_fooddata_central_fndds,2710749,USDA FoodData Central FNDDS 2021-2023 survey food; WWEIA category 7206 (Sport and energy drinks).,OFFICIAL_SOURCE_IMPORTED
fndds_energy_drink_red_bull,usda_fooddata_central_fndds,2710752,USDA FoodData Central FNDDS 2021-2023 survey food; WWEIA category 7206 (Sport and energy drinks).,OFFICIAL_SOURCE_IMPORTED
fndds_energy_drink_rockstar,usda_fooddata_central_fndds,2710753,USDA FoodData Central FNDDS 2021-2023 survey food; WWEIA category 7206 (Sport and energy drinks).,OFFICIAL_SOURCE_IMPORTED
fndds_nutritional_drink_or_shake_liquid_soy_based,usda_fooddata_central_fndds,2710728,USDA FoodData Central FNDDS 2021-2023 survey food; WWEIA category 7208 (Nutritional beverages).,OFFICIAL_SOURCE_IMPORTED
fndds_nutritional_drink_or_shake_ready_to_drink_boost,usda_fooddata_central_fndds,2710714,USDA FoodData Central FNDDS 2021-2023 survey food; WWEIA category 7208 (Nutritional beverages).,OFFICIAL_SOURCE_IMPORTED
fndds_nutritional_drink_or_shake_ready_to_drink_ensure,usda_fooddata_central_fndds,2710717,USDA FoodData Central FNDDS 2021-2023 survey food; WWEIA category 7208 (Nutritional beverages).,OFFICIAL_SOURCE_IMPORTED
fndds_nutritional_drink_or_shake_ready_to_drink_slim_fast,usda_fooddata_central_fndds,2710722,USDA FoodData Central FNDDS 2021-2023 survey food; WWEIA category 7208 (Nutritional beverages).,OFFICIAL_SOURCE_IMPORTED
fndds_nutritional_drink_or_shake_ready_to_drink_boost_plus,usda_fooddata_central_fndds,2710715,USDA FoodData Central FNDDS 2021-2023 survey food; WWEIA category 7208 (Nutritional beverages).,OFFICIAL_SOURCE_IMPORTED
fndds_nutritional_drink_or_shake_ready_to_drink_ensure_plus,usda_fooddata_central_fndds,2710718,USDA FoodData Central FNDDS 2021-2023 survey food; WWEIA category 7208 (Nutritional beverages).,OFFICIAL_SOURCE_IMPORTED
fndds_atole,usda_fooddata_central_fndds,2710607,USDA FoodData Central FNDDS 2021-2023 survey food; WWEIA category 7220 (Smoothies and grain drinks).,OFFICIAL_SOURCE_IMPORTED
fndds_frescavena,usda_fooddata_central_fndds,2710604,USDA FoodData Central FNDDS 2021-2023 survey food; WWEIA category 7220 (Smoothies and grain drinks).,OFFICIAL_SOURCE_IMPORTED
fndds_corn_beverage,usda_fooddata_central_fndds,2710504,USDA FoodData Central FNDDS 2021-2023 survey food; WWEIA category 7220 (Smoothies and grain drinks).,OFFICIAL_SOURCE_IMPORTED
fndds_atole_de_avena,usda_fooddata_central_fndds,2710605,USDA FoodData Central FNDDS 2021-2023 survey food; WWEIA category 7220 (Smoothies and grain drinks).,OFFICIAL_SOURCE_IMPORTED
fndds_licuado_or_batido,usda_fooddata_central_fndds,2705512,USDA FoodData Central FNDDS 2021-2023 survey food; WWEIA category 7220 (Smoothies and grain drinks).,OFFICIAL_SOURCE_IMPORTED
fndds_vegetable_smoothie,usda_fooddata_central_fndds,2710152,USDA FoodData Central FNDDS 2021-2023 survey food; WWEIA category 7220 (Smoothies and grain drinks).,OFFICIAL_SOURCE_IMPORTED
fndds_atole_de_chocolate,usda_fooddata_central_fndds,2710608,USDA FoodData Central FNDDS 2021-2023 survey food; WWEIA category 7220 (Smoothies and grain drinks).,OFFICIAL_SOURCE_IMPORTED
fndds_fruit_smoothie_light,usda_fooddata_central_fndds,2709338,USDA FoodData Central FNDDS 2021-2023 survey food; WWEIA category 7220 (Smoothies and grain drinks).,OFFICIAL_SOURCE_IMPORTED
fndds_chicory_beverage,usda_fooddata_central_fndds,2710487,USDA FoodData Central FNDDS 2021-2023 survey food; WWEIA category 7302 (Coffee).,OFFICIAL_SOURCE_IMPORTED
fndds_coffee_cuban,usda_fooddata_central_fndds,2710381,USDA FoodData Central FNDDS 2021-2023 survey food; WWEIA category 7302 (Coffee).,OFFICIAL_SOURCE_IMPORTED
fndds_coffee_latte,usda_fooddata_central_fndds,2710386,USDA FoodData Central FNDDS 2021-2023 survey food; WWEIA category 7302 (Coffee).,OFFICIAL_SOURCE_IMPORTED
fndds_coffee_substitute,usda_fooddata_central_fndds,2710486,USDA FoodData Central FNDDS 2021-2023 survey food; WWEIA category 7302 (Coffee).,OFFICIAL_SOURCE_IMPORTED
fndds_coffee_brewed,usda_fooddata_central_fndds,2710375,USDA FoodData Central FNDDS 2021-2023 survey food; WWEIA category 7302 (Coffee).,OFFICIAL_SOURCE_IMPORTED
fndds_coffee_turkish,usda_fooddata_central_fndds,2710377,USDA FoodData Central FNDDS 2021-2023 survey food; WWEIA category 7302 (Coffee).,OFFICIAL_SOURCE_IMPORTED
fndds_frozen_coffee_drink,usda_fooddata_central_fndds,2710398,USDA FoodData Central FNDDS 2021-2023 survey food; WWEIA category 7302 (Coffee).,OFFICIAL_SOURCE_IMPORTED
fndds_coffee_espresso,usda_fooddata_central_fndds,2710378,USDA FoodData Central FNDDS 2021-2023 survey food; WWEIA category 7302 (Coffee).,OFFICIAL_SOURCE_IMPORTED
fndds_coffee_macchiato,usda_fooddata_central_fndds,2710382,USDA FoodData Central FNDDS 2021-2023 survey food; WWEIA category 7302 (Coffee).,OFFICIAL_SOURCE_IMPORTED
fndds_coffee_cafe_mocha,usda_fooddata_central_fndds,2710410,USDA FoodData Central FNDDS 2021-2023 survey food; WWEIA category 7302 (Coffee).,OFFICIAL_SOURCE_IMPORTED
fndds_coffee_iced_latte,usda_fooddata_central_fndds,2710431,USDA FoodData Central FNDDS 2021-2023 survey food; WWEIA category 7302 (Coffee).,OFFICIAL_SOURCE_IMPORTED
fndds_coffee_cappuccino,usda_fooddata_central_fndds,2710472,USDA FoodData Central FNDDS 2021-2023 survey food; WWEIA category 7302 (Coffee).,OFFICIAL_SOURCE_IMPORTED
fndds_iced_coffee_brewed,usda_fooddata_central_fndds,2710428,USDA FoodData Central FNDDS 2021-2023 survey food; WWEIA category 7302 (Coffee).,OFFICIAL_SOURCE_IMPORTED
fndds_coffee_pre_lightened,usda_fooddata_central_fndds,2710464,USDA FoodData Central FNDDS 2021-2023 survey food; WWEIA category 7302 (Coffee).,OFFICIAL_SOURCE_IMPORTED
fndds_frozen_mocha_coffee_drink,usda_fooddata_central_fndds,2710416,USDA FoodData Central FNDDS 2021-2023 survey food; WWEIA category 7302 (Coffee).,OFFICIAL_SOURCE_IMPORTED
fndds_coffee_cafe_con_leche,usda_fooddata_central_fndds,2710384,USDA FoodData Central FNDDS 2021-2023 survey food; WWEIA category 7302 (Coffee).,OFFICIAL_SOURCE_IMPORTED
fndds_coffee_bottled_canned,usda_fooddata_central_fndds,2710478,USDA FoodData Central FNDDS 2021-2023 survey food; WWEIA category 7302 (Coffee).,OFFICIAL_SOURCE_IMPORTED
fndds_coffee_iced_cafe_mocha,usda_fooddata_central_fndds,2710443,USDA FoodData Central FNDDS 2021-2023 survey food; WWEIA category 7302 (Coffee).,OFFICIAL_SOURCE_IMPORTED
fndds_tea_ginger,usda_fooddata_central_fndds,2710507,USDA FoodData Central FNDDS 2021-2023 survey food; WWEIA category 7304 (Tea).,OFFICIAL_SOURCE_IMPORTED
fndds_tea_bubble,usda_fooddata_central_fndds,2710508,USDA FoodData Central FNDDS 2021-2023 survey food; WWEIA category 7304 (Tea).,OFFICIAL_SOURCE_IMPORTED
fndds_tea_kombucha,usda_fooddata_central_fndds,2710509,USDA FoodData Central FNDDS 2021-2023 survey food; WWEIA category 7304 (Tea).,OFFICIAL_SOURCE_IMPORTED
fndds_tea_hot_herbal,usda_fooddata_central_fndds,2710502,USDA FoodData Central FNDDS 2021-2023 survey food; WWEIA category 7304 (Tea).,OFFICIAL_SOURCE_IMPORTED
fndds_tea_hot_hibiscus,usda_fooddata_central_fndds,2710503,USDA FoodData Central FNDDS 2021-2023 survey food; WWEIA category 7304 (Tea).,OFFICIAL_SOURCE_IMPORTED
fndds_tea_hot_chamomile,usda_fooddata_central_fndds,2710505,USDA FoodData Central FNDDS 2021-2023 survey food; WWEIA category 7304 (Tea).,OFFICIAL_SOURCE_IMPORTED
fndds_tea_hot_with_milk,usda_fooddata_central_fndds,2710506,USDA FoodData Central FNDDS 2021-2023 survey food; WWEIA category 7304 (Tea).,OFFICIAL_SOURCE_IMPORTED
fndds_iced_tea_lemonade_juice_drink,usda_fooddata_central_fndds,2710512,USDA FoodData Central FNDDS 2021-2023 survey food; WWEIA category 7304 (Tea).,OFFICIAL_SOURCE_IMPORTED
fndds_tea_hot_leaf_black,usda_fooddata_central_fndds,2710488,USDA FoodData Central FNDDS 2021-2023 survey food; WWEIA category 7304 (Tea).,OFFICIAL_SOURCE_IMPORTED
fndds_tea_hot_leaf_green,usda_fooddata_central_fndds,2710490,USDA FoodData Central FNDDS 2021-2023 survey food; WWEIA category 7304 (Tea).,OFFICIAL_SOURCE_IMPORTED
fndds_tea_hot_leaf_oolong,usda_fooddata_central_fndds,2710492,USDA FoodData Central FNDDS 2021-2023 survey food; WWEIA category 7304 (Tea).,OFFICIAL_SOURCE_IMPORTED
fndds_tea_iced_bottled_black,usda_fooddata_central_fndds,2710527,USDA FoodData Central FNDDS 2021-2023 survey food; WWEIA category 7304 (Tea).,OFFICIAL_SOURCE_IMPORTED
fndds_water_tap,usda_fooddata_central_fndds,2710707,USDA FoodData Central FNDDS 2021-2023 survey food; WWEIA category 7702 (Tap water).,OFFICIAL_SOURCE_IMPORTED
fndds_water_bottled_plain,usda_fooddata_central_fndds,2710708,USDA FoodData Central FNDDS 2021-2023 survey food; WWEIA category 7704 (Bottled water).,OFFICIAL_SOURCE_IMPORTED
fndds_water_tonic,usda_fooddata_central_fndds,2710538,USDA FoodData Central FNDDS 2021-2023 survey food; WWEIA category 7802 (Flavored or carbonated water).,OFFICIAL_SOURCE_IMPORTED
fndds_water_carbonated_plain,usda_fooddata_central_fndds,2710539,USDA FoodData Central FNDDS 2021-2023 survey food; WWEIA category 7802 (Flavored or carbonated water).,OFFICIAL_SOURCE_IMPORTED
fndds_water_beverage_fruit_flavored,usda_fooddata_central_fndds,2710710,USDA FoodData Central FNDDS 2021-2023 survey food; WWEIA category 7802 (Flavored or carbonated water).,OFFICIAL_SOURCE_IMPORTED
fndds_water_carbonated_flavored,usda_fooddata_central_fndds,2710540,USDA FoodData Central FNDDS 2021-2023 survey food; WWEIA category 7802 (Flavored or carbonated water).,OFFICIAL_SOURCE_IMPORTED
fndds_water_enhanced_diet,usda_fooddata_central_fndds,2710712,USDA FoodData Central FNDDS 2021-2023 survey food; WWEIA category 7804 (Enhanced water).,OFFICIAL_SOURCE_IMPORTED
fndds_water_enhanced_regular,usda_fooddata_central_fndds,2710711,USDA FoodData Central FNDDS 2021-2023 survey food; WWEIA category 7804 (Enhanced water).,OFFICIAL_SOURCE_IMPORTED
fndds_lard,usda_fooddata_central_fndds,2710166,USDA FoodData Central FNDDS 2021-2023 survey food; WWEIA category 8002 (Butter and animal fats).,OFFICIAL_SOURCE_IMPORTED
fndds_honey_butter,usda_fooddata_central_fndds,2710179,USDA FoodData Central FNDDS 2021-2023 survey food; WWEIA category 8002 (Butter and animal fats).,OFFICIAL_SOURCE_IMPORTED
fndds_butter_tub,usda_fooddata_central_fndds,2710156,USDA FoodData Central FNDDS 2021-2023 survey food; WWEIA category 8002 (Butter and animal fats).,OFFICIAL_SOURCE_IMPORTED
fndds_fat_back_cooked,usda_fooddata_central_fndds,2705892,USDA FoodData Central FNDDS 2021-2023 survey food; WWEIA category 8002 (Butter and animal fats).,OFFICIAL_SOURCE_IMPORTED
fndds_butter_stick,usda_fooddata_central_fndds,2710155,USDA FoodData Central FNDDS 2021-2023 survey food; WWEIA category 8002 (Butter and animal fats).,OFFICIAL_SOURCE_IMPORTED
fndds_margarine_tub,usda_fooddata_central_fndds,2710160,USDA FoodData Central FNDDS 2021-2023 survey food; WWEIA category 8004 (Margarine).,OFFICIAL_SOURCE_IMPORTED
fndds_margarine_stick,usda_fooddata_central_fndds,2710159,USDA FoodData Central FNDDS 2021-2023 survey food; WWEIA category 8004 (Margarine).,OFFICIAL_SOURCE_IMPORTED
fndds_margarine_light,usda_fooddata_central_fndds,2710162,USDA FoodData Central FNDDS 2021-2023 survey food; WWEIA category 8004 (Margarine).,OFFICIAL_SOURCE_IMPORTED
fndds_butter_replacement_liquid,usda_fooddata_central_fndds,2710161,USDA FoodData Central FNDDS 2021-2023 survey food; WWEIA category 8004 (Margarine).,OFFICIAL_SOURCE_IMPORTED
fndds_whipped_topping,usda_fooddata_central_fndds,2705611,"USDA FoodData Central FNDDS 2021-2023 survey food; WWEIA category 8006 (Cream cheese, sour cream, whipped cream).",OFFICIAL_SOURCE_IMPORTED
fndds_cream_whipped,usda_fooddata_central_fndds,2705598,"USDA FoodData Central FNDDS 2021-2023 survey food; WWEIA category 8006 (Cream cheese, sour cream, whipped cream).",OFFICIAL_SOURCE_IMPORTED
fndds_sour_cream_light,usda_fooddata_central_fndds,2705615,"USDA FoodData Central FNDDS 2021-2023 survey food; WWEIA category 8006 (Cream cheese, sour cream, whipped cream).",OFFICIAL_SOURCE_IMPORTED
fndds_sour_cream_regular,usda_fooddata_central_fndds,2705614,"USDA FoodData Central FNDDS 2021-2023 survey food; WWEIA category 8006 (Cream cheese, sour cream, whipped cream).",OFFICIAL_SOURCE_IMPORTED
fndds_cream_cheese_light,usda_fooddata_central_fndds,2705762,"USDA FoodData Central FNDDS 2021-2023 survey food; WWEIA category 8006 (Cream cheese, sour cream, whipped cream).",OFFICIAL_SOURCE_IMPORTED
fndds_sour_cream_fat_free,usda_fooddata_central_fndds,2705616,"USDA FoodData Central FNDDS 2021-2023 survey food; WWEIA category 8006 (Cream cheese, sour cream, whipped cream).",OFFICIAL_SOURCE_IMPORTED
fndds_cream_light,usda_fooddata_central_fndds,2705593,USDA FoodData Central FNDDS 2021-2023 survey food; WWEIA category 8008 (Cream and cream substitutes).,OFFICIAL_SOURCE_IMPORTED
fndds_cream_heavy,usda_fooddata_central_fndds,2705597,USDA FoodData Central FNDDS 2021-2023 survey food; WWEIA category 8008 (Cream and cream substitutes).,OFFICIAL_SOURCE_IMPORTED
fndds_cream_half_and_half,usda_fooddata_central_fndds,2705594,USDA FoodData Central FNDDS 2021-2023 survey food; WWEIA category 8008 (Cream and cream substitutes).,OFFICIAL_SOURCE_IMPORTED
fndds_coffee_creamer_liquid,usda_fooddata_central_fndds,2705600,USDA FoodData Central FNDDS 2021-2023 survey food; WWEIA category 8008 (Cream and cream substitutes).,OFFICIAL_SOURCE_IMPORTED
fndds_coffee_creamer_powder,usda_fooddata_central_fndds,2705606,USDA FoodData Central FNDDS 2021-2023 survey food; WWEIA category 8008 (Cream and cream substitutes).,OFFICIAL_SOURCE_IMPORTED
fndds_coffee_creamer_soy_liquid,usda_fooddata_central_fndds,2705610,USDA FoodData Central FNDDS 2021-2023 survey food; WWEIA category 8008 (Cream and cream substitutes).,OFFICIAL_SOURCE_IMPORTED
fndds_cream_half_and_half_flavored,usda_fooddata_central_fndds,2705595,USDA FoodData Central FNDDS 2021-2023 survey food; WWEIA category 8008 (Cream and cream substitutes).,OFFICIAL_SOURCE_IMPORTED
fndds_tartar_sauce,usda_fooddata_central_fndds,2710173,USDA FoodData Central FNDDS 2021-2023 survey food; WWEIA category 8010 (Mayonnaise).,OFFICIAL_SOURCE_IMPORTED
fndds_sandwich_spread,usda_fooddata_central_fndds,2710172,USDA FoodData Central FNDDS 2021-2023 survey food; WWEIA category 8010 (Mayonnaise).,OFFICIAL_SOURCE_IMPORTED
fndds_vegan_mayonnaise,usda_fooddata_central_fndds,2710205,USDA FoodData Central FNDDS 2021-2023 survey food; WWEIA category 8010 (Mayonnaise).,OFFICIAL_SOURCE_IMPORTED
fndds_mayonnaise_light,usda_fooddata_central_fndds,2710220,USDA FoodData Central FNDDS 2021-2023 survey food; WWEIA category 8010 (Mayonnaise).,OFFICIAL_SOURCE_IMPORTED
fndds_mayonnaise_regular,usda_fooddata_central_fndds,2710204,USDA FoodData Central FNDDS 2021-2023 survey food; WWEIA category 8010 (Mayonnaise).,OFFICIAL_SOURCE_IMPORTED
fndds_corn_oil,usda_fooddata_central_fndds,2710183,USDA FoodData Central FNDDS 2021-2023 survey food; WWEIA category 8012 (Salad dressings and vegetable oils).,OFFICIAL_SOURCE_IMPORTED
fndds_olive_oil,usda_fooddata_central_fndds,2710186,USDA FoodData Central FNDDS 2021-2023 survey food; WWEIA category 8012 (Salad dressings and vegetable oils).,OFFICIAL_SOURCE_IMPORTED
fndds_almond_oil,usda_fooddata_central_fndds,2710181,USDA FoodData Central FNDDS 2021-2023 survey food; WWEIA category 8012 (Salad dressings and vegetable oils).,OFFICIAL_SOURCE_IMPORTED
fndds_peanut_oil,usda_fooddata_central_fndds,2710187,USDA FoodData Central FNDDS 2021-2023 survey food; WWEIA category 8012 (Salad dressings and vegetable oils).,OFFICIAL_SOURCE_IMPORTED
fndds_canola_oil,usda_fooddata_central_fndds,2710188,USDA FoodData Central FNDDS 2021-2023 survey food; WWEIA category 8012 (Salad dressings and vegetable oils).,OFFICIAL_SOURCE_IMPORTED
fndds_sesame_oil,usda_fooddata_central_fndds,2710190,USDA FoodData Central FNDDS 2021-2023 survey food; WWEIA category 8012 (Salad dressings and vegetable oils).,OFFICIAL_SOURCE_IMPORTED
fndds_walnut_oil,usda_fooddata_central_fndds,2710193,USDA FoodData Central FNDDS 2021-2023 survey food; WWEIA category 8012 (Salad dressings and vegetable oils).,OFFICIAL_SOURCE_IMPORTED
fndds_soybean_oil,usda_fooddata_central_fndds,2710191,USDA FoodData Central FNDDS 2021-2023 survey food; WWEIA category 8012 (Salad dressings and vegetable oils).,OFFICIAL_SOURCE_IMPORTED
fndds_flaxseed_oil,usda_fooddata_central_fndds,2710185,USDA FoodData Central FNDDS 2021-2023 survey food; WWEIA category 8012 (Salad dressings and vegetable oils).,OFFICIAL_SOURCE_IMPORTED
fndds_safflower_oil,usda_fooddata_central_fndds,2710189,USDA FoodData Central FNDDS 2021-2023 survey food; WWEIA category 8012 (Salad dressings and vegetable oils).,OFFICIAL_SOURCE_IMPORTED
fndds_sunflower_oil,usda_fooddata_central_fndds,2710192,USDA FoodData Central FNDDS 2021-2023 survey food; WWEIA category 8012 (Salad dressings and vegetable oils).,OFFICIAL_SOURCE_IMPORTED
fndds_cottonseed_oil,usda_fooddata_central_fndds,2710184,USDA FoodData Central FNDDS 2021-2023 survey food; WWEIA category 8012 (Salad dressings and vegetable oils).,OFFICIAL_SOURCE_IMPORTED
fndds_taco_sauce,usda_fooddata_central_fndds,2709740,USDA FoodData Central FNDDS 2021-2023 survey food; WWEIA category 8402 (Tomato-based condiments).,OFFICIAL_SOURCE_IMPORTED
fndds_steak_sauce,usda_fooddata_central_fndds,2709752,USDA FoodData Central FNDDS 2021-2023 survey food; WWEIA category 8402 (Tomato-based condiments).,OFFICIAL_SOURCE_IMPORTED
fndds_salsa_red,usda_fooddata_central_fndds,2709738,USDA FoodData Central FNDDS 2021-2023 survey food; WWEIA category 8402 (Tomato-based condiments).,OFFICIAL_SOURCE_IMPORTED
fndds_barbecue_sauce,usda_fooddata_central_fndds,2709750,USDA FoodData Central FNDDS 2021-2023 survey food; WWEIA category 8402 (Tomato-based condiments).,OFFICIAL_SOURCE_IMPORTED
fndds_cocktail_sauce,usda_fooddata_central_fndds,2709753,USDA FoodData Central FNDDS 2021-2023 survey food; WWEIA category 8402 (Tomato-based condiments).,OFFICIAL_SOURCE_IMPORTED
fndds_miso,usda_fooddata_central_fndds,2707439,USDA FoodData Central FNDDS 2021-2023 survey food; WWEIA category 8404 (Soy-based condiments).,OFFICIAL_SOURCE_IMPORTED
fndds_natto,usda_fooddata_central_fndds,2707440,USDA FoodData Central FNDDS 2021-2023 survey food; WWEIA category 8404 (Soy-based condiments).,OFFICIAL_SOURCE_IMPORTED
fndds_soy_sauce,usda_fooddata_central_fndds,2707442,USDA FoodData Central FNDDS 2021-2023 survey food; WWEIA category 8404 (Soy-based condiments).,OFFICIAL_SOURCE_IMPORTED
fndds_fish_sauce,usda_fooddata_central_fndds,2706457,USDA FoodData Central FNDDS 2021-2023 survey food; WWEIA category 8404 (Soy-based condiments).,OFFICIAL_SOURCE_IMPORTED
fndds_miso_sauce,usda_fooddata_central_fndds,2707438,USDA FoodData Central FNDDS 2021-2023 survey food; WWEIA category 8404 (Soy-based condiments).,OFFICIAL_SOURCE_IMPORTED
fndds_chutney,usda_fooddata_central_fndds,2709309,USDA FoodData Central FNDDS 2021-2023 survey food; WWEIA category 8406 (Mustard and other condiments).,OFFICIAL_SOURCE_IMPORTED
fndds_vinegar,usda_fooddata_central_fndds,2709351,USDA FoodData Central FNDDS 2021-2023 survey food; WWEIA category 8406 (Mustard and other condiments).,OFFICIAL_SOURCE_IMPORTED
fndds_pimiento,usda_fooddata_central_fndds,2709979,USDA FoodData Central FNDDS 2021-2023 survey food; WWEIA category 8406 (Mustard and other condiments).,OFFICIAL_SOURCE_IMPORTED
fndds_fry_sauce,usda_fooddata_central_fndds,2710176,USDA FoodData Central FNDDS 2021-2023 survey food; WWEIA category 8406 (Mustard and other condiments).,OFFICIAL_SOURCE_IMPORTED
fndds_duck_sauce,usda_fooddata_central_fndds,2710298,USDA FoodData Central FNDDS 2021-2023 survey food; WWEIA category 8406 (Mustard and other condiments).,OFFICIAL_SOURCE_IMPORTED
fndds_horseradish,usda_fooddata_central_fndds,2710083,USDA FoodData Central FNDDS 2021-2023 survey food; WWEIA category 8406 (Mustard and other condiments).,OFFICIAL_SOURCE_IMPORTED
fndds_wasabi_paste,usda_fooddata_central_fndds,2710103,USDA FoodData Central FNDDS 2021-2023 survey food; WWEIA category 8406 (Mustard and other condiments).,OFFICIAL_SOURCE_IMPORTED
fndds_buffalo_sauce,usda_fooddata_central_fndds,2709751,USDA FoodData Central FNDDS 2021-2023 survey food; WWEIA category 8406 (Mustard and other condiments).,OFFICIAL_SOURCE_IMPORTED
fndds_kimchi,usda_fooddata_central_fndds,2710077,"USDA FoodData Central FNDDS 2021-2023 survey food; WWEIA category 8408 (Olives, pickles, pickled vegetables).",OFFICIAL_SOURCE_IMPORTED
fndds_sauerkraut,usda_fooddata_central_fndds,2709982,"USDA FoodData Central FNDDS 2021-2023 survey food; WWEIA category 8408 (Olives, pickles, pickled vegetables).",OFFICIAL_SOURCE_IMPORTED
fndds_olive_tapenade,usda_fooddata_central_fndds,2710092,"USDA FoodData Central FNDDS 2021-2023 survey food; WWEIA category 8408 (Olives, pickles, pickled vegetables).",OFFICIAL_SOURCE_IMPORTED
fndds_relish_corn,usda_fooddata_central_fndds,2710073,"USDA FoodData Central FNDDS 2021-2023 survey food; WWEIA category 8408 (Olives, pickles, pickled vegetables).",OFFICIAL_SOURCE_IMPORTED
fndds_pickles_dill,usda_fooddata_central_fndds,2710078,"USDA FoodData Central FNDDS 2021-2023 survey food; WWEIA category 8408 (Olives, pickles, pickled vegetables).",OFFICIAL_SOURCE_IMPORTED
fndds_okra_pickled,usda_fooddata_central_fndds,2710087,"USDA FoodData Central FNDDS 2021-2023 survey food; WWEIA category 8408 (Olives, pickles, pickled vegetables).",OFFICIAL_SOURCE_IMPORTED
fndds_olives_green,usda_fooddata_central_fndds,2710089,"USDA FoodData Central FNDDS 2021-2023 survey food; WWEIA category 8408 (Olives, pickles, pickled vegetables).",OFFICIAL_SOURCE_IMPORTED
fndds_olives_black,usda_fooddata_central_fndds,2710090,"USDA FoodData Central FNDDS 2021-2023 survey food; WWEIA category 8408 (Olives, pickles, pickled vegetables).",OFFICIAL_SOURCE_IMPORTED
fndds_beets_pickled,usda_fooddata_central_fndds,2710071,"USDA FoodData Central FNDDS 2021-2023 survey food; WWEIA category 8408 (Olives, pickles, pickled vegetables).",OFFICIAL_SOURCE_IMPORTED
fndds_spaghetti_sauce,usda_fooddata_central_fndds,2709745,"USDA FoodData Central FNDDS 2021-2023 survey food; WWEIA category 8410 (Pasta sauces, tomato-based).",OFFICIAL_SOURCE_IMPORTED
fndds_spaghetti_sauce_with_meat,usda_fooddata_central_fndds,2706470,"USDA FoodData Central FNDDS 2021-2023 survey food; WWEIA category 8410 (Pasta sauces, tomato-based).",OFFICIAL_SOURCE_IMPORTED
fndds_spaghetti_sauce_with_poultry,usda_fooddata_central_fndds,2706422,"USDA FoodData Central FNDDS 2021-2023 survey food; WWEIA category 8410 (Pasta sauces, tomato-based).",OFFICIAL_SOURCE_IMPORTED
fndds_spaghetti_sauce_with_seafood,usda_fooddata_central_fndds,2706453,"USDA FoodData Central FNDDS 2021-2023 survey food; WWEIA category 8410 (Pasta sauces, tomato-based).",OFFICIAL_SOURCE_IMPORTED
fndds_spaghetti_sauce_fat_free,usda_fooddata_central_fndds,2709748,"USDA FoodData Central FNDDS 2021-2023 survey food; WWEIA category 8410 (Pasta sauces, tomato-based).",OFFICIAL_SOURCE_IMPORTED
fndds_layer_dip,usda_fooddata_central_fndds,2707401,"USDA FoodData Central FNDDS 2021-2023 survey food; WWEIA category 8412 (Dips, gravies, other sauces).",OFFICIAL_SOURCE_IMPORTED
fndds_cheese_dip,usda_fooddata_central_fndds,2705786,"USDA FoodData Central FNDDS 2021-2023 survey food; WWEIA category 8412 (Dips, gravies, other sauces).",OFFICIAL_SOURCE_IMPORTED
fndds_mole_sauce,usda_fooddata_central_fndds,2707151,"USDA FoodData Central FNDDS 2021-2023 survey food; WWEIA category 8412 (Dips, gravies, other sauces).",OFFICIAL_SOURCE_IMPORTED
fndds_seafood_dip,usda_fooddata_central_fndds,2705784,"USDA FoodData Central FNDDS 2021-2023 survey food; WWEIA category 8412 (Dips, gravies, other sauces).",OFFICIAL_SOURCE_IMPORTED
fndds_pesto_sauce,usda_fooddata_central_fndds,2710175,"USDA FoodData Central FNDDS 2021-2023 survey food; WWEIA category 8412 (Dips, gravies, other sauces).",OFFICIAL_SOURCE_IMPORTED
fndds_curry_sauce,usda_fooddata_central_fndds,2710178,"USDA FoodData Central FNDDS 2021-2023 survey food; WWEIA category 8412 (Dips, gravies, other sauces).",OFFICIAL_SOURCE_IMPORTED
fndds_tzatziki_dip,usda_fooddata_central_fndds,2705448,"USDA FoodData Central FNDDS 2021-2023 survey food; WWEIA category 8412 (Dips, gravies, other sauces).",OFFICIAL_SOURCE_IMPORTED
fndds_cheese_sauce,usda_fooddata_central_fndds,2705808,"USDA FoodData Central FNDDS 2021-2023 survey food; WWEIA category 8412 (Dips, gravies, other sauces).",OFFICIAL_SOURCE_IMPORTED
fndds_peanut_sauce,usda_fooddata_central_fndds,2707546,"USDA FoodData Central FNDDS 2021-2023 survey food; WWEIA category 8412 (Dips, gravies, other sauces).",OFFICIAL_SOURCE_IMPORTED
fndds_eggplant_dip,usda_fooddata_central_fndds,2710049,"USDA FoodData Central FNDDS 2021-2023 survey food; WWEIA category 8412 (Dips, gravies, other sauces).",OFFICIAL_SOURCE_IMPORTED
fndds_garlic_sauce,usda_fooddata_central_fndds,2710169,"USDA FoodData Central FNDDS 2021-2023 survey food; WWEIA category 8412 (Dips, gravies, other sauces).",OFFICIAL_SOURCE_IMPORTED
fndds_artichoke_dip,usda_fooddata_central_fndds,2705782,"USDA FoodData Central FNDDS 2021-2023 survey food; WWEIA category 8412 (Dips, gravies, other sauces).",OFFICIAL_SOURCE_IMPORTED
fndds_cheese_fondue,usda_fooddata_central_fndds,2705791,"USDA FoodData Central FNDDS 2021-2023 survey food; WWEIA category 8412 (Dips, gravies, other sauces).",OFFICIAL_SOURCE_IMPORTED
fndds_honey,usda_fooddata_central_fndds,2710281,USDA FoodData Central FNDDS 2021-2023 survey food; WWEIA category 8802 (Sugars and honey).,OFFICIAL_SOURCE_IMPORTED
fndds_molasses,usda_fooddata_central_fndds,2710283,USDA FoodData Central FNDDS 2021-2023 survey food; WWEIA category 8802 (Sugars and honey).,OFFICIAL_SOURCE_IMPORTED
fndds_sugar_brown,usda_fooddata_central_fndds,2710260,USDA FoodData Central FNDDS 2021-2023 survey food; WWEIA category 8802 (Sugars and honey).,OFFICIAL_SOURCE_IMPORTED
fndds_sugar_cinnamon,usda_fooddata_central_fndds,2710261,USDA FoodData Central FNDDS 2021-2023 survey food; WWEIA category 8802 (Sugars and honey).,OFFICIAL_SOURCE_IMPORTED
fndds_sugar_substitute_and_sugar_blend,usda_fooddata_central_fndds,2710262,USDA FoodData Central FNDDS 2021-2023 survey food; WWEIA category 8804 (Sugar substitutes).,OFFICIAL_SOURCE_IMPORTED
fndds_sugar_substitute_stevia_powder,usda_fooddata_central_fndds,2710264,USDA FoodData Central FNDDS 2021-2023 survey food; WWEIA category 8804 (Sugar substitutes).,OFFICIAL_SOURCE_IMPORTED
fndds_sugar_substitute_stevia_liquid,usda_fooddata_central_fndds,2710265,USDA FoodData Central FNDDS 2021-2023 survey food; WWEIA category 8804 (Sugar substitutes).,OFFICIAL_SOURCE_IMPORTED
fndds_sugar_substitute_sucralose_powder,usda_fooddata_central_fndds,2710263,USDA FoodData Central FNDDS 2021-2023 survey food; WWEIA category 8804 (Sugar substitutes).,OFFICIAL_SOURCE_IMPORTED
fndds_sugar_substitute_saccharin_powder,usda_fooddata_central_fndds,2710269,USDA FoodData Central FNDDS 2021-2023 survey food; WWEIA category 8804 (Sugar substitutes).,OFFICIAL_SOURCE_IMPORTED
fndds_jam,usda_fooddata_central_fndds,2710301,"USDA FoodData Central FNDDS 2021-2023 survey food; WWEIA category 8806 (Jams, syrups, toppings).",OFFICIAL_SOURCE_IMPORTED
fndds_jelly,usda_fooddata_central_fndds,2710300,"USDA FoodData Central FNDDS 2021-2023 survey food; WWEIA category 8806 (Jams, syrups, toppings).",OFFICIAL_SOURCE_IMPORTED
fndds_marmalade,usda_fooddata_central_fndds,2710303,"USDA FoodData Central FNDDS 2021-2023 survey food; WWEIA category 8806 (Jams, syrups, toppings).",OFFICIAL_SOURCE_IMPORTED
fndds_corn_syrup,usda_fooddata_central_fndds,2710274,"USDA FoodData Central FNDDS 2021-2023 survey food; WWEIA category 8806 (Jams, syrups, toppings).",OFFICIAL_SOURCE_IMPORTED
fndds_dessert_dip,usda_fooddata_central_fndds,2710295,"USDA FoodData Central FNDDS 2021-2023 survey food; WWEIA category 8806 (Jams, syrups, toppings).",OFFICIAL_SOURCE_IMPORTED
fndds_guava_paste,usda_fooddata_central_fndds,2710307,"USDA FoodData Central FNDDS 2021-2023 survey food; WWEIA category 8806 (Jams, syrups, toppings).",OFFICIAL_SOURCE_IMPORTED
fndds_simple_syrup,usda_fooddata_central_fndds,2710278,"USDA FoodData Central FNDDS 2021-2023 survey food; WWEIA category 8806 (Jams, syrups, toppings).",OFFICIAL_SOURCE_IMPORTED
fndds_fruit_butter,usda_fooddata_central_fndds,2710302,"USDA FoodData Central FNDDS 2021-2023 survey food; WWEIA category 8806 (Jams, syrups, toppings).",OFFICIAL_SOURCE_IMPORTED
fndds_pancake_syrup,usda_fooddata_central_fndds,2710273,"USDA FoodData Central FNDDS 2021-2023 survey food; WWEIA category 8806 (Jams, syrups, toppings).",OFFICIAL_SOURCE_IMPORTED
fndds_chocolate_dip,usda_fooddata_central_fndds,2710294,"USDA FoodData Central FNDDS 2021-2023 survey food; WWEIA category 8806 (Jams, syrups, toppings).",OFFICIAL_SOURCE_IMPORTED
fndds_nutritional_powder_mix_isopure,usda_fooddata_central_fndds,2710734,USDA FoodData Central FNDDS 2021-2023 survey food; WWEIA category 9802 (Protein and nutritional powders).,OFFICIAL_SOURCE_IMPORTED
fndds_nutritional_powder_mix_slim_fast,usda_fooddata_central_fndds,2710737,USDA FoodData Central FNDDS 2021-2023 survey food; WWEIA category 9802 (Protein and nutritional powders).,OFFICIAL_SOURCE_IMPORTED
fndds_nutritional_powder_mix_muscle_milk,usda_fooddata_central_fndds,2710735,USDA FoodData Central FNDDS 2021-2023 survey food; WWEIA category 9802 (Protein and nutritional powders).,OFFICIAL_SOURCE_IMPORTED
fndds_nutritional_powder_mix_light_muscle_milk,usda_fooddata_central_fndds,2710736,USDA FoodData Central FNDDS 2021-2023 survey food; WWEIA category 9802 (Protein and nutritional powders).,OFFICIAL_SOURCE_IMPORTED
fndds_nutritional_powder_mix_eas_soy_protein_powder,usda_fooddata_central_fndds,2710732,USDA FoodData Central FNDDS 2021-2023 survey food; WWEIA category 9802 (Protein and nutritional powders).,OFFICIAL_SOURCE_IMPORTED
