food_key,image_lookup_allowed,recommendation_allowed,plan_allowed,safety_review_status,plan_role,notes
almonds_dry_roasted,True,True,True,CURATED_EXISTING_DATASET,healthy_fat_snack,Existing Mazaj+ dataset item. Nutrition source reference was not preserved in the supplied files.
american_cheese,True,False,True,CURATED_EXISTING_DATASET,protein_source,Existing Mazaj+ dataset item. Nutrition source reference was not preserved in the supplied files.
american_cheese_restaurant,True,False,True,CURATED_EXISTING_DATASET,protein_source,Existing Mazaj+ dataset item. Nutrition source reference was not preserved in the supplied files.
apple,True,False,True,CURATED_EXISTING_DATASET,fruit_snack,Existing Mazaj+ dataset item. Nutrition source reference was not preserved in the supplied files.
apple_fuji,True,True,True,CURATED_EXISTING_DATASET,fruit_snack,Existing Mazaj+ dataset item. Nutrition source reference was not preserved in the supplied files.
apple_gala,True,True,True,CURATED_EXISTING_DATASET,fruit_snack,Existing Mazaj+ dataset item. Nutrition source reference was not preserved in the supplied files.
apple_granny_smith,True,True,True,CURATED_EXISTING_DATASET,fruit_snack,Existing Mazaj+ dataset item. Nutrition source reference was not preserved in the supplied files.
apple_honeycrisp,True,True,True,CURATED_EXISTING_DATASET,fruit_snack,Existing Mazaj+ dataset item. Nutrition source reference was not preserved in the supplied files.
apple_juice,True,False,False,CURATED_EXISTING_DATASET,not_for_plan,Existing Mazaj+ dataset item. Nutrition source reference was not preserved in the supplied files.
apple_red_delicious,True,True,True,CURATED_EXISTING_DATASET,fruit_snack,Existing Mazaj+ dataset item. Nutrition source reference was not preserved in the supplied files.
avocado,True,False,True,CURATED_EXISTING_DATASET,fruit_snack,Existing Mazaj+ dataset item. Nutrition source reference was not preserved in the supplied files.
bacon_cooked,True,False,False,CURATED_EXISTING_DATASET,not_for_plan,Existing Mazaj+ dataset item. Nutrition source reference was not preserved in the supplied files.
baladi_bread,True,False,True,CURATED_EXISTING_DATASET,mixed_meal,Existing Mazaj+ dataset item. Nutrition source reference was not preserved in the supplied files.
banana,True,True,True,CURATED_EXISTING_DATASET,fruit_snack,Existing Mazaj+ dataset item. Nutrition source reference was not preserved in the supplied files.
banana_overripe,True,True,True,CURATED_EXISTING_DATASET,fruit_snack,Existing Mazaj+ dataset item. Nutrition source reference was not preserved in the supplied files.
banana_ripe,True,True,True,CURATED_EXISTING_DATASET,fruit_snack,Existing Mazaj+ dataset item. Nutrition source reference was not preserved in the supplied files.
basbousa,True,False,False,CURATED_EXISTING_DATASET,not_for_plan,Existing Mazaj+ dataset item. Nutrition source reference was not preserved in the supplied files.
bean_pupusas,True,False,False,CURATED_EXISTING_DATASET,not_for_plan,Existing Mazaj+ dataset item. Nutrition source reference was not preserved in the supplied files.
beans_black,True,False,True,CURATED_EXISTING_DATASET,protein_source,Existing Mazaj+ dataset item. Nutrition source reference was not preserved in the supplied files.
beans_kidney,True,False,True,CURATED_EXISTING_DATASET,protein_source,Existing Mazaj+ dataset item. Nutrition source reference was not preserved in the supplied files.
beef_breakfast_sausage,True,False,False,CURATED_EXISTING_DATASET,not_for_plan,Existing Mazaj+ dataset item. Nutrition source reference was not preserved in the supplied files.
beef_eye_round_raw,False,True,False,CURATED_EXISTING_DATASET,not_for_plan,Existing Mazaj+ dataset item. Nutrition source reference was not preserved in the supplied files.
beef_hot_dog,True,False,False,CURATED_EXISTING_DATASET,not_for_plan,Existing Mazaj+ dataset item. Nutrition source reference was not preserved in the supplied files.
beef_kebab,True,False,True,CURATED_EXISTING_DATASET,protein_source,Existing Mazaj+ dataset item. Nutrition source reference was not preserved in the supplied files.
beef_steak_grilled,True,False,True,CURATED_EXISTING_DATASET,protein_source,Existing Mazaj+ dataset item. Nutrition source reference was not preserved in the supplied files.
beef_tenderloin_roasted,True,True,True,CURATED_EXISTING_DATASET,protein_source,Existing Mazaj+ dataset item. Nutrition source reference was not preserved in the supplied files.
beef_top_loin_steak,False,True,False,CURATED_EXISTING_DATASET,not_for_plan,Existing Mazaj+ dataset item. Nutrition source reference was not preserved in the supplied files.
beef_top_round_raw,False,True,False,CURATED_EXISTING_DATASET,not_for_plan,Existing Mazaj+ dataset item. Nutrition source reference was not preserved in the supplied files.
biryani_chicken,True,False,False,IMAGE_LOOKUP_ONLY_REVIEW_REQUIRED,mixed_meal,New common prepared-food average added for image/text lookup only; review source and safety rules before enabling recommendations or plans.
blueberries,True,True,True,CURATED_EXISTING_DATASET,fruit_snack,Existing Mazaj+ dataset item. Nutrition source reference was not preserved in the supplied files.
boiled_egg,True,False,True,CURATED_EXISTING_DATASET,protein_source,Existing Mazaj+ dataset item. Nutrition source reference was not preserved in the supplied files.
bread_white,True,True,True,CURATED_EXISTING_DATASET,carb_source,Existing Mazaj+ dataset item. Nutrition source reference was not preserved in the supplied files.
bread_whole_wheat,True,True,True,CURATED_EXISTING_DATASET,carb_source,Existing Mazaj+ dataset item. Nutrition source reference was not preserved in the supplied files.
broccoli_raw,False,True,False,CURATED_EXISTING_DATASET,not_for_plan,Existing Mazaj+ dataset item. Nutrition source reference was not preserved in the supplied files.
broccoli_steamed,True,False,True,CURATED_EXISTING_DATASET,vegetable_side,Existing Mazaj+ dataset item. Nutrition source reference was not preserved in the supplied files.
burger_beef,True,False,False,CURATED_EXISTING_DATASET,not_for_plan,Existing Mazaj+ dataset item. Nutrition source reference was not preserved in the supplied files.
cake_chocolate,True,False,False,CURATED_EXISTING_DATASET,not_for_plan,Existing Mazaj+ dataset item. Nutrition source reference was not preserved in the supplied files.
calamari_fried,True,False,True,CURATED_EXISTING_DATASET,protein_source,Existing Mazaj+ dataset item. Nutrition source reference was not preserved in the supplied files.
candy_gummy,True,False,False,CURATED_EXISTING_DATASET,not_for_plan,Existing Mazaj+ dataset item. Nutrition source reference was not preserved in the supplied files.
cantaloupe_raw,False,True,False,CURATED_EXISTING_DATASET,not_for_plan,Existing Mazaj+ dataset item. Nutrition source reference was not preserved in the supplied files.
carrots_frozen,True,True,True,CURATED_EXISTING_DATASET,vegetable_side,Existing Mazaj+ dataset item. Nutrition source reference was not preserved in the supplied files.
carrots_raw,False,False,False,CURATED_EXISTING_DATASET,not_for_plan,Existing Mazaj+ dataset item. Nutrition source reference was not preserved in the supplied files.
cereal_cornflakes,True,False,True,CURATED_EXISTING_DATASET,carb_source,Existing Mazaj+ dataset item. Nutrition source reference was not preserved in the supplied files.
cheddar_cheese,True,True,True,CURATED_EXISTING_DATASET,protein_source,Existing Mazaj+ dataset item. Nutrition source reference was not preserved in the supplied files.
chicken_breast_cooked,True,True,True,CURATED_EXISTING_DATASET,protein_source,Existing Mazaj+ dataset item. Nutrition source reference was not preserved in the supplied files.
chicken_breast_grilled,True,False,True,CURATED_EXISTING_DATASET,protein_source,Existing Mazaj+ dataset item. Nutrition source reference was not preserved in the supplied files.
chicken_drumstick_cooked,True,True,True,CURATED_EXISTING_DATASET,protein_source,Existing Mazaj+ dataset item. Nutrition source reference was not preserved in the supplied files.
chicken_fried,True,False,True,CURATED_EXISTING_DATASET,protein_source,Existing Mazaj+ dataset item. Nutrition source reference was not preserved in the supplied files.
chicken_nuggets,True,False,False,CURATED_EXISTING_DATASET,not_for_plan,Existing Mazaj+ dataset item. Nutrition source reference was not preserved in the supplied files.
chicken_shawarma,True,False,True,CURATED_EXISTING_DATASET,mixed_meal,Existing Mazaj+ dataset item. Nutrition source reference was not preserved in the supplied files.
chicken_with_rice,True,False,False,IMAGE_LOOKUP_ONLY_REVIEW_REQUIRED,mixed_meal,New common prepared-food average added for image/text lookup only; review source and safety rules before enabling recommendations or plans.
chickpeas_cooked,True,True,True,CURATED_EXISTING_DATASET,protein_source,Existing Mazaj+ dataset item. Nutrition source reference was not preserved in the supplied files.
chocolate_bar,True,False,False,CURATED_EXISTING_DATASET,not_for_plan,Existing Mazaj+ dataset item. Nutrition source reference was not preserved in the supplied files.
chorizo_pork,True,False,False,CURATED_EXISTING_DATASET,not_for_plan,Existing Mazaj+ dataset item. Nutrition source reference was not preserved in the supplied files.
coconut_oil,False,False,False,CURATED_EXISTING_DATASET,not_for_plan,Existing Mazaj+ dataset item. Nutrition source reference was not preserved in the supplied files.
cod_baked,True,False,True,CURATED_EXISTING_DATASET,protein_source,Existing Mazaj+ dataset item. Nutrition source reference was not preserved in the supplied files.
coffee_black,True,True,False,CURATED_EXISTING_DATASET,not_for_plan,Existing Mazaj+ dataset item. Nutrition source reference was not preserved in the supplied files.
coffee_milk_sugar,False,False,False,CURATED_EXISTING_DATASET,not_for_plan,Existing Mazaj+ dataset item. Nutrition source reference was not preserved in the supplied files.
cola_diet,True,False,False,CURATED_EXISTING_DATASET,not_for_plan,Existing Mazaj+ dataset item. Nutrition source reference was not preserved in the supplied files.
cola_regular,True,False,False,CURATED_EXISTING_DATASET,not_for_plan,Existing Mazaj+ dataset item. Nutrition source reference was not preserved in the supplied files.
cookies_chocolate_chip,True,False,False,CURATED_EXISTING_DATASET,not_for_plan,Existing Mazaj+ dataset item. Nutrition source reference was not preserved in the supplied files.
corn_cooked,True,False,True,CURATED_EXISTING_DATASET,vegetable_side,Existing Mazaj+ dataset item. Nutrition source reference was not preserved in the supplied files.
cottage_cheese_lowfat,True,True,True,CURATED_EXISTING_DATASET,protein_source,Existing Mazaj+ dataset item. Nutrition source reference was not preserved in the supplied files.
couscous_cooked,True,False,True,CURATED_EXISTING_DATASET,carb_source,Existing Mazaj+ dataset item. Nutrition source reference was not preserved in the supplied files.
cream_cheese,True,False,True,CURATED_EXISTING_DATASET,protein_source,Existing Mazaj+ dataset item. Nutrition source reference was not preserved in the supplied files.
cucumber,True,False,True,CURATED_EXISTING_DATASET,vegetable_side,Existing Mazaj+ dataset item. Nutrition source reference was not preserved in the supplied files.
dark_chocolate,True,False,False,CURATED_EXISTING_DATASET,not_for_plan,Existing Mazaj+ dataset item. Nutrition source reference was not preserved in the supplied files.
dates,True,True,True,CURATED_EXISTING_DATASET,fruit_snack,Existing Mazaj+ dataset item. Nutrition source reference was not preserved in the supplied files.
deli_ham,True,False,False,CURATED_EXISTING_DATASET,not_for_plan,Existing Mazaj+ dataset item. Nutrition source reference was not preserved in the supplied files.
diced_tomatoes_canned,True,True,True,CURATED_EXISTING_DATASET,vegetable_side,Existing Mazaj+ dataset item. Nutrition source reference was not preserved in the supplied files.
dill_pickles,True,False,True,CURATED_EXISTING_DATASET,vegetable_side,Existing Mazaj+ dataset item. Nutrition source reference was not preserved in the supplied files.
donut_glazed,True,False,False,CURATED_EXISTING_DATASET,not_for_plan,Existing Mazaj+ dataset item. Nutrition source reference was not preserved in the supplied files.
egg_white_dried,False,False,False,CURATED_EXISTING_DATASET,not_for_plan,Existing Mazaj+ dataset item. Nutrition source reference was not preserved in the supplied files.
egg_white_raw,False,True,False,CURATED_EXISTING_DATASET,not_for_plan,Existing Mazaj+ dataset item. Nutrition source reference was not preserved in the supplied files.
egg_whole_dried,False,False,False,CURATED_EXISTING_DATASET,not_for_plan,Existing Mazaj+ dataset item. Nutrition source reference was not preserved in the supplied files.
egg_whole_raw,False,True,False,CURATED_EXISTING_DATASET,not_for_plan,Existing Mazaj+ dataset item. Nutrition source reference was not preserved in the supplied files.
egg_yolk_dried,False,False,False,CURATED_EXISTING_DATASET,not_for_plan,Existing Mazaj+ dataset item. Nutrition source reference was not preserved in the supplied files.
egg_yolk_raw,False,False,False,CURATED_EXISTING_DATASET,not_for_plan,Existing Mazaj+ dataset item. Nutrition source reference was not preserved in the supplied files.
energy_drink,True,False,False,CURATED_EXISTING_DATASET,not_for_plan,Existing Mazaj+ dataset item. Nutrition source reference was not preserved in the supplied files.
falafel,True,False,True,CURATED_EXISTING_DATASET,mixed_meal,Existing Mazaj+ dataset item. Nutrition source reference was not preserved in the supplied files.
falafel_taameya,True,False,True,CURATED_EXISTING_DATASET,mixed_meal,Existing Mazaj+ dataset item. Nutrition source reference was not preserved in the supplied files.
fatta_egyptian,True,False,False,IMAGE_LOOKUP_ONLY_REVIEW_REQUIRED,mixed_meal,New common prepared-food average added for image/text lookup only; review source and safety rules before enabling recommendations or plans.
feta_cheese,True,False,True,CURATED_EXISTING_DATASET,protein_source,Existing Mazaj+ dataset item. Nutrition source reference was not preserved in the supplied files.
figs_dried,False,True,False,CURATED_EXISTING_DATASET,not_for_plan,Existing Mazaj+ dataset item. Nutrition source reference was not preserved in the supplied files.
fish_baked,True,False,True,CURATED_EXISTING_DATASET,protein_source,Existing Mazaj+ dataset item. Nutrition source reference was not preserved in the supplied files.
fish_fried,True,False,True,CURATED_EXISTING_DATASET,protein_source,Existing Mazaj+ dataset item. Nutrition source reference was not preserved in the supplied files.
fish_with_rice,True,False,False,IMAGE_LOOKUP_ONLY_REVIEW_REQUIRED,mixed_meal,New common prepared-food average added for image/text lookup only; review source and safety rules before enabling recommendations or plans.
flour_ap_bleached,False,False,False,CURATED_EXISTING_DATASET,not_for_plan,Existing Mazaj+ dataset item. Nutrition source reference was not preserved in the supplied files.
flour_ap_unbleached,False,False,False,CURATED_EXISTING_DATASET,not_for_plan,Existing Mazaj+ dataset item. Nutrition source reference was not preserved in the supplied files.
flour_ap_unenriched,False,False,False,CURATED_EXISTING_DATASET,not_for_plan,Existing Mazaj+ dataset item. Nutrition source reference was not preserved in the supplied files.
flour_bread_white,False,False,False,CURATED_EXISTING_DATASET,not_for_plan,Existing Mazaj+ dataset item. Nutrition source reference was not preserved in the supplied files.
flour_corn_yellow,False,False,False,CURATED_EXISTING_DATASET,not_for_plan,Existing Mazaj+ dataset item. Nutrition source reference was not preserved in the supplied files.
flour_pastry,False,False,False,CURATED_EXISTING_DATASET,not_for_plan,Existing Mazaj+ dataset item. Nutrition source reference was not preserved in the supplied files.
flour_rice_brown,False,False,False,CURATED_EXISTING_DATASET,not_for_plan,Existing Mazaj+ dataset item. Nutrition source reference was not preserved in the supplied files.
flour_rice_glutinous,False,False,False,CURATED_EXISTING_DATASET,not_for_plan,Existing Mazaj+ dataset item. Nutrition source reference was not preserved in the supplied files.
flour_rice_white,False,False,False,CURATED_EXISTING_DATASET,not_for_plan,Existing Mazaj+ dataset item. Nutrition source reference was not preserved in the supplied files.
flour_soy_defatted,False,False,False,CURATED_EXISTING_DATASET,not_for_plan,Existing Mazaj+ dataset item. Nutrition source reference was not preserved in the supplied files.
flour_soy_full_fat,False,False,False,CURATED_EXISTING_DATASET,not_for_plan,Existing Mazaj+ dataset item. Nutrition source reference was not preserved in the supplied files.
flour_whole_wheat,False,False,False,CURATED_EXISTING_DATASET,not_for_plan,Existing Mazaj+ dataset item. Nutrition source reference was not preserved in the supplied files.
foul_medames,True,True,True,CURATED_EXISTING_DATASET,mixed_meal,Existing Mazaj+ dataset item. Nutrition source reference was not preserved in the supplied files.
french_fries,True,False,False,CURATED_EXISTING_DATASET,not_for_plan,Existing Mazaj+ dataset item. Nutrition source reference was not preserved in the supplied files.
fried_chicken_piece,True,False,False,CURATED_EXISTING_DATASET,not_for_plan,Existing Mazaj+ dataset item. Nutrition source reference was not preserved in the supplied files.
fried_rice_chinese,True,False,False,CURATED_EXISTING_DATASET,not_for_plan,Existing Mazaj+ dataset item. Nutrition source reference was not preserved in the supplied files.
garlic_raw,False,True,False,CURATED_EXISTING_DATASET,not_for_plan,Existing Mazaj+ dataset item. Nutrition source reference was not preserved in the supplied files.
granola_bar,True,False,False,CURATED_EXISTING_DATASET,not_for_plan,Existing Mazaj+ dataset item. Nutrition source reference was not preserved in the supplied files.
granulated_sugar,False,False,False,CURATED_EXISTING_DATASET,not_for_plan,Existing Mazaj+ dataset item. Nutrition source reference was not preserved in the supplied files.
grapefruit_juice,True,True,True,CURATED_EXISTING_DATASET,fruit_snack,Existing Mazaj+ dataset item. Nutrition source reference was not preserved in the supplied files.
grapes,True,False,True,CURATED_EXISTING_DATASET,fruit_snack,Existing Mazaj+ dataset item. Nutrition source reference was not preserved in the supplied files.
greek_yogurt_plain,True,True,True,CURATED_EXISTING_DATASET,protein_source,Existing Mazaj+ dataset item. Nutrition source reference was not preserved in the supplied files.
greek_yogurt_strawberry,True,True,True,CURATED_EXISTING_DATASET,protein_source,Existing Mazaj+ dataset item. Nutrition source reference was not preserved in the supplied files.
green_beans_canned,True,True,True,CURATED_EXISTING_DATASET,vegetable_side,Existing Mazaj+ dataset item. Nutrition source reference was not preserved in the supplied files.
green_olives,True,True,True,CURATED_EXISTING_DATASET,fruit_snack,Existing Mazaj+ dataset item. Nutrition source reference was not preserved in the supplied files.
grilled_fish,True,True,True,CURATED_EXISTING_DATASET,protein_source,Existing Mazaj+ dataset item. Nutrition source reference was not preserved in the supplied files.
ground_turkey_93_lean,True,True,True,CURATED_EXISTING_DATASET,protein_source,Existing Mazaj+ dataset item. Nutrition source reference was not preserved in the supplied files.
haddock_raw,False,True,False,CURATED_EXISTING_DATASET,not_for_plan,Existing Mazaj+ dataset item. Nutrition source reference was not preserved in the supplied files.
ham_restaurant,True,False,False,CURATED_EXISTING_DATASET,not_for_plan,Existing Mazaj+ dataset item. Nutrition source reference was not preserved in the supplied files.
hawawshi,True,False,True,CURATED_EXISTING_DATASET,mixed_meal,Existing Mazaj+ dataset item. Nutrition source reference was not preserved in the supplied files.
hot_dog,True,False,False,CURATED_EXISTING_DATASET,not_for_plan,Existing Mazaj+ dataset item. Nutrition source reference was not preserved in the supplied files.
hummus,True,True,True,CURATED_EXISTING_DATASET,protein_source,Existing Mazaj+ dataset item. Nutrition source reference was not preserved in the supplied files.
ice_cream_vanilla,True,False,False,CURATED_EXISTING_DATASET,not_for_plan,Existing Mazaj+ dataset item. Nutrition source reference was not preserved in the supplied files.
italian_pork_sausage,True,False,False,CURATED_EXISTING_DATASET,not_for_plan,Existing Mazaj+ dataset item. Nutrition source reference was not preserved in the supplied files.
kabsa_chicken,True,False,False,IMAGE_LOOKUP_ONLY_REVIEW_REQUIRED,mixed_meal,New common prepared-food average added for image/text lookup only; review source and safety rules before enabling recommendations or plans.
kale_frozen_cooked,True,True,True,CURATED_EXISTING_DATASET,vegetable_side,Existing Mazaj+ dataset item. Nutrition source reference was not preserved in the supplied files.
kale_raw,False,True,False,CURATED_EXISTING_DATASET,not_for_plan,Existing Mazaj+ dataset item. Nutrition source reference was not preserved in the supplied files.
kebab_grilled,True,False,True,CURATED_EXISTING_DATASET,mixed_meal,Existing Mazaj+ dataset item. Nutrition source reference was not preserved in the supplied files.
ketchup,True,False,True,CURATED_EXISTING_DATASET,vegetable_side,Existing Mazaj+ dataset item. Nutrition source reference was not preserved in the supplied files.
kiwi,True,False,True,CURATED_EXISTING_DATASET,fruit_snack,Existing Mazaj+ dataset item. Nutrition source reference was not preserved in the supplied files.
kiwi_raw,False,True,False,CURATED_EXISTING_DATASET,not_for_plan,Existing Mazaj+ dataset item. Nutrition source reference was not preserved in the supplied files.
kofta_grilled,True,False,True,CURATED_EXISTING_DATASET,mixed_meal,Existing Mazaj+ dataset item. Nutrition source reference was not preserved in the supplied files.
koshari,True,False,True,CURATED_EXISTING_DATASET,mixed_meal,Existing Mazaj+ dataset item. Nutrition source reference was not preserved in the supplied files.
kunafa,True,False,False,CURATED_EXISTING_DATASET,not_for_plan,Existing Mazaj+ dataset item. Nutrition source reference was not preserved in the supplied files.
labneh,True,False,True,CURATED_EXISTING_DATASET,protein_source,Existing Mazaj+ dataset item. Nutrition source reference was not preserved in the supplied files.
lamb_chop_grilled,True,False,True,CURATED_EXISTING_DATASET,protein_source,Existing Mazaj+ dataset item. Nutrition source reference was not preserved in the supplied files.
lamb_shank_cooked,True,False,False,IMAGE_LOOKUP_ONLY_REVIEW_REQUIRED,protein_source,New common prepared-food average added for image/text lookup only; review source and safety rules before enabling recommendations or plans.
lamb_with_rice,True,False,False,IMAGE_LOOKUP_ONLY_REVIEW_REQUIRED,mixed_meal,New common prepared-food average added for image/text lookup only; review source and safety rules before enabling recommendations or plans.
large_egg_white,True,True,True,CURATED_EXISTING_DATASET,protein_source,Existing Mazaj+ dataset item. Nutrition source reference was not preserved in the supplied files.
large_egg_whole,True,True,True,CURATED_EXISTING_DATASET,protein_source,Existing Mazaj+ dataset item. Nutrition source reference was not preserved in the supplied files.
large_egg_yolk,True,False,True,CURATED_EXISTING_DATASET,protein_source,Existing Mazaj+ dataset item. Nutrition source reference was not preserved in the supplied files.
lasagna,True,False,True,CURATED_EXISTING_DATASET,mixed_meal,Existing Mazaj+ dataset item. Nutrition source reference was not preserved in the supplied files.
lemonade,True,False,False,CURATED_EXISTING_DATASET,not_for_plan,Existing Mazaj+ dataset item. Nutrition source reference was not preserved in the supplied files.
lentil_soup,True,False,True,CURATED_EXISTING_DATASET,mixed_meal,Existing Mazaj+ dataset item. Nutrition source reference was not preserved in the supplied files.
lentils_cooked,True,True,True,CURATED_EXISTING_DATASET,protein_source,Existing Mazaj+ dataset item. Nutrition source reference was not preserved in the supplied files.
lettuce,True,False,True,CURATED_EXISTING_DATASET,vegetable_side,Existing Mazaj+ dataset item. Nutrition source reference was not preserved in the supplied files.
macaroni_bechamel,True,False,False,IMAGE_LOOKUP_ONLY_REVIEW_REQUIRED,mixed_meal,New common prepared-food average added for image/text lookup only; review source and safety rules before enabling recommendations or plans.
mahshi,True,False,True,CURATED_EXISTING_DATASET,mixed_meal,Existing Mazaj+ dataset item. Nutrition source reference was not preserved in the supplied files.
mandi_chicken,True,False,False,IMAGE_LOOKUP_ONLY_REVIEW_REQUIRED,mixed_meal,New common prepared-food average added for image/text lookup only; review source and safety rules before enabling recommendations or plans.
mango,True,False,True,CURATED_EXISTING_DATASET,fruit_snack,Existing Mazaj+ dataset item. Nutrition source reference was not preserved in the supplied files.
marinara_sauce,True,False,False,CURATED_EXISTING_DATASET,not_for_plan,Existing Mazaj+ dataset item. Nutrition source reference was not preserved in the supplied files.
meatballs,True,False,True,CURATED_EXISTING_DATASET,protein_source,Existing Mazaj+ dataset item. Nutrition source reference was not preserved in the supplied files.
milk_1_percent,True,True,True,CURATED_EXISTING_DATASET,protein_source,Existing Mazaj+ dataset item. Nutrition source reference was not preserved in the supplied files.
milk_2_percent,True,True,True,CURATED_EXISTING_DATASET,protein_source,Existing Mazaj+ dataset item. Nutrition source reference was not preserved in the supplied files.
milk_skim,True,True,True,CURATED_EXISTING_DATASET,protein_source,Existing Mazaj+ dataset item. Nutrition source reference was not preserved in the supplied files.
milk_whole,True,True,True,CURATED_EXISTING_DATASET,protein_source,Existing Mazaj+ dataset item. Nutrition source reference was not preserved in the supplied files.
mixed_salad,True,True,True,CURATED_EXISTING_DATASET,vegetable_side,Existing Mazaj+ dataset item. Nutrition source reference was not preserved in the supplied files.
molokhia,True,False,True,CURATED_EXISTING_DATASET,mixed_meal,Existing Mazaj+ dataset item. Nutrition source reference was not preserved in the supplied files.
mozzarella_cheese,True,True,True,CURATED_EXISTING_DATASET,protein_source,Existing Mazaj+ dataset item. Nutrition source reference was not preserved in the supplied files.
nectarines_raw,False,True,False,CURATED_EXISTING_DATASET,not_for_plan,Existing Mazaj+ dataset item. Nutrition source reference was not preserved in the supplied files.
nuts_mixed,True,True,True,CURATED_EXISTING_DATASET,healthy_fat_snack,Existing Mazaj+ dataset item. Nutrition source reference was not preserved in the supplied files.
oatmeal_raisin_cookies,True,False,True,CURATED_EXISTING_DATASET,carb_source,Existing Mazaj+ dataset item. Nutrition source reference was not preserved in the supplied files.
oats_cooked,True,True,True,CURATED_EXISTING_DATASET,carb_source,Existing Mazaj+ dataset item. Nutrition source reference was not preserved in the supplied files.
onion_rings_baked,True,False,True,CURATED_EXISTING_DATASET,vegetable_side,Existing Mazaj+ dataset item. Nutrition source reference was not preserved in the supplied files.
orange,True,False,True,CURATED_EXISTING_DATASET,fruit_snack,Existing Mazaj+ dataset item. Nutrition source reference was not preserved in the supplied files.
orange_juice,True,False,False,CURATED_EXISTING_DATASET,not_for_plan,Existing Mazaj+ dataset item. Nutrition source reference was not preserved in the supplied files.
oranges_raw,False,True,False,CURATED_EXISTING_DATASET,not_for_plan,Existing Mazaj+ dataset item. Nutrition source reference was not preserved in the supplied files.
parmesan_cheese,True,False,True,CURATED_EXISTING_DATASET,protein_source,Existing Mazaj+ dataset item. Nutrition source reference was not preserved in the supplied files.
pasta_alfredo,True,False,True,CURATED_EXISTING_DATASET,mixed_meal,Existing Mazaj+ dataset item. Nutrition source reference was not preserved in the supplied files.
pasta_cooked,True,True,True,CURATED_EXISTING_DATASET,carb_source,Existing Mazaj+ dataset item. Nutrition source reference was not preserved in the supplied files.
peaches_raw,False,True,False,CURATED_EXISTING_DATASET,not_for_plan,Existing Mazaj+ dataset item. Nutrition source reference was not preserved in the supplied files.
peanut_butter,True,True,True,CURATED_EXISTING_DATASET,protein_source,Existing Mazaj+ dataset item. Nutrition source reference was not preserved in the supplied files.
peanuts,True,False,True,CURATED_EXISTING_DATASET,healthy_fat_snack,Existing Mazaj+ dataset item. Nutrition source reference was not preserved in the supplied files.
pear,True,False,True,CURATED_EXISTING_DATASET,fruit_snack,Existing Mazaj+ dataset item. Nutrition source reference was not preserved in the supplied files.
pears_raw,False,True,False,CURATED_EXISTING_DATASET,not_for_plan,Existing Mazaj+ dataset item. Nutrition source reference was not preserved in the supplied files.
peas_cooked,True,False,True,CURATED_EXISTING_DATASET,vegetable_side,Existing Mazaj+ dataset item. Nutrition source reference was not preserved in the supplied files.
pineapple,True,False,True,CURATED_EXISTING_DATASET,fruit_snack,Existing Mazaj+ dataset item. Nutrition source reference was not preserved in the supplied files.
pita_bread,True,False,True,CURATED_EXISTING_DATASET,carb_source,Existing Mazaj+ dataset item. Nutrition source reference was not preserved in the supplied files.
pizza_slice,True,False,False,CURATED_EXISTING_DATASET,not_for_plan,Existing Mazaj+ dataset item. Nutrition source reference was not preserved in the supplied files.
pollock_raw,False,True,False,CURATED_EXISTING_DATASET,not_for_plan,Existing Mazaj+ dataset item. Nutrition source reference was not preserved in the supplied files.
popcorn_butter,True,False,False,CURATED_EXISTING_DATASET,not_for_plan,Existing Mazaj+ dataset item. Nutrition source reference was not preserved in the supplied files.
popcorn_plain,True,False,False,CURATED_EXISTING_DATASET,not_for_plan,Existing Mazaj+ dataset item. Nutrition source reference was not preserved in the supplied files.
pork_tamale,True,False,False,CURATED_EXISTING_DATASET,not_for_plan,Existing Mazaj+ dataset item. Nutrition source reference was not preserved in the supplied files.
porterhouse_steak,False,False,False,CURATED_EXISTING_DATASET,not_for_plan,Existing Mazaj+ dataset item. Nutrition source reference was not preserved in the supplied files.
potato_baked,True,False,True,CURATED_EXISTING_DATASET,vegetable_side,Existing Mazaj+ dataset item. Nutrition source reference was not preserved in the supplied files.
potato_chips,True,False,False,CURATED_EXISTING_DATASET,not_for_plan,Existing Mazaj+ dataset item. Nutrition source reference was not preserved in the supplied files.
queso_seco,True,False,True,CURATED_EXISTING_DATASET,protein_source,Existing Mazaj+ dataset item. Nutrition source reference was not preserved in the supplied files.
quinoa_cooked,True,False,True,CURATED_EXISTING_DATASET,carb_source,Existing Mazaj+ dataset item. Nutrition source reference was not preserved in the supplied files.
red_onion_raw,False,True,False,CURATED_EXISTING_DATASET,not_for_plan,Existing Mazaj+ dataset item. Nutrition source reference was not preserved in the supplied files.
rice_brown_cooked,True,False,True,CURATED_EXISTING_DATASET,carb_source,Existing Mazaj+ dataset item. Nutrition source reference was not preserved in the supplied files.
rice_pudding,True,False,False,CURATED_EXISTING_DATASET,not_for_plan,Existing Mazaj+ dataset item. Nutrition source reference was not preserved in the supplied files.
rice_white_cooked,True,True,True,CURATED_EXISTING_DATASET,carb_source,Existing Mazaj+ dataset item. Nutrition source reference was not preserved in the supplied files.
ricotta_cheese,True,True,True,CURATED_EXISTING_DATASET,protein_source,Existing Mazaj+ dataset item. Nutrition source reference was not preserved in the supplied files.
roasted_lamb,True,False,False,IMAGE_LOOKUP_ONLY_REVIEW_REQUIRED,protein_source,New common prepared-food average added for image/text lookup only; review source and safety rules before enabling recommendations or plans.
romaine_lettuce,False,True,False,CURATED_EXISTING_DATASET,not_for_plan,Existing Mazaj+ dataset item. Nutrition source reference was not preserved in the supplied files.
salmon_grilled,True,True,True,CURATED_EXISTING_DATASET,protein_source,Existing Mazaj+ dataset item. Nutrition source reference was not preserved in the supplied files.
salsa,True,False,False,CURATED_EXISTING_DATASET,not_for_plan,Existing Mazaj+ dataset item. Nutrition source reference was not preserved in the supplied files.
sandwich_cheese,True,False,True,CURATED_EXISTING_DATASET,mixed_meal,Existing Mazaj+ dataset item. Nutrition source reference was not preserved in the supplied files.
sandwich_turkey,True,False,True,CURATED_EXISTING_DATASET,mixed_meal,Existing Mazaj+ dataset item. Nutrition source reference was not preserved in the supplied files.
sardines_canned,True,False,True,CURATED_EXISTING_DATASET,protein_source,Existing Mazaj+ dataset item. Nutrition source reference was not preserved in the supplied files.
sausage_beef,True,False,True,CURATED_EXISTING_DATASET,protein_source,Existing Mazaj+ dataset item. Nutrition source reference was not preserved in the supplied files.
scrambled_egg,True,False,True,CURATED_EXISTING_DATASET,protein_source,Existing Mazaj+ dataset item. Nutrition source reference was not preserved in the supplied files.
sea_bass_grilled,True,False,True,CURATED_EXISTING_DATASET,protein_source,Existing Mazaj+ dataset item. Nutrition source reference was not preserved in the supplied files.
shawarma_chicken,True,False,True,CURATED_EXISTING_DATASET,mixed_meal,Existing Mazaj+ dataset item. Nutrition source reference was not preserved in the supplied files.
shrimp_cooked,True,False,True,CURATED_EXISTING_DATASET,protein_source,Existing Mazaj+ dataset item. Nutrition source reference was not preserved in the supplied files.
smoothie_fruit,True,False,False,CURATED_EXISTING_DATASET,not_for_plan,Existing Mazaj+ dataset item. Nutrition source reference was not preserved in the supplied files.
soup_chicken,True,False,True,CURATED_EXISTING_DATASET,mixed_meal,Existing Mazaj+ dataset item. Nutrition source reference was not preserved in the supplied files.
spaghetti_tomato_sauce,True,False,True,CURATED_EXISTING_DATASET,mixed_meal,Existing Mazaj+ dataset item. Nutrition source reference was not preserved in the supplied files.
sparkling_water,True,False,False,CURATED_EXISTING_DATASET,not_for_plan,Existing Mazaj+ dataset item. Nutrition source reference was not preserved in the supplied files.
spinach,True,False,True,CURATED_EXISTING_DATASET,vegetable_side,Existing Mazaj+ dataset item. Nutrition source reference was not preserved in the supplied files.
sports_drink,True,False,False,CURATED_EXISTING_DATASET,not_for_plan,Existing Mazaj+ dataset item. Nutrition source reference was not preserved in the supplied files.
strawberries,True,True,True,CURATED_EXISTING_DATASET,fruit_snack,Existing Mazaj+ dataset item. Nutrition source reference was not preserved in the supplied files.
strawberries_raw,False,True,False,CURATED_EXISTING_DATASET,not_for_plan,Existing Mazaj+ dataset item. Nutrition source reference was not preserved in the supplied files.
sunflower_seeds,True,True,True,CURATED_EXISTING_DATASET,healthy_fat_snack,Existing Mazaj+ dataset item. Nutrition source reference was not preserved in the supplied files.
sweet_potato_baked,True,False,True,CURATED_EXISTING_DATASET,vegetable_side,Existing Mazaj+ dataset item. Nutrition source reference was not preserved in the supplied files.
sweet_sour_pork,True,False,False,CURATED_EXISTING_DATASET,not_for_plan,Existing Mazaj+ dataset item. Nutrition source reference was not preserved in the supplied files.
swiss_cheese,True,True,True,CURATED_EXISTING_DATASET,protein_source,Existing Mazaj+ dataset item. Nutrition source reference was not preserved in the supplied files.
tbone_steak_grilled,True,True,True,CURATED_EXISTING_DATASET,protein_source,Existing Mazaj+ dataset item. Nutrition source reference was not preserved in the supplied files.
tea_sweetened,True,False,False,CURATED_EXISTING_DATASET,not_for_plan,Existing Mazaj+ dataset item. Nutrition source reference was not preserved in the supplied files.
tea_unsweetened,True,True,False,CURATED_EXISTING_DATASET,not_for_plan,Existing Mazaj+ dataset item. Nutrition source reference was not preserved in the supplied files.
tilapia_grilled,True,True,True,CURATED_EXISTING_DATASET,protein_source,Existing Mazaj+ dataset item. Nutrition source reference was not preserved in the supplied files.
tofu_firm,True,False,True,CURATED_EXISTING_DATASET,protein_source,Existing Mazaj+ dataset item. Nutrition source reference was not preserved in the supplied files.
tomato,True,False,True,CURATED_EXISTING_DATASET,vegetable_side,Existing Mazaj+ dataset item. Nutrition source reference was not preserved in the supplied files.
tomatoes_grape,True,True,True,CURATED_EXISTING_DATASET,vegetable_side,Existing Mazaj+ dataset item. Nutrition source reference was not preserved in the supplied files.
tortilla_wrap,True,False,True,CURATED_EXISTING_DATASET,carb_source,Existing Mazaj+ dataset item. Nutrition source reference was not preserved in the supplied files.
tuna_canned,True,True,True,CURATED_EXISTING_DATASET,protein_source,Existing Mazaj+ dataset item. Nutrition source reference was not preserved in the supplied files.
turkey_breakfast_sausage,True,False,False,CURATED_EXISTING_DATASET,not_for_plan,Existing Mazaj+ dataset item. Nutrition source reference was not preserved in the supplied files.
turkey_slices,True,False,True,CURATED_EXISTING_DATASET,protein_source,Existing Mazaj+ dataset item. Nutrition source reference was not preserved in the supplied files.
veggie_burger,True,False,True,CURATED_EXISTING_DATASET,protein_source,Existing Mazaj+ dataset item. Nutrition source reference was not preserved in the supplied files.
water,True,False,False,CURATED_EXISTING_DATASET,not_for_plan,Existing Mazaj+ dataset item. Nutrition source reference was not preserved in the supplied files.
watermelon,True,False,True,CURATED_EXISTING_DATASET,fruit_snack,Existing Mazaj+ dataset item. Nutrition source reference was not preserved in the supplied files.
white_onion_raw,False,True,False,CURATED_EXISTING_DATASET,not_for_plan,Existing Mazaj+ dataset item. Nutrition source reference was not preserved in the supplied files.
yellow_mustard,False,False,False,CURATED_EXISTING_DATASET,not_for_plan,Existing Mazaj+ dataset item. Nutrition source reference was not preserved in the supplied files.
yellow_onion_raw,False,True,False,CURATED_EXISTING_DATASET,not_for_plan,Existing Mazaj+ dataset item. Nutrition source reference was not preserved in the supplied files.
yogurt_fruit,True,False,True,CURATED_EXISTING_DATASET,protein_source,Existing Mazaj+ dataset item. Nutrition source reference was not preserved in the supplied files.
fndds_goat_milk,True,False,False,USDA_FNDDS_LOOKUP_TRACKING_ONLY,not_for_plan,"Official USDA nutrient data. Mazaj+ allergen, health-condition, mood, and plan-safety review has not been completed; use for lookup and daily tracking only."
fndds_buttermilk,True,False,False,USDA_FNDDS_LOOKUP_TRACKING_ONLY,not_for_plan,"Official USDA nutrient data. Mazaj+ allergen, health-condition, mood, and plan-safety review has not been completed; use for lookup and daily tracking only."
fndds_milk_evaporated_whole,True,False,False,USDA_FNDDS_LOOKUP_TRACKING_ONLY,not_for_plan,"Official USDA nutrient data. Mazaj+ allergen, health-condition, mood, and plan-safety review has not been completed; use for lookup and daily tracking only."
fndds_milk_lactose_free_whole,True,False,False,USDA_FNDDS_LOOKUP_TRACKING_ONLY,not_for_plan,"Official USDA nutrient data. Mazaj+ allergen, health-condition, mood, and plan-safety review has not been completed; use for lookup and daily tracking only."
fndds_milk_reduced_fat_2,True,False,False,USDA_FNDDS_LOOKUP_TRACKING_ONLY,not_for_plan,"Official USDA nutrient data. Mazaj+ allergen, health-condition, mood, and plan-safety review has not been completed; use for lookup and daily tracking only."
fndds_milk_evaporated_reduced_fat_2,True,False,False,USDA_FNDDS_LOOKUP_TRACKING_ONLY,not_for_plan,"Official USDA nutrient data. Mazaj+ allergen, health-condition, mood, and plan-safety review has not been completed; use for lookup and daily tracking only."
fndds_milk_lactose_free_reduced_fat_2,True,False,False,USDA_FNDDS_LOOKUP_TRACKING_ONLY,not_for_plan,"Official USDA nutrient data. Mazaj+ allergen, health-condition, mood, and plan-safety review has not been completed; use for lookup and daily tracking only."
fndds_kefir,True,False,False,USDA_FNDDS_LOOKUP_TRACKING_ONLY,not_for_plan,"Official USDA nutrient data. Mazaj+ allergen, health-condition, mood, and plan-safety review has not been completed; use for lookup and daily tracking only."
fndds_milk_low_fat_1,True,False,False,USDA_FNDDS_LOOKUP_TRACKING_ONLY,not_for_plan,"Official USDA nutrient data. Mazaj+ allergen, health-condition, mood, and plan-safety review has not been completed; use for lookup and daily tracking only."
fndds_milk_lactose_free_low_fat_1,True,False,False,USDA_FNDDS_LOOKUP_TRACKING_ONLY,not_for_plan,"Official USDA nutrient data. Mazaj+ allergen, health-condition, mood, and plan-safety review has not been completed; use for lookup and daily tracking only."
fndds_milk_fat_free_skim,True,False,False,USDA_FNDDS_LOOKUP_TRACKING_ONLY,not_for_plan,"Official USDA nutrient data. Mazaj+ allergen, health-condition, mood, and plan-safety review has not been completed; use for lookup and daily tracking only."
fndds_milk_dry_reconstituted_nonfat,True,False,False,USDA_FNDDS_LOOKUP_TRACKING_ONLY,not_for_plan,"Official USDA nutrient data. Mazaj+ allergen, health-condition, mood, and plan-safety review has not been completed; use for lookup and daily tracking only."
fndds_milk_evaporated_fat_free_skim,True,False,False,USDA_FNDDS_LOOKUP_TRACKING_ONLY,not_for_plan,"Official USDA nutrient data. Mazaj+ allergen, health-condition, mood, and plan-safety review has not been completed; use for lookup and daily tracking only."
fndds_milk_lactose_free_fat_free_skim,True,False,False,USDA_FNDDS_LOOKUP_TRACKING_ONLY,not_for_plan,"Official USDA nutrient data. Mazaj+ allergen, health-condition, mood, and plan-safety review has not been completed; use for lookup and daily tracking only."
fndds_strawberry_milk_whole,True,False,False,USDA_FNDDS_LOOKUP_TRACKING_ONLY,not_for_plan,"Official USDA nutrient data. Mazaj+ allergen, health-condition, mood, and plan-safety review has not been completed; use for lookup and daily tracking only."
fndds_chocolate_milk_whole,True,False,False,USDA_FNDDS_LOOKUP_TRACKING_ONLY,not_for_plan,"Official USDA nutrient data. Mazaj+ allergen, health-condition, mood, and plan-safety review has not been completed; use for lookup and daily tracking only."
fndds_milk_condensed_sweetened,True,False,False,USDA_FNDDS_LOOKUP_TRACKING_ONLY,not_for_plan,"Official USDA nutrient data. Mazaj+ allergen, health-condition, mood, and plan-safety review has not been completed; use for lookup and daily tracking only."
fndds_chocolate_milk_reduced_sugar_whole,True,False,False,USDA_FNDDS_LOOKUP_TRACKING_ONLY,not_for_plan,"Official USDA nutrient data. Mazaj+ allergen, health-condition, mood, and plan-safety review has not been completed; use for lookup and daily tracking only."
fndds_milk_malted,True,False,False,USDA_FNDDS_LOOKUP_TRACKING_ONLY,not_for_plan,"Official USDA nutrient data. Mazaj+ allergen, health-condition, mood, and plan-safety review has not been completed; use for lookup and daily tracking only."
fndds_strawberry_milk_reduced_fat_2,True,False,False,USDA_FNDDS_LOOKUP_TRACKING_ONLY,not_for_plan,"Official USDA nutrient data. Mazaj+ allergen, health-condition, mood, and plan-safety review has not been completed; use for lookup and daily tracking only."
fndds_chocolate_milk_reduced_fat_2,True,False,False,USDA_FNDDS_LOOKUP_TRACKING_ONLY,not_for_plan,"Official USDA nutrient data. Mazaj+ allergen, health-condition, mood, and plan-safety review has not been completed; use for lookup and daily tracking only."
fndds_hot_chocolate_cocoa_with_whipped_cream,True,False,False,USDA_FNDDS_LOOKUP_TRACKING_ONLY,not_for_plan,"Official USDA nutrient data. Mazaj+ allergen, health-condition, mood, and plan-safety review has not been completed; use for lookup and daily tracking only."
fndds_chocolate_milk_reduced_sugar_reduced_fat_2,True,False,False,USDA_FNDDS_LOOKUP_TRACKING_ONLY,not_for_plan,"Official USDA nutrient data. Mazaj+ allergen, health-condition, mood, and plan-safety review has not been completed; use for lookup and daily tracking only."
fndds_strawberry_milk_reduced_sugar,True,False,False,USDA_FNDDS_LOOKUP_TRACKING_ONLY,not_for_plan,"Official USDA nutrient data. Mazaj+ allergen, health-condition, mood, and plan-safety review has not been completed; use for lookup and daily tracking only."
fndds_strawberry_milk_low_fat_1,True,False,False,USDA_FNDDS_LOOKUP_TRACKING_ONLY,not_for_plan,"Official USDA nutrient data. Mazaj+ allergen, health-condition, mood, and plan-safety review has not been completed; use for lookup and daily tracking only."
fndds_chocolate_milk_low_fat_1,True,False,False,USDA_FNDDS_LOOKUP_TRACKING_ONLY,not_for_plan,"Official USDA nutrient data. Mazaj+ allergen, health-condition, mood, and plan-safety review has not been completed; use for lookup and daily tracking only."
fndds_chocolate_milk_reduced_sugar_low_fat_1,True,False,False,USDA_FNDDS_LOOKUP_TRACKING_ONLY,not_for_plan,"Official USDA nutrient data. Mazaj+ allergen, health-condition, mood, and plan-safety review has not been completed; use for lookup and daily tracking only."
fndds_strawberry_milk_fat_free_skim,True,False,False,USDA_FNDDS_LOOKUP_TRACKING_ONLY,not_for_plan,"Official USDA nutrient data. Mazaj+ allergen, health-condition, mood, and plan-safety review has not been completed; use for lookup and daily tracking only."
fndds_chocolate_milk_fat_free_skim,True,False,False,USDA_FNDDS_LOOKUP_TRACKING_ONLY,not_for_plan,"Official USDA nutrient data. Mazaj+ allergen, health-condition, mood, and plan-safety review has not been completed; use for lookup and daily tracking only."
fndds_hot_chocolate_cocoa_dry_mix_made_with_water,True,False,False,USDA_FNDDS_LOOKUP_TRACKING_ONLY,not_for_plan,"Official USDA nutrient data. Mazaj+ allergen, health-condition, mood, and plan-safety review has not been completed; use for lookup and daily tracking only."
fndds_chocolate_milk_reduced_sugar_fat_free_skim,True,False,False,USDA_FNDDS_LOOKUP_TRACKING_ONLY,not_for_plan,"Official USDA nutrient data. Mazaj+ allergen, health-condition, mood, and plan-safety review has not been completed; use for lookup and daily tracking only."
fndds_hot_chocolate_cocoa_dry_mix_reduced_sugar_made_with_water,True,False,False,USDA_FNDDS_LOOKUP_TRACKING_ONLY,not_for_plan,"Official USDA nutrient data. Mazaj+ allergen, health-condition, mood, and plan-safety review has not been completed; use for lookup and daily tracking only."
fndds_eggnog,True,False,False,USDA_FNDDS_LOOKUP_TRACKING_ONLY,not_for_plan,"Official USDA nutrient data. Mazaj+ allergen, health-condition, mood, and plan-safety review has not been completed; use for lookup and daily tracking only."
fndds_milk_shake_with_malt,True,False,False,USDA_FNDDS_LOOKUP_TRACKING_ONLY,not_for_plan,"Official USDA nutrient data. Mazaj+ allergen, health-condition, mood, and plan-safety review has not been completed; use for lookup and daily tracking only."
fndds_chocolate_milk_drink,True,False,False,USDA_FNDDS_LOOKUP_TRACKING_ONLY,not_for_plan,"Official USDA nutrient data. Mazaj+ allergen, health-condition, mood, and plan-safety review has not been completed; use for lookup and daily tracking only."
fndds_ice_cream_soda_chocolate,True,False,False,USDA_FNDDS_LOOKUP_TRACKING_ONLY,not_for_plan,"Official USDA nutrient data. Mazaj+ allergen, health-condition, mood, and plan-safety review has not been completed; use for lookup and daily tracking only."
fndds_milk_shake_bottled_chocolate,True,False,False,USDA_FNDDS_LOOKUP_TRACKING_ONLY,not_for_plan,"Official USDA nutrient data. Mazaj+ allergen, health-condition, mood, and plan-safety review has not been completed; use for lookup and daily tracking only."
fndds_milk_shake_home_recipe_chocolate,True,False,False,USDA_FNDDS_LOOKUP_TRACKING_ONLY,not_for_plan,"Official USDA nutrient data. Mazaj+ allergen, health-condition, mood, and plan-safety review has not been completed; use for lookup and daily tracking only."
fndds_cheese_ball,True,False,False,USDA_FNDDS_LOOKUP_TRACKING_ONLY,not_for_plan,"Official USDA nutrient data. Mazaj+ allergen, health-condition, mood, and plan-safety review has not been completed; use for lookup and daily tracking only."
fndds_queso_fresco,True,False,False,USDA_FNDDS_LOOKUP_TRACKING_ONLY,not_for_plan,"Official USDA nutrient data. Mazaj+ allergen, health-condition, mood, and plan-safety review has not been completed; use for lookup and daily tracking only."
fndds_queso_cotija,True,False,False,USDA_FNDDS_LOOKUP_TRACKING_ONLY,not_for_plan,"Official USDA nutrient data. Mazaj+ allergen, health-condition, mood, and plan-safety review has not been completed; use for lookup and daily tracking only."
fndds_queso_asadero,True,False,False,USDA_FNDDS_LOOKUP_TRACKING_ONLY,not_for_plan,"Official USDA nutrient data. Mazaj+ allergen, health-condition, mood, and plan-safety review has not been completed; use for lookup and daily tracking only."
fndds_cheese_brie,True,False,False,USDA_FNDDS_LOOKUP_TRACKING_ONLY,not_for_plan,"Official USDA nutrient data. Mazaj+ allergen, health-condition, mood, and plan-safety review has not been completed; use for lookup and daily tracking only."
fndds_cheese_feta,True,False,False,USDA_FNDDS_LOOKUP_TRACKING_ONLY,not_for_plan,"Official USDA nutrient data. Mazaj+ allergen, health-condition, mood, and plan-safety review has not been completed; use for lookup and daily tracking only."
fndds_cheese_goat,True,False,False,USDA_FNDDS_LOOKUP_TRACKING_ONLY,not_for_plan,"Official USDA nutrient data. Mazaj+ allergen, health-condition, mood, and plan-safety review has not been completed; use for lookup and daily tracking only."
fndds_imitation_cheese,True,False,False,USDA_FNDDS_LOOKUP_TRACKING_ONLY,not_for_plan,"Official USDA nutrient data. Mazaj+ allergen, health-condition, mood, and plan-safety review has not been completed; use for lookup and daily tracking only."
fndds_cheese_brick,True,False,False,USDA_FNDDS_LOOKUP_TRACKING_ONLY,not_for_plan,"Official USDA nutrient data. Mazaj+ allergen, health-condition, mood, and plan-safety review has not been completed; use for lookup and daily tracking only."
fndds_cheese_colby,True,False,False,USDA_FNDDS_LOOKUP_TRACKING_ONLY,not_for_plan,"Official USDA nutrient data. Mazaj+ allergen, health-condition, mood, and plan-safety review has not been completed; use for lookup and daily tracking only."
fndds_cheese_swiss,True,False,False,USDA_FNDDS_LOOKUP_TRACKING_ONLY,not_for_plan,"Official USDA nutrient data. Mazaj+ allergen, health-condition, mood, and plan-safety review has not been completed; use for lookup and daily tracking only."
fndds_cheese_paneer,True,False,False,USDA_FNDDS_LOOKUP_TRACKING_ONLY,not_for_plan,"Official USDA nutrient data. Mazaj+ allergen, health-condition, mood, and plan-safety review has not been completed; use for lookup and daily tracking only."
fndds_cheese_cheddar,True,False,False,USDA_FNDDS_LOOKUP_TRACKING_ONLY,not_for_plan,"Official USDA nutrient data. Mazaj+ allergen, health-condition, mood, and plan-safety review has not been completed; use for lookup and daily tracking only."
fndds_cheese_ricotta,True,False,False,USDA_FNDDS_LOOKUP_TRACKING_ONLY,not_for_plan,"Official USDA nutrient data. Mazaj+ allergen, health-condition, mood, and plan-safety review has not been completed; use for lookup and daily tracking only."
fndds_puerto_rican_white_cheese,True,False,False,USDA_FNDDS_LOOKUP_TRACKING_ONLY,not_for_plan,"Official USDA nutrient data. Mazaj+ allergen, health-condition, mood, and plan-safety review has not been completed; use for lookup and daily tracking only."
fndds_cottage_cheese_farmer_s,True,False,False,USDA_FNDDS_LOOKUP_TRACKING_ONLY,not_for_plan,"Official USDA nutrient data. Mazaj+ allergen, health-condition, mood, and plan-safety review has not been completed; use for lookup and daily tracking only."
fndds_cheese_cottage_low_fat,True,False,False,USDA_FNDDS_LOOKUP_TRACKING_ONLY,not_for_plan,"Official USDA nutrient data. Mazaj+ allergen, health-condition, mood, and plan-safety review has not been completed; use for lookup and daily tracking only."
fndds_cheese_cottage_dry_curd,True,False,False,USDA_FNDDS_LOOKUP_TRACKING_ONLY,not_for_plan,"Official USDA nutrient data. Mazaj+ allergen, health-condition, mood, and plan-safety review has not been completed; use for lookup and daily tracking only."
fndds_cheese_cottage_with_fruit,True,False,False,USDA_FNDDS_LOOKUP_TRACKING_ONLY,not_for_plan,"Official USDA nutrient data. Mazaj+ allergen, health-condition, mood, and plan-safety review has not been completed; use for lookup and daily tracking only."
fndds_cheese_cottage_with_vegetables,True,False,False,USDA_FNDDS_LOOKUP_TRACKING_ONLY,not_for_plan,"Official USDA nutrient data. Mazaj+ allergen, health-condition, mood, and plan-safety review has not been completed; use for lookup and daily tracking only."
fndds_yogurt_tube,True,False,False,USDA_FNDDS_LOOKUP_TRACKING_ONLY,not_for_plan,"Official USDA nutrient data. Mazaj+ allergen, health-condition, mood, and plan-safety review has not been completed; use for lookup and daily tracking only."
fndds_yogurt_liquid,True,False,False,USDA_FNDDS_LOOKUP_TRACKING_ONLY,not_for_plan,"Official USDA nutrient data. Mazaj+ allergen, health-condition, mood, and plan-safety review has not been completed; use for lookup and daily tracking only."
fndds_yogurt_whole_milk_plain,True,False,False,USDA_FNDDS_LOOKUP_TRACKING_ONLY,not_for_plan,"Official USDA nutrient data. Mazaj+ allergen, health-condition, mood, and plan-safety review has not been completed; use for lookup and daily tracking only."
fndds_yogurt_nonfat_milk_plain,True,False,False,USDA_FNDDS_LOOKUP_TRACKING_ONLY,not_for_plan,"Official USDA nutrient data. Mazaj+ allergen, health-condition, mood, and plan-safety review has not been completed; use for lookup and daily tracking only."
fndds_yogurt_parfait_with_fruit,True,False,False,USDA_FNDDS_LOOKUP_TRACKING_ONLY,not_for_plan,"Official USDA nutrient data. Mazaj+ allergen, health-condition, mood, and plan-safety review has not been completed; use for lookup and daily tracking only."
fndds_yogurt_low_fat_milk_plain,True,False,False,USDA_FNDDS_LOOKUP_TRACKING_ONLY,not_for_plan,"Official USDA nutrient data. Mazaj+ allergen, health-condition, mood, and plan-safety review has not been completed; use for lookup and daily tracking only."
fndds_yogurt_greek_with_oats,True,False,False,USDA_FNDDS_LOOKUP_TRACKING_ONLY,not_for_plan,"Official USDA nutrient data. Mazaj+ allergen, health-condition, mood, and plan-safety review has not been completed; use for lookup and daily tracking only."
fndds_yogurt_greek_whole_milk_plain,True,False,False,USDA_FNDDS_LOOKUP_TRACKING_ONLY,not_for_plan,"Official USDA nutrient data. Mazaj+ allergen, health-condition, mood, and plan-safety review has not been completed; use for lookup and daily tracking only."
fndds_yogurt_greek_nonfat_milk_plain,True,False,False,USDA_FNDDS_LOOKUP_TRACKING_ONLY,not_for_plan,"Official USDA nutrient data. Mazaj+ allergen, health-condition, mood, and plan-safety review has not been completed; use for lookup and daily tracking only."
fndds_yogurt_greek_low_fat_milk_plain,True,False,False,USDA_FNDDS_LOOKUP_TRACKING_ONLY,not_for_plan,"Official USDA nutrient data. Mazaj+ allergen, health-condition, mood, and plan-safety review has not been completed; use for lookup and daily tracking only."
fndds_yogurt_greek_whole_milk_fruit,True,False,False,USDA_FNDDS_LOOKUP_TRACKING_ONLY,not_for_plan,"Official USDA nutrient data. Mazaj+ allergen, health-condition, mood, and plan-safety review has not been completed; use for lookup and daily tracking only."
fndds_oat_milk,True,False,False,USDA_FNDDS_LOOKUP_TRACKING_ONLY,not_for_plan,"Official USDA nutrient data. Mazaj+ allergen, health-condition, mood, and plan-safety review has not been completed; use for lookup and daily tracking only."
fndds_rice_milk,True,False,False,USDA_FNDDS_LOOKUP_TRACKING_ONLY,not_for_plan,"Official USDA nutrient data. Mazaj+ allergen, health-condition, mood, and plan-safety review has not been completed; use for lookup and daily tracking only."
fndds_coconut_milk,True,False,False,USDA_FNDDS_LOOKUP_TRACKING_ONLY,not_for_plan,"Official USDA nutrient data. Mazaj+ allergen, health-condition, mood, and plan-safety review has not been completed; use for lookup and daily tracking only."
fndds_soy_milk_sweetened,True,False,False,USDA_FNDDS_LOOKUP_TRACKING_ONLY,not_for_plan,"Official USDA nutrient data. Mazaj+ allergen, health-condition, mood, and plan-safety review has not been completed; use for lookup and daily tracking only."
fndds_soy_milk_chocolate,True,False,False,USDA_FNDDS_LOOKUP_TRACKING_ONLY,not_for_plan,"Official USDA nutrient data. Mazaj+ allergen, health-condition, mood, and plan-safety review has not been completed; use for lookup and daily tracking only."
fndds_soy_milk_unsweetened,True,False,False,USDA_FNDDS_LOOKUP_TRACKING_ONLY,not_for_plan,"Official USDA nutrient data. Mazaj+ allergen, health-condition, mood, and plan-safety review has not been completed; use for lookup and daily tracking only."
fndds_almond_milk_sweetened,True,False,False,USDA_FNDDS_LOOKUP_TRACKING_ONLY,not_for_plan,"Official USDA nutrient data. Mazaj+ allergen, health-condition, mood, and plan-safety review has not been completed; use for lookup and daily tracking only."
fndds_yogurt_soy,True,False,False,USDA_FNDDS_LOOKUP_TRACKING_ONLY,not_for_plan,"Official USDA nutrient data. Mazaj+ allergen, health-condition, mood, and plan-safety review has not been completed; use for lookup and daily tracking only."
fndds_yogurt_almond_milk,True,False,False,USDA_FNDDS_LOOKUP_TRACKING_ONLY,not_for_plan,"Official USDA nutrient data. Mazaj+ allergen, health-condition, mood, and plan-safety review has not been completed; use for lookup and daily tracking only."
fndds_yogurt_coconut_milk,True,False,False,USDA_FNDDS_LOOKUP_TRACKING_ONLY,not_for_plan,"Official USDA nutrient data. Mazaj+ allergen, health-condition, mood, and plan-safety review has not been completed; use for lookup and daily tracking only."
fndds_veal_chop,True,False,False,USDA_FNDDS_LOOKUP_TRACKING_ONLY,not_for_plan,"Official USDA nutrient data. Mazaj+ allergen, health-condition, mood, and plan-safety review has not been completed; use for lookup and daily tracking only."
fndds_beef_roast,True,False,False,USDA_FNDDS_LOOKUP_TRACKING_ONLY,not_for_plan,"Official USDA nutrient data. Mazaj+ allergen, health-condition, mood, and plan-safety review has not been completed; use for lookup and daily tracking only."
fndds_beef_oxtails,True,False,False,USDA_FNDDS_LOOKUP_TRACKING_ONLY,not_for_plan,"Official USDA nutrient data. Mazaj+ allergen, health-condition, mood, and plan-safety review has not been completed; use for lookup and daily tracking only."
fndds_beef_brisket,True,False,False,USDA_FNDDS_LOOKUP_TRACKING_ONLY,not_for_plan,"Official USDA nutrient data. Mazaj+ allergen, health-condition, mood, and plan-safety review has not been completed; use for lookup and daily tracking only."
fndds_beef_shortribs,True,False,False,USDA_FNDDS_LOOKUP_TRACKING_ONLY,not_for_plan,"Official USDA nutrient data. Mazaj+ allergen, health-condition, mood, and plan-safety review has not been completed; use for lookup and daily tracking only."
fndds_beef_pot_roast,True,False,False,USDA_FNDDS_LOOKUP_TRACKING_ONLY,not_for_plan,"Official USDA nutrient data. Mazaj+ allergen, health-condition, mood, and plan-safety review has not been completed; use for lookup and daily tracking only."
fndds_beef_stew_meat,True,False,False,USDA_FNDDS_LOOKUP_TRACKING_ONLY,not_for_plan,"Official USDA nutrient data. Mazaj+ allergen, health-condition, mood, and plan-safety review has not been completed; use for lookup and daily tracking only."
fndds_beef_neck_bones,True,False,False,USDA_FNDDS_LOOKUP_TRACKING_ONLY,not_for_plan,"Official USDA nutrient data. Mazaj+ allergen, health-condition, mood, and plan-safety review has not been completed; use for lookup and daily tracking only."
fndds_beef_sandwich_steak,True,False,False,USDA_FNDDS_LOOKUP_TRACKING_ONLY,not_for_plan,"Official USDA nutrient data. Mazaj+ allergen, health-condition, mood, and plan-safety review has not been completed; use for lookup and daily tracking only."
fndds_beef_ground,True,False,False,USDA_FNDDS_LOOKUP_TRACKING_ONLY,not_for_plan,"Official USDA nutrient data. Mazaj+ allergen, health-condition, mood, and plan-safety review has not been completed; use for lookup and daily tracking only."
fndds_veal_ground,True,False,False,USDA_FNDDS_LOOKUP_TRACKING_ONLY,not_for_plan,"Official USDA nutrient data. Mazaj+ allergen, health-condition, mood, and plan-safety review has not been completed; use for lookup and daily tracking only."
fndds_beef_ground_raw,True,False,False,USDA_FNDDS_LOOKUP_TRACKING_ONLY,not_for_plan,"Official USDA nutrient data. Mazaj+ allergen, health-condition, mood, and plan-safety review has not been completed; use for lookup and daily tracking only."
fndds_beef_ground_patty,True,False,False,USDA_FNDDS_LOOKUP_TRACKING_ONLY,not_for_plan,"Official USDA nutrient data. Mazaj+ allergen, health-condition, mood, and plan-safety review has not been completed; use for lookup and daily tracking only."
fndds_pork_ribs,True,False,False,USDA_FNDDS_LOOKUP_TRACKING_ONLY,not_for_plan,"Official USDA nutrient data. Mazaj+ allergen, health-condition, mood, and plan-safety review has not been completed; use for lookup and daily tracking only."
fndds_pork_ears,True,False,False,USDA_FNDDS_LOOKUP_TRACKING_ONLY,not_for_plan,"Official USDA nutrient data. Mazaj+ allergen, health-condition, mood, and plan-safety review has not been completed; use for lookup and daily tracking only."
fndds_pork_roast,True,False,False,USDA_FNDDS_LOOKUP_TRACKING_ONLY,not_for_plan,"Official USDA nutrient data. Mazaj+ allergen, health-condition, mood, and plan-safety review has not been completed; use for lookup and daily tracking only."
fndds_pork_bones,True,False,False,USDA_FNDDS_LOOKUP_TRACKING_ONLY,not_for_plan,"Official USDA nutrient data. Mazaj+ allergen, health-condition, mood, and plan-safety review has not been completed; use for lookup and daily tracking only."
fndds_pork_belly,True,False,False,USDA_FNDDS_LOOKUP_TRACKING_ONLY,not_for_plan,"Official USDA nutrient data. Mazaj+ allergen, health-condition, mood, and plan-safety review has not been completed; use for lookup and daily tracking only."
fndds_pork_skin_rinds,True,False,False,USDA_FNDDS_LOOKUP_TRACKING_ONLY,not_for_plan,"Official USDA nutrient data. Mazaj+ allergen, health-condition, mood, and plan-safety review has not been completed; use for lookup and daily tracking only."
fndds_pork_ground,True,False,False,USDA_FNDDS_LOOKUP_TRACKING_ONLY,not_for_plan,"Official USDA nutrient data. Mazaj+ allergen, health-condition, mood, and plan-safety review has not been completed; use for lookup and daily tracking only."
fndds_pork_carnitas,True,False,False,USDA_FNDDS_LOOKUP_TRACKING_ONLY,not_for_plan,"Official USDA nutrient data. Mazaj+ allergen, health-condition, mood, and plan-safety review has not been completed; use for lookup and daily tracking only."
fndds_goat,True,False,False,USDA_FNDDS_LOOKUP_TRACKING_ONLY,not_for_plan,"Official USDA nutrient data. Mazaj+ allergen, health-condition, mood, and plan-safety review has not been completed; use for lookup and daily tracking only."
fndds_bear,True,False,False,USDA_FNDDS_LOOKUP_TRACKING_ONLY,not_for_plan,"Official USDA nutrient data. Mazaj+ allergen, health-condition, mood, and plan-safety review has not been completed; use for lookup and daily tracking only."
fndds_moose,True,False,False,USDA_FNDDS_LOOKUP_TRACKING_ONLY,not_for_plan,"Official USDA nutrient data. Mazaj+ allergen, health-condition, mood, and plan-safety review has not been completed; use for lookup and daily tracking only."
fndds_bison,True,False,False,USDA_FNDDS_LOOKUP_TRACKING_ONLY,not_for_plan,"Official USDA nutrient data. Mazaj+ allergen, health-condition, mood, and plan-safety review has not been completed; use for lookup and daily tracking only."
fndds_rabbit,True,False,False,USDA_FNDDS_LOOKUP_TRACKING_ONLY,not_for_plan,"Official USDA nutrient data. Mazaj+ allergen, health-condition, mood, and plan-safety review has not been completed; use for lookup and daily tracking only."
fndds_beaver,True,False,False,USDA_FNDDS_LOOKUP_TRACKING_ONLY,not_for_plan,"Official USDA nutrient data. Mazaj+ allergen, health-condition, mood, and plan-safety review has not been completed; use for lookup and daily tracking only."
fndds_caribou,True,False,False,USDA_FNDDS_LOOKUP_TRACKING_ONLY,not_for_plan,"Official USDA nutrient data. Mazaj+ allergen, health-condition, mood, and plan-safety review has not been completed; use for lookup and daily tracking only."
fndds_heart,True,False,False,USDA_FNDDS_LOOKUP_TRACKING_ONLY,not_for_plan,"Official USDA nutrient data. Mazaj+ allergen, health-condition, mood, and plan-safety review has not been completed; use for lookup and daily tracking only."
fndds_tripe,True,False,False,USDA_FNDDS_LOOKUP_TRACKING_ONLY,not_for_plan,"Official USDA nutrient data. Mazaj+ allergen, health-condition, mood, and plan-safety review has not been completed; use for lookup and daily tracking only."
fndds_kidney,True,False,False,USDA_FNDDS_LOOKUP_TRACKING_ONLY,not_for_plan,"Official USDA nutrient data. Mazaj+ allergen, health-condition, mood, and plan-safety review has not been completed; use for lookup and daily tracking only."
fndds_brains,True,False,False,USDA_FNDDS_LOOKUP_TRACKING_ONLY,not_for_plan,"Official USDA nutrient data. Mazaj+ allergen, health-condition, mood, and plan-safety review has not been completed; use for lookup and daily tracking only."
fndds_tongue,True,False,False,USDA_FNDDS_LOOKUP_TRACKING_ONLY,not_for_plan,"Official USDA nutrient data. Mazaj+ allergen, health-condition, mood, and plan-safety review has not been completed; use for lookup and daily tracking only."
fndds_gizzard,True,False,False,USDA_FNDDS_LOOKUP_TRACKING_ONLY,not_for_plan,"Official USDA nutrient data. Mazaj+ allergen, health-condition, mood, and plan-safety review has not been completed; use for lookup and daily tracking only."
fndds_chicken_skin,True,False,False,USDA_FNDDS_LOOKUP_TRACKING_ONLY,not_for_plan,"Official USDA nutrient data. Mazaj+ allergen, health-condition, mood, and plan-safety review has not been completed; use for lookup and daily tracking only."
fndds_chicken_back,True,False,False,USDA_FNDDS_LOOKUP_TRACKING_ONLY,not_for_plan,"Official USDA nutrient data. Mazaj+ allergen, health-condition, mood, and plan-safety review has not been completed; use for lookup and daily tracking only."
fndds_chicken_tail,True,False,False,USDA_FNDDS_LOOKUP_TRACKING_ONLY,not_for_plan,"Official USDA nutrient data. Mazaj+ allergen, health-condition, mood, and plan-safety review has not been completed; use for lookup and daily tracking only."
fndds_chicken_ground,True,False,False,USDA_FNDDS_LOOKUP_TRACKING_ONLY,not_for_plan,"Official USDA nutrient data. Mazaj+ allergen, health-condition, mood, and plan-safety review has not been completed; use for lookup and daily tracking only."
fndds_chicken_wing_stewed,True,False,False,USDA_FNDDS_LOOKUP_TRACKING_ONLY,not_for_plan,"Official USDA nutrient data. Mazaj+ allergen, health-condition, mood, and plan-safety review has not been completed; use for lookup and daily tracking only."
fndds_chicken_wing_sauteed,True,False,False,USDA_FNDDS_LOOKUP_TRACKING_ONLY,not_for_plan,"Official USDA nutrient data. Mazaj+ allergen, health-condition, mood, and plan-safety review has not been completed; use for lookup and daily tracking only."
fndds_chicken_wing_rotisserie,True,False,False,USDA_FNDDS_LOOKUP_TRACKING_ONLY,not_for_plan,"Official USDA nutrient data. Mazaj+ allergen, health-condition, mood, and plan-safety review has not been completed; use for lookup and daily tracking only."
fndds_chicken_wing_baked_coated,True,False,False,USDA_FNDDS_LOOKUP_TRACKING_ONLY,not_for_plan,"Official USDA nutrient data. Mazaj+ allergen, health-condition, mood, and plan-safety review has not been completed; use for lookup and daily tracking only."
fndds_chicken_feet,True,False,False,USDA_FNDDS_LOOKUP_TRACKING_ONLY,not_for_plan,"Official USDA nutrient data. Mazaj+ allergen, health-condition, mood, and plan-safety review has not been completed; use for lookup and daily tracking only."
fndds_chicken_wing_grilled_with_sauce,True,False,False,USDA_FNDDS_LOOKUP_TRACKING_ONLY,not_for_plan,"Official USDA nutrient data. Mazaj+ allergen, health-condition, mood, and plan-safety review has not been completed; use for lookup and daily tracking only."
fndds_chicken_chicken_roll_roasted,True,False,False,USDA_FNDDS_LOOKUP_TRACKING_ONLY,not_for_plan,"Official USDA nutrient data. Mazaj+ allergen, health-condition, mood, and plan-safety review has not been completed; use for lookup and daily tracking only."
fndds_chicken_canned_meat_only,True,False,False,USDA_FNDDS_LOOKUP_TRACKING_ONLY,not_for_plan,"Official USDA nutrient data. Mazaj+ allergen, health-condition, mood, and plan-safety review has not been completed; use for lookup and daily tracking only."
fndds_chicken_wing_grilled_without_sauce,True,False,False,USDA_FNDDS_LOOKUP_TRACKING_ONLY,not_for_plan,"Official USDA nutrient data. Mazaj+ allergen, health-condition, mood, and plan-safety review has not been completed; use for lookup and daily tracking only."
fndds_chicken_wings_plain_from_precooked,True,False,False,USDA_FNDDS_LOOKUP_TRACKING_ONLY,not_for_plan,"Official USDA nutrient data. Mazaj+ allergen, health-condition, mood, and plan-safety review has not been completed; use for lookup and daily tracking only."
fndds_chicken_neck_or_ribs,True,False,False,USDA_FNDDS_LOOKUP_TRACKING_ONLY,not_for_plan,"Official USDA nutrient data. Mazaj+ allergen, health-condition, mood, and plan-safety review has not been completed; use for lookup and daily tracking only."
fndds_chicken_thigh_stewed_skin_eaten,True,False,False,USDA_FNDDS_LOOKUP_TRACKING_ONLY,not_for_plan,"Official USDA nutrient data. Mazaj+ allergen, health-condition, mood, and plan-safety review has not been completed; use for lookup and daily tracking only."
fndds_chicken_breast_stewed_skin_eaten,True,False,False,USDA_FNDDS_LOOKUP_TRACKING_ONLY,not_for_plan,"Official USDA nutrient data. Mazaj+ allergen, health-condition, mood, and plan-safety review has not been completed; use for lookup and daily tracking only."
fndds_chicken_thigh_sauteed_skin_eaten,True,False,False,USDA_FNDDS_LOOKUP_TRACKING_ONLY,not_for_plan,"Official USDA nutrient data. Mazaj+ allergen, health-condition, mood, and plan-safety review has not been completed; use for lookup and daily tracking only."
fndds_chicken_breast_sauteed_skin_eaten,True,False,False,USDA_FNDDS_LOOKUP_TRACKING_ONLY,not_for_plan,"Official USDA nutrient data. Mazaj+ allergen, health-condition, mood, and plan-safety review has not been completed; use for lookup and daily tracking only."
fndds_chicken_wing_fried_coated_from_raw,True,False,False,USDA_FNDDS_LOOKUP_TRACKING_ONLY,not_for_plan,"Official USDA nutrient data. Mazaj+ allergen, health-condition, mood, and plan-safety review has not been completed; use for lookup and daily tracking only."
fndds_chicken_fillet_grilled,True,False,False,USDA_FNDDS_LOOKUP_TRACKING_ONLY,not_for_plan,"Official USDA nutrient data. Mazaj+ allergen, health-condition, mood, and plan-safety review has not been completed; use for lookup and daily tracking only."
fndds_chicken_patty_breaded,True,False,False,USDA_FNDDS_LOOKUP_TRACKING_ONLY,not_for_plan,"Official USDA nutrient data. Mazaj+ allergen, health-condition, mood, and plan-safety review has not been completed; use for lookup and daily tracking only."
fndds_chicken_fillet_breaded,True,False,False,USDA_FNDDS_LOOKUP_TRACKING_ONLY,not_for_plan,"Official USDA nutrient data. Mazaj+ allergen, health-condition, mood, and plan-safety review has not been completed; use for lookup and daily tracking only."
fndds_chicken_nuggets_from_frozen,True,False,False,USDA_FNDDS_LOOKUP_TRACKING_ONLY,not_for_plan,"Official USDA nutrient data. Mazaj+ allergen, health-condition, mood, and plan-safety review has not been completed; use for lookup and daily tracking only."
fndds_chicken_nuggets_from_other_sources,True,False,False,USDA_FNDDS_LOOKUP_TRACKING_ONLY,not_for_plan,"Official USDA nutrient data. Mazaj+ allergen, health-condition, mood, and plan-safety review has not been completed; use for lookup and daily tracking only."
fndds_chicken_nuggets_from_fast_food,True,False,False,USDA_FNDDS_LOOKUP_TRACKING_ONLY,not_for_plan,"Official USDA nutrient data. Mazaj+ allergen, health-condition, mood, and plan-safety review has not been completed; use for lookup and daily tracking only."
fndds_ostrich,True,False,False,USDA_FNDDS_LOOKUP_TRACKING_ONLY,not_for_plan,"Official USDA nutrient data. Mazaj+ allergen, health-condition, mood, and plan-safety review has not been completed; use for lookup and daily tracking only."
fndds_quail_cooked,True,False,False,USDA_FNDDS_LOOKUP_TRACKING_ONLY,not_for_plan,"Official USDA nutrient data. Mazaj+ allergen, health-condition, mood, and plan-safety review has not been completed; use for lookup and daily tracking only."
fndds_dove_fried,True,False,False,USDA_FNDDS_LOOKUP_TRACKING_ONLY,not_for_plan,"Official USDA nutrient data. Mazaj+ allergen, health-condition, mood, and plan-safety review has not been completed; use for lookup and daily tracking only."
fndds_pheasant_cooked,True,False,False,USDA_FNDDS_LOOKUP_TRACKING_ONLY,not_for_plan,"Official USDA nutrient data. Mazaj+ allergen, health-condition, mood, and plan-safety review has not been completed; use for lookup and daily tracking only."
fndds_turkey_neck,True,False,False,USDA_FNDDS_LOOKUP_TRACKING_ONLY,not_for_plan,"Official USDA nutrient data. Mazaj+ allergen, health-condition, mood, and plan-safety review has not been completed; use for lookup and daily tracking only."
fndds_turkey_tail,True,False,False,USDA_FNDDS_LOOKUP_TRACKING_ONLY,not_for_plan,"Official USDA nutrient data. Mazaj+ allergen, health-condition, mood, and plan-safety review has not been completed; use for lookup and daily tracking only."
fndds_turkey_back,True,False,False,USDA_FNDDS_LOOKUP_TRACKING_ONLY,not_for_plan,"Official USDA nutrient data. Mazaj+ allergen, health-condition, mood, and plan-safety review has not been completed; use for lookup and daily tracking only."
fndds_duck_peking,True,False,False,USDA_FNDDS_LOOKUP_TRACKING_ONLY,not_for_plan,"Official USDA nutrient data. Mazaj+ allergen, health-condition, mood, and plan-safety review has not been completed; use for lookup and daily tracking only."
fndds_turkey_canned,True,False,False,USDA_FNDDS_LOOKUP_TRACKING_ONLY,not_for_plan,"Official USDA nutrient data. Mazaj+ allergen, health-condition, mood, and plan-safety review has not been completed; use for lookup and daily tracking only."
fndds_turkey_ground,True,False,False,USDA_FNDDS_LOOKUP_TRACKING_ONLY,not_for_plan,"Official USDA nutrient data. Mazaj+ allergen, health-condition, mood, and plan-safety review has not been completed; use for lookup and daily tracking only."
fndds_turkey_nuggets,True,False,False,USDA_FNDDS_LOOKUP_TRACKING_ONLY,not_for_plan,"Official USDA nutrient data. Mazaj+ allergen, health-condition, mood, and plan-safety review has not been completed; use for lookup and daily tracking only."
fndds_caviar,True,False,False,USDA_FNDDS_LOOKUP_TRACKING_ONLY,not_for_plan,"Official USDA nutrient data. Mazaj+ allergen, health-condition, mood, and plan-safety review has not been completed; use for lookup and daily tracking only."
fndds_fish_raw,True,False,False,USDA_FNDDS_LOOKUP_TRACKING_ONLY,not_for_plan,"Official USDA nutrient data. Mazaj+ allergen, health-condition, mood, and plan-safety review has not been completed; use for lookup and daily tracking only."
fndds_fish_eel,True,False,False,USDA_FNDDS_LOOKUP_TRACKING_ONLY,not_for_plan,"Official USDA nutrient data. Mazaj+ allergen, health-condition, mood, and plan-safety review has not been completed; use for lookup and daily tracking only."
fndds_fish_carp,True,False,False,USDA_FNDDS_LOOKUP_TRACKING_ONLY,not_for_plan,"Official USDA nutrient data. Mazaj+ allergen, health-condition, mood, and plan-safety review has not been completed; use for lookup and daily tracking only."
fndds_fish_pike,True,False,False,USDA_FNDDS_LOOKUP_TRACKING_ONLY,not_for_plan,"Official USDA nutrient data. Mazaj+ allergen, health-condition, mood, and plan-safety review has not been completed; use for lookup and daily tracking only."
fndds_fish_stick,True,False,False,USDA_FNDDS_LOOKUP_TRACKING_ONLY,not_for_plan,"Official USDA nutrient data. Mazaj+ allergen, health-condition, mood, and plan-safety review has not been completed; use for lookup and daily tracking only."
fndds_fish_shark,True,False,False,USDA_FNDDS_LOOKUP_TRACKING_ONLY,not_for_plan,"Official USDA nutrient data. Mazaj+ allergen, health-condition, mood, and plan-safety review has not been completed; use for lookup and daily tracking only."
fndds_fish_canned,True,False,False,USDA_FNDDS_LOOKUP_TRACKING_ONLY,not_for_plan,"Official USDA nutrient data. Mazaj+ allergen, health-condition, mood, and plan-safety review has not been completed; use for lookup and daily tracking only."
fndds_fish_smoked,True,False,False,USDA_FNDDS_LOOKUP_TRACKING_ONLY,not_for_plan,"Official USDA nutrient data. Mazaj+ allergen, health-condition, mood, and plan-safety review has not been completed; use for lookup and daily tracking only."
fndds_fish_mullet,True,False,False,USDA_FNDDS_LOOKUP_TRACKING_ONLY,not_for_plan,"Official USDA nutrient data. Mazaj+ allergen, health-condition, mood, and plan-safety review has not been completed; use for lookup and daily tracking only."
fndds_fish_anchovy,True,False,False,USDA_FNDDS_LOOKUP_TRACKING_ONLY,not_for_plan,"Official USDA nutrient data. Mazaj+ allergen, health-condition, mood, and plan-safety review has not been completed; use for lookup and daily tracking only."
fndds_fish_croaker,True,False,False,USDA_FNDDS_LOOKUP_TRACKING_ONLY,not_for_plan,"Official USDA nutrient data. Mazaj+ allergen, health-condition, mood, and plan-safety review has not been completed; use for lookup and daily tracking only."
fndds_fish_halibut,True,False,False,USDA_FNDDS_LOOKUP_TRACKING_ONLY,not_for_plan,"Official USDA nutrient data. Mazaj+ allergen, health-condition, mood, and plan-safety review has not been completed; use for lookup and daily tracking only."
fndds_fish_herring,True,False,False,USDA_FNDDS_LOOKUP_TRACKING_ONLY,not_for_plan,"Official USDA nutrient data. Mazaj+ allergen, health-condition, mood, and plan-safety review has not been completed; use for lookup and daily tracking only."
fndds_fish_pickled,True,False,False,USDA_FNDDS_LOOKUP_TRACKING_ONLY,not_for_plan,"Official USDA nutrient data. Mazaj+ allergen, health-condition, mood, and plan-safety review has not been completed; use for lookup and daily tracking only."
fndds_fish_snapper,True,False,False,USDA_FNDDS_LOOKUP_TRACKING_ONLY,not_for_plan,"Official USDA nutrient data. Mazaj+ allergen, health-condition, mood, and plan-safety review has not been completed; use for lookup and daily tracking only."
fndds_fish_tuna_raw,True,False,False,USDA_FNDDS_LOOKUP_TRACKING_ONLY,not_for_plan,"Official USDA nutrient data. Mazaj+ allergen, health-condition, mood, and plan-safety review has not been completed; use for lookup and daily tracking only."
fndds_crab,True,False,False,USDA_FNDDS_LOOKUP_TRACKING_ONLY,not_for_plan,"Official USDA nutrient data. Mazaj+ allergen, health-condition, mood, and plan-safety review has not been completed; use for lookup and daily tracking only."
fndds_turtle,True,False,False,USDA_FNDDS_LOOKUP_TRACKING_ONLY,not_for_plan,"Official USDA nutrient data. Mazaj+ allergen, health-condition, mood, and plan-safety review has not been completed; use for lookup and daily tracking only."
fndds_octopus,True,False,False,USDA_FNDDS_LOOKUP_TRACKING_ONLY,not_for_plan,"Official USDA nutrient data. Mazaj+ allergen, health-condition, mood, and plan-safety review has not been completed; use for lookup and daily tracking only."
fndds_abalone,True,False,False,USDA_FNDDS_LOOKUP_TRACKING_ONLY,not_for_plan,"Official USDA nutrient data. Mazaj+ allergen, health-condition, mood, and plan-safety review has not been completed; use for lookup and daily tracking only."
fndds_lobster,True,False,False,USDA_FNDDS_LOOKUP_TRACKING_ONLY,not_for_plan,"Official USDA nutrient data. Mazaj+ allergen, health-condition, mood, and plan-safety review has not been completed; use for lookup and daily tracking only."
fndds_mussels,True,False,False,USDA_FNDDS_LOOKUP_TRACKING_ONLY,not_for_plan,"Official USDA nutrient data. Mazaj+ allergen, health-condition, mood, and plan-safety review has not been completed; use for lookup and daily tracking only."
fndds_escargot,True,False,False,USDA_FNDDS_LOOKUP_TRACKING_ONLY,not_for_plan,"Official USDA nutrient data. Mazaj+ allergen, health-condition, mood, and plan-safety review has not been completed; use for lookup and daily tracking only."
fndds_frog_legs,True,False,False,USDA_FNDDS_LOOKUP_TRACKING_ONLY,not_for_plan,"Official USDA nutrient data. Mazaj+ allergen, health-condition, mood, and plan-safety review has not been completed; use for lookup and daily tracking only."
fndds_clams_raw,True,False,False,USDA_FNDDS_LOOKUP_TRACKING_ONLY,not_for_plan,"Official USDA nutrient data. Mazaj+ allergen, health-condition, mood, and plan-safety review has not been completed; use for lookup and daily tracking only."
fndds_oysters_raw,True,False,False,USDA_FNDDS_LOOKUP_TRACKING_ONLY,not_for_plan,"Official USDA nutrient data. Mazaj+ allergen, health-condition, mood, and plan-safety review has not been completed; use for lookup and daily tracking only."
fndds_cheese_souffle,True,False,False,USDA_FNDDS_LOOKUP_TRACKING_ONLY,not_for_plan,"Official USDA nutrient data. Mazaj+ allergen, health-condition, mood, and plan-safety review has not been completed; use for lookup and daily tracking only."
fndds_duck_egg_cooked,True,False,False,USDA_FNDDS_LOOKUP_TRACKING_ONLY,not_for_plan,"Official USDA nutrient data. Mazaj+ allergen, health-condition, mood, and plan-safety review has not been completed; use for lookup and daily tracking only."
fndds_egg_creamed,True,False,False,USDA_FNDDS_LOOKUP_TRACKING_ONLY,not_for_plan,"Official USDA nutrient data. Mazaj+ allergen, health-condition, mood, and plan-safety review has not been completed; use for lookup and daily tracking only."
fndds_egg_deviled,True,False,False,USDA_FNDDS_LOOKUP_TRACKING_ONLY,not_for_plan,"Official USDA nutrient data. Mazaj+ allergen, health-condition, mood, and plan-safety review has not been completed; use for lookup and daily tracking only."
fndds_huevos_rancheros,True,False,False,USDA_FNDDS_LOOKUP_TRACKING_ONLY,not_for_plan,"Official USDA nutrient data. Mazaj+ allergen, health-condition, mood, and plan-safety review has not been completed; use for lookup and daily tracking only."
fndds_goose_egg_cooked,True,False,False,USDA_FNDDS_LOOKUP_TRACKING_ONLY,not_for_plan,"Official USDA nutrient data. Mazaj+ allergen, health-condition, mood, and plan-safety review has not been completed; use for lookup and daily tracking only."
fndds_egg_benedict,True,False,False,USDA_FNDDS_LOOKUP_TRACKING_ONLY,not_for_plan,"Official USDA nutrient data. Mazaj+ allergen, health-condition, mood, and plan-safety review has not been completed; use for lookup and daily tracking only."
fndds_quail_egg_canned,True,False,False,USDA_FNDDS_LOOKUP_TRACKING_ONLY,not_for_plan,"Official USDA nutrient data. Mazaj+ allergen, health-condition, mood, and plan-safety review has not been completed; use for lookup and daily tracking only."
fndds_egg_yolk_only_raw,True,False,False,USDA_FNDDS_LOOKUP_TRACKING_ONLY,not_for_plan,"Official USDA nutrient data. Mazaj+ allergen, health-condition, mood, and plan-safety review has not been completed; use for lookup and daily tracking only."
fndds_egg_white_only_raw,True,False,False,USDA_FNDDS_LOOKUP_TRACKING_ONLY,not_for_plan,"Official USDA nutrient data. Mazaj+ allergen, health-condition, mood, and plan-safety review has not been completed; use for lookup and daily tracking only."
fndds_egg_whole_pickled,True,False,False,USDA_FNDDS_LOOKUP_TRACKING_ONLY,not_for_plan,"Official USDA nutrient data. Mazaj+ allergen, health-condition, mood, and plan-safety review has not been completed; use for lookup and daily tracking only."
fndds_egg_whole_boiled_or_poached,True,False,False,USDA_FNDDS_LOOKUP_TRACKING_ONLY,not_for_plan,"Official USDA nutrient data. Mazaj+ allergen, health-condition, mood, and plan-safety review has not been completed; use for lookup and daily tracking only."
fndds_egg_whole_fried_with_oil,True,False,False,USDA_FNDDS_LOOKUP_TRACKING_ONLY,not_for_plan,"Official USDA nutrient data. Mazaj+ allergen, health-condition, mood, and plan-safety review has not been completed; use for lookup and daily tracking only."
fndds_egg_whole_baked_fat_added,True,False,False,USDA_FNDDS_LOOKUP_TRACKING_ONLY,not_for_plan,"Official USDA nutrient data. Mazaj+ allergen, health-condition, mood, and plan-safety review has not been completed; use for lookup and daily tracking only."
fndds_egg_salad_made_with_mayonnaise,True,False,False,USDA_FNDDS_LOOKUP_TRACKING_ONLY,not_for_plan,"Official USDA nutrient data. Mazaj+ allergen, health-condition, mood, and plan-safety review has not been completed; use for lookup and daily tracking only."
fndds_egg_white_cooked_fat_added,True,False,False,USDA_FNDDS_LOOKUP_TRACKING_ONLY,not_for_plan,"Official USDA nutrient data. Mazaj+ allergen, health-condition, mood, and plan-safety review has not been completed; use for lookup and daily tracking only."
fndds_egg_whole_fried_with_butter,True,False,False,USDA_FNDDS_LOOKUP_TRACKING_ONLY,not_for_plan,"Official USDA nutrient data. Mazaj+ allergen, health-condition, mood, and plan-safety review has not been completed; use for lookup and daily tracking only."
fndds_egg_whole_fried_no_added_fat,True,False,False,USDA_FNDDS_LOOKUP_TRACKING_ONLY,not_for_plan,"Official USDA nutrient data. Mazaj+ allergen, health-condition, mood, and plan-safety review has not been completed; use for lookup and daily tracking only."
fndds_egg_whole_baked_no_added_fat,True,False,False,USDA_FNDDS_LOOKUP_TRACKING_ONLY,not_for_plan,"Official USDA nutrient data. Mazaj+ allergen, health-condition, mood, and plan-safety review has not been completed; use for lookup and daily tracking only."
fndds_spam,True,False,False,USDA_FNDDS_LOOKUP_TRACKING_ONLY,not_for_plan,"Official USDA nutrient data. Mazaj+ allergen, health-condition, mood, and plan-safety review has not been completed; use for lookup and daily tracking only."
fndds_bologna,True,False,False,USDA_FNDDS_LOOKUP_TRACKING_ONLY,not_for_plan,"Official USDA nutrient data. Mazaj+ allergen, health-condition, mood, and plan-safety review has not been completed; use for lookup and daily tracking only."
fndds_beef_jerky,True,False,False,USDA_FNDDS_LOOKUP_TRACKING_ONLY,not_for_plan,"Official USDA nutrient data. Mazaj+ allergen, health-condition, mood, and plan-safety review has not been completed; use for lookup and daily tracking only."
fndds_pork_jerky,True,False,False,USDA_FNDDS_LOOKUP_TRACKING_ONLY,not_for_plan,"Official USDA nutrient data. Mazaj+ allergen, health-condition, mood, and plan-safety review has not been completed; use for lookup and daily tracking only."
fndds_mortadella,True,False,False,USDA_FNDDS_LOOKUP_TRACKING_ONLY,not_for_plan,"Official USDA nutrient data. Mazaj+ allergen, health-condition, mood, and plan-safety review has not been completed; use for lookup and daily tracking only."
fndds_liverwurst,True,False,False,USDA_FNDDS_LOOKUP_TRACKING_ONLY,not_for_plan,"Official USDA nutrient data. Mazaj+ allergen, health-condition, mood, and plan-safety review has not been completed; use for lookup and daily tracking only."
fndds_head_cheese,True,False,False,USDA_FNDDS_LOOKUP_TRACKING_ONLY,not_for_plan,"Official USDA nutrient data. Mazaj+ allergen, health-condition, mood, and plan-safety review has not been completed; use for lookup and daily tracking only."
fndds_pork_roll,True,False,False,USDA_FNDDS_LOOKUP_TRACKING_ONLY,not_for_plan,"Official USDA nutrient data. Mazaj+ allergen, health-condition, mood, and plan-safety review has not been completed; use for lookup and daily tracking only."
fndds_ham_canned,True,False,False,USDA_FNDDS_LOOKUP_TRACKING_ONLY,not_for_plan,"Official USDA nutrient data. Mazaj+ allergen, health-condition, mood, and plan-safety review has not been completed; use for lookup and daily tracking only."
fndds_ham_ground,True,False,False,USDA_FNDDS_LOOKUP_TRACKING_ONLY,not_for_plan,"Official USDA nutrient data. Mazaj+ allergen, health-condition, mood, and plan-safety review has not been completed; use for lookup and daily tracking only."
fndds_venison_sausage,True,False,False,USDA_FNDDS_LOOKUP_TRACKING_ONLY,not_for_plan,"Official USDA nutrient data. Mazaj+ allergen, health-condition, mood, and plan-safety review has not been completed; use for lookup and daily tracking only."
fndds_bacon_bits,True,False,False,USDA_FNDDS_LOOKUP_TRACKING_ONLY,not_for_plan,"Official USDA nutrient data. Mazaj+ allergen, health-condition, mood, and plan-safety review has not been completed; use for lookup and daily tracking only."
fndds_turkey_bacon_cooked,True,False,False,USDA_FNDDS_LOOKUP_TRACKING_ONLY,not_for_plan,"Official USDA nutrient data. Mazaj+ allergen, health-condition, mood, and plan-safety review has not been completed; use for lookup and daily tracking only."
fndds_beef_bacon_cooked,True,False,False,USDA_FNDDS_LOOKUP_TRACKING_ONLY,not_for_plan,"Official USDA nutrient data. Mazaj+ allergen, health-condition, mood, and plan-safety review has not been completed; use for lookup and daily tracking only."
fndds_bacon_or_side_pork_fresh_cooked,True,False,False,USDA_FNDDS_LOOKUP_TRACKING_ONLY,not_for_plan,"Official USDA nutrient data. Mazaj+ allergen, health-condition, mood, and plan-safety review has not been completed; use for lookup and daily tracking only."
fndds_pork_bacon_smoked_or_cured_cooked,True,False,False,USDA_FNDDS_LOOKUP_TRACKING_ONLY,not_for_plan,"Official USDA nutrient data. Mazaj+ allergen, health-condition, mood, and plan-safety review has not been completed; use for lookup and daily tracking only."
fndds_hot_dog_beef,True,False,False,USDA_FNDDS_LOOKUP_TRACKING_ONLY,not_for_plan,"Official USDA nutrient data. Mazaj+ allergen, health-condition, mood, and plan-safety review has not been completed; use for lookup and daily tracking only."
fndds_hot_dog_turkey,True,False,False,USDA_FNDDS_LOOKUP_TRACKING_ONLY,not_for_plan,"Official USDA nutrient data. Mazaj+ allergen, health-condition, mood, and plan-safety review has not been completed; use for lookup and daily tracking only."
fndds_hot_dog_reduced_fat,True,False,False,USDA_FNDDS_LOOKUP_TRACKING_ONLY,not_for_plan,"Official USDA nutrient data. Mazaj+ allergen, health-condition, mood, and plan-safety review has not been completed; use for lookup and daily tracking only."
fndds_hot_dog_meat_and_poultry,True,False,False,USDA_FNDDS_LOOKUP_TRACKING_ONLY,not_for_plan,"Official USDA nutrient data. Mazaj+ allergen, health-condition, mood, and plan-safety review has not been completed; use for lookup and daily tracking only."
fndds_chorizo,True,False,False,USDA_FNDDS_LOOKUP_TRACKING_ONLY,not_for_plan,"Official USDA nutrient data. Mazaj+ allergen, health-condition, mood, and plan-safety review has not been completed; use for lookup and daily tracking only."
fndds_bratwurst,True,False,False,USDA_FNDDS_LOOKUP_TRACKING_ONLY,not_for_plan,"Official USDA nutrient data. Mazaj+ allergen, health-condition, mood, and plan-safety review has not been completed; use for lookup and daily tracking only."
fndds_thuringer,True,False,False,USDA_FNDDS_LOOKUP_TRACKING_ONLY,not_for_plan,"Official USDA nutrient data. Mazaj+ allergen, health-condition, mood, and plan-safety review has not been completed; use for lookup and daily tracking only."
fndds_knockwurst,True,False,False,USDA_FNDDS_LOOKUP_TRACKING_ONLY,not_for_plan,"Official USDA nutrient data. Mazaj+ allergen, health-condition, mood, and plan-safety review has not been completed; use for lookup and daily tracking only."
fndds_pork_sausage,True,False,False,USDA_FNDDS_LOOKUP_TRACKING_ONLY,not_for_plan,"Official USDA nutrient data. Mazaj+ allergen, health-condition, mood, and plan-safety review has not been completed; use for lookup and daily tracking only."
fndds_blood_sausage,True,False,False,USDA_FNDDS_LOOKUP_TRACKING_ONLY,not_for_plan,"Official USDA nutrient data. Mazaj+ allergen, health-condition, mood, and plan-safety review has not been completed; use for lookup and daily tracking only."
fndds_polish_sausage,True,False,False,USDA_FNDDS_LOOKUP_TRACKING_ONLY,not_for_plan,"Official USDA nutrient data. Mazaj+ allergen, health-condition, mood, and plan-safety review has not been completed; use for lookup and daily tracking only."
fndds_dal,True,False,False,USDA_FNDDS_LOOKUP_TRACKING_ONLY,not_for_plan,"Official USDA nutrient data. Mazaj+ allergen, health-condition, mood, and plan-safety review has not been completed; use for lookup and daily tracking only."
fndds_baked_beans,True,False,False,USDA_FNDDS_LOOKUP_TRACKING_ONLY,not_for_plan,"Official USDA nutrient data. Mazaj+ allergen, health-condition, mood, and plan-safety review has not been completed; use for lookup and daily tracking only."
fndds_soy_nuts,True,False,False,USDA_FNDDS_LOOKUP_TRACKING_ONLY,not_for_plan,"Official USDA nutrient data. Mazaj+ allergen, health-condition, mood, and plan-safety review has not been completed; use for lookup and daily tracking only."
fndds_wasabi_peas,True,False,False,USDA_FNDDS_LOOKUP_TRACKING_ONLY,not_for_plan,"Official USDA nutrient data. Mazaj+ allergen, health-condition, mood, and plan-safety review has not been completed; use for lookup and daily tracking only."
fndds_refried_beans,True,False,False,USDA_FNDDS_LOOKUP_TRACKING_ONLY,not_for_plan,"Official USDA nutrient data. Mazaj+ allergen, health-condition, mood, and plan-safety review has not been completed; use for lookup and daily tracking only."
fndds_pork_and_beans,True,False,False,USDA_FNDDS_LOOKUP_TRACKING_ONLY,not_for_plan,"Official USDA nutrient data. Mazaj+ allergen, health-condition, mood, and plan-safety review has not been completed; use for lookup and daily tracking only."
fndds_edamame_cooked,True,False,False,USDA_FNDDS_LOOKUP_TRACKING_ONLY,not_for_plan,"Official USDA nutrient data. Mazaj+ allergen, health-condition, mood, and plan-safety review has not been completed; use for lookup and daily tracking only."
fndds_soybeans_cooked,True,False,False,USDA_FNDDS_LOOKUP_TRACKING_ONLY,not_for_plan,"Official USDA nutrient data. Mazaj+ allergen, health-condition, mood, and plan-safety review has not been completed; use for lookup and daily tracking only."
fndds_beans_and_franks,True,False,False,USDA_FNDDS_LOOKUP_TRACKING_ONLY,not_for_plan,"Official USDA nutrient data. Mazaj+ allergen, health-condition, mood, and plan-safety review has not been completed; use for lookup and daily tracking only."
fndds_fava_beans_cooked,True,False,False,USDA_FNDDS_LOOKUP_TRACKING_ONLY,not_for_plan,"Official USDA nutrient data. Mazaj+ allergen, health-condition, mood, and plan-safety review has not been completed; use for lookup and daily tracking only."
fndds_pink_beans_cooked,True,False,False,USDA_FNDDS_LOOKUP_TRACKING_ONLY,not_for_plan,"Official USDA nutrient data. Mazaj+ allergen, health-condition, mood, and plan-safety review has not been completed; use for lookup and daily tracking only."
fndds_mung_beans_cooked,True,False,False,USDA_FNDDS_LOOKUP_TRACKING_ONLY,not_for_plan,"Official USDA nutrient data. Mazaj+ allergen, health-condition, mood, and plan-safety review has not been completed; use for lookup and daily tracking only."
fndds_black_beans_with_meat,True,False,False,USDA_FNDDS_LOOKUP_TRACKING_ONLY,not_for_plan,"Official USDA nutrient data. Mazaj+ allergen, health-condition, mood, and plan-safety review has not been completed; use for lookup and daily tracking only."
fndds_pinto_beans_with_meat,True,False,False,USDA_FNDDS_LOOKUP_TRACKING_ONLY,not_for_plan,"Official USDA nutrient data. Mazaj+ allergen, health-condition, mood, and plan-safety review has not been completed; use for lookup and daily tracking only."
fndds_tahini,True,False,False,USDA_FNDDS_LOOKUP_TRACKING_ONLY,not_for_plan,"Official USDA nutrient data. Mazaj+ allergen, health-condition, mood, and plan-safety review has not been completed; use for lookup and daily tracking only."
fndds_chestnuts,True,False,False,USDA_FNDDS_LOOKUP_TRACKING_ONLY,not_for_plan,"Official USDA nutrient data. Mazaj+ allergen, health-condition, mood, and plan-safety review has not been completed; use for lookup and daily tracking only."
fndds_hazelnuts,True,False,False,USDA_FNDDS_LOOKUP_TRACKING_ONLY,not_for_plan,"Official USDA nutrient data. Mazaj+ allergen, health-condition, mood, and plan-safety review has not been completed; use for lookup and daily tracking only."
fndds_pine_nuts,True,False,False,USDA_FNDDS_LOOKUP_TRACKING_ONLY,not_for_plan,"Official USDA nutrient data. Mazaj+ allergen, health-condition, mood, and plan-safety review has not been completed; use for lookup and daily tracking only."
fndds_flax_seeds,True,False,False,USDA_FNDDS_LOOKUP_TRACKING_ONLY,not_for_plan,"Official USDA nutrient data. Mazaj+ allergen, health-condition, mood, and plan-safety review has not been completed; use for lookup and daily tracking only."
fndds_chia_seeds,True,False,False,USDA_FNDDS_LOOKUP_TRACKING_ONLY,not_for_plan,"Official USDA nutrient data. Mazaj+ allergen, health-condition, mood, and plan-safety review has not been completed; use for lookup and daily tracking only."
fndds_brazil_nuts,True,False,False,USDA_FNDDS_LOOKUP_TRACKING_ONLY,not_for_plan,"Official USDA nutrient data. Mazaj+ allergen, health-condition, mood, and plan-safety review has not been completed; use for lookup and daily tracking only."
fndds_mixed_seeds,True,False,False,USDA_FNDDS_LOOKUP_TRACKING_ONLY,not_for_plan,"Official USDA nutrient data. Mazaj+ allergen, health-condition, mood, and plan-safety review has not been completed; use for lookup and daily tracking only."
fndds_almond_paste,True,False,False,USDA_FNDDS_LOOKUP_TRACKING_ONLY,not_for_plan,"Official USDA nutrient data. Mazaj+ allergen, health-condition, mood, and plan-safety review has not been completed; use for lookup and daily tracking only."
fndds_sesame_seeds,True,False,False,USDA_FNDDS_LOOKUP_TRACKING_ONLY,not_for_plan,"Official USDA nutrient data. Mazaj+ allergen, health-condition, mood, and plan-safety review has not been completed; use for lookup and daily tracking only."
fndds_almond_butter,True,False,False,USDA_FNDDS_LOOKUP_TRACKING_ONLY,not_for_plan,"Official USDA nutrient data. Mazaj+ allergen, health-condition, mood, and plan-safety review has not been completed; use for lookup and daily tracking only."
fndds_cashew_butter,True,False,False,USDA_FNDDS_LOOKUP_TRACKING_ONLY,not_for_plan,"Official USDA nutrient data. Mazaj+ allergen, health-condition, mood, and plan-safety review has not been completed; use for lookup and daily tracking only."
fndds_coconut_fresh,True,False,False,USDA_FNDDS_LOOKUP_TRACKING_ONLY,not_for_plan,"Official USDA nutrient data. Mazaj+ allergen, health-condition, mood, and plan-safety review has not been completed; use for lookup and daily tracking only."
fndds_macadamia_nuts,True,False,False,USDA_FNDDS_LOOKUP_TRACKING_ONLY,not_for_plan,"Official USDA nutrient data. Mazaj+ allergen, health-condition, mood, and plan-safety review has not been completed; use for lookup and daily tracking only."
fndds_soybean_curd,True,False,False,USDA_FNDDS_LOOKUP_TRACKING_ONLY,not_for_plan,"Official USDA nutrient data. Mazaj+ allergen, health-condition, mood, and plan-safety review has not been completed; use for lookup and daily tracking only."
fndds_soy_nut_butter,True,False,False,USDA_FNDDS_LOOKUP_TRACKING_ONLY,not_for_plan,"Official USDA nutrient data. Mazaj+ allergen, health-condition, mood, and plan-safety review has not been completed; use for lookup and daily tracking only."
fndds_soybean_curd_cheese,True,False,False,USDA_FNDDS_LOOKUP_TRACKING_ONLY,not_for_plan,"Official USDA nutrient data. Mazaj+ allergen, health-condition, mood, and plan-safety review has not been completed; use for lookup and daily tracking only."
fndds_meatball_meatless,True,False,False,USDA_FNDDS_LOOKUP_TRACKING_ONLY,not_for_plan,"Official USDA nutrient data. Mazaj+ allergen, health-condition, mood, and plan-safety review has not been completed; use for lookup and daily tracking only."
fndds_vegetarian_fillet,True,False,False,USDA_FNDDS_LOOKUP_TRACKING_ONLY,not_for_plan,"Official USDA nutrient data. Mazaj+ allergen, health-condition, mood, and plan-safety review has not been completed; use for lookup and daily tracking only."
fndds_hot_dog_vegetarian,True,False,False,USDA_FNDDS_LOOKUP_TRACKING_ONLY,not_for_plan,"Official USDA nutrient data. Mazaj+ allergen, health-condition, mood, and plan-safety review has not been completed; use for lookup and daily tracking only."
fndds_bacon_strip_meatless,True,False,False,USDA_FNDDS_LOOKUP_TRACKING_ONLY,not_for_plan,"Official USDA nutrient data. Mazaj+ allergen, health-condition, mood, and plan-safety review has not been completed; use for lookup and daily tracking only."
fndds_pork_hash,True,False,False,USDA_FNDDS_LOOKUP_TRACKING_ONLY,not_for_plan,"Official USDA nutrient data. Mazaj+ allergen, health-condition, mood, and plan-safety review has not been completed; use for lookup and daily tracking only."
fndds_beef_curry,True,False,False,USDA_FNDDS_LOOKUP_TRACKING_ONLY,not_for_plan,"Official USDA nutrient data. Mazaj+ allergen, health-condition, mood, and plan-safety review has not been completed; use for lookup and daily tracking only."
fndds_beef_salad,True,False,False,USDA_FNDDS_LOOKUP_TRACKING_ONLY,not_for_plan,"Official USDA nutrient data. Mazaj+ allergen, health-condition, mood, and plan-safety review has not been completed; use for lookup and daily tracking only."
fndds_swiss_steak,True,False,False,USDA_FNDDS_LOOKUP_TRACKING_ONLY,not_for_plan,"Official USDA nutrient data. Mazaj+ allergen, health-condition, mood, and plan-safety review has not been completed; use for lookup and daily tracking only."
fndds_veal_marsala,True,False,False,USDA_FNDDS_LOOKUP_TRACKING_ONLY,not_for_plan,"Official USDA nutrient data. Mazaj+ allergen, health-condition, mood, and plan-safety review has not been completed; use for lookup and daily tracking only."
fndds_pepper_steak,True,False,False,USDA_FNDDS_LOOKUP_TRACKING_ONLY,not_for_plan,"Official USDA nutrient data. Mazaj+ allergen, health-condition, mood, and plan-safety review has not been completed; use for lookup and daily tracking only."
fndds_beef_burgundy,True,False,False,USDA_FNDDS_LOOKUP_TRACKING_ONLY,not_for_plan,"Official USDA nutrient data. Mazaj+ allergen, health-condition, mood, and plan-safety review has not been completed; use for lookup and daily tracking only."
fndds_steak_tartare,True,False,False,USDA_FNDDS_LOOKUP_TRACKING_ONLY,not_for_plan,"Official USDA nutrient data. Mazaj+ allergen, health-condition, mood, and plan-safety review has not been completed; use for lookup and daily tracking only."
fndds_sausage_gravy,True,False,False,USDA_FNDDS_LOOKUP_TRACKING_ONLY,not_for_plan,"Official USDA nutrient data. Mazaj+ allergen, health-condition, mood, and plan-safety review has not been completed; use for lookup and daily tracking only."
fndds_ham_croquette,True,False,False,USDA_FNDDS_LOOKUP_TRACKING_ONLY,not_for_plan,"Official USDA nutrient data. Mazaj+ allergen, health-condition, mood, and plan-safety review has not been completed; use for lookup and daily tracking only."
fndds_stew_pork,True,False,False,USDA_FNDDS_LOOKUP_TRACKING_ONLY,not_for_plan,"Official USDA nutrient data. Mazaj+ allergen, health-condition, mood, and plan-safety review has not been completed; use for lookup and daily tracking only."
fndds_stew_beef,True,False,False,USDA_FNDDS_LOOKUP_TRACKING_ONLY,not_for_plan,"Official USDA nutrient data. Mazaj+ allergen, health-condition, mood, and plan-safety review has not been completed; use for lookup and daily tracking only."
fndds_stew_lamb,True,False,False,USDA_FNDDS_LOOKUP_TRACKING_ONLY,not_for_plan,"Official USDA nutrient data. Mazaj+ allergen, health-condition, mood, and plan-safety review has not been completed; use for lookup and daily tracking only."
fndds_ham_stroganoff,True,False,False,USDA_FNDDS_LOOKUP_TRACKING_ONLY,not_for_plan,"Official USDA nutrient data. Mazaj+ allergen, health-condition, mood, and plan-safety review has not been completed; use for lookup and daily tracking only."
fndds_shepherd_s_pie,True,False,False,USDA_FNDDS_LOOKUP_TRACKING_ONLY,not_for_plan,"Official USDA nutrient data. Mazaj+ allergen, health-condition, mood, and plan-safety review has not been completed; use for lookup and daily tracking only."
fndds_chili_with_meat,True,False,False,USDA_FNDDS_LOOKUP_TRACKING_ONLY,not_for_plan,"Official USDA nutrient data. Mazaj+ allergen, health-condition, mood, and plan-safety review has not been completed; use for lookup and daily tracking only."
fndds_beef_with_gravy,True,False,False,USDA_FNDDS_LOOKUP_TRACKING_ONLY,not_for_plan,"Official USDA nutrient data. Mazaj+ allergen, health-condition, mood, and plan-safety review has not been completed; use for lookup and daily tracking only."
fndds_beef_stroganoff,True,False,False,USDA_FNDDS_LOOKUP_TRACKING_ONLY,not_for_plan,"Official USDA nutrient data. Mazaj+ allergen, health-condition, mood, and plan-safety review has not been completed; use for lookup and daily tracking only."
fndds_veal_scallopini,True,False,False,USDA_FNDDS_LOOKUP_TRACKING_ONLY,not_for_plan,"Official USDA nutrient data. Mazaj+ allergen, health-condition, mood, and plan-safety review has not been completed; use for lookup and daily tracking only."
fndds_veal_parmigiana,True,False,False,USDA_FNDDS_LOOKUP_TRACKING_ONLY,not_for_plan,"Official USDA nutrient data. Mazaj+ allergen, health-condition, mood, and plan-safety review has not been completed; use for lookup and daily tracking only."
fndds_chicken_kiev,True,False,False,USDA_FNDDS_LOOKUP_TRACKING_ONLY,not_for_plan,"Official USDA nutrient data. Mazaj+ allergen, health-condition, mood, and plan-safety review has not been completed; use for lookup and daily tracking only."
fndds_chicken_curry,True,False,False,USDA_FNDDS_LOOKUP_TRACKING_ONLY,not_for_plan,"Official USDA nutrient data. Mazaj+ allergen, health-condition, mood, and plan-safety review has not been completed; use for lookup and daily tracking only."
fndds_chili_white,True,False,False,USDA_FNDDS_LOOKUP_TRACKING_ONLY,not_for_plan,"Official USDA nutrient data. Mazaj+ allergen, health-condition, mood, and plan-safety review has not been completed; use for lookup and daily tracking only."
fndds_barbecue_chicken,True,False,False,USDA_FNDDS_LOOKUP_TRACKING_ONLY,not_for_plan,"Official USDA nutrient data. Mazaj+ allergen, health-condition, mood, and plan-safety review has not been completed; use for lookup and daily tracking only."
fndds_stew_chicken,True,False,False,USDA_FNDDS_LOOKUP_TRACKING_ONLY,not_for_plan,"Official USDA nutrient data. Mazaj+ allergen, health-condition, mood, and plan-safety review has not been completed; use for lookup and daily tracking only."
fndds_turkey_with_gravy,True,False,False,USDA_FNDDS_LOOKUP_TRACKING_ONLY,not_for_plan,"Official USDA nutrient data. Mazaj+ allergen, health-condition, mood, and plan-safety review has not been completed; use for lookup and daily tracking only."
fndds_chicken_cornbread,True,False,False,USDA_FNDDS_LOOKUP_TRACKING_ONLY,not_for_plan,"Official USDA nutrient data. Mazaj+ allergen, health-condition, mood, and plan-safety review has not been completed; use for lookup and daily tracking only."
fndds_chili_with_chicken,True,False,False,USDA_FNDDS_LOOKUP_TRACKING_ONLY,not_for_plan,"Official USDA nutrient data. Mazaj+ allergen, health-condition, mood, and plan-safety review has not been completed; use for lookup and daily tracking only."
fndds_chicken_with_gravy,True,False,False,USDA_FNDDS_LOOKUP_TRACKING_ONLY,not_for_plan,"Official USDA nutrient data. Mazaj+ allergen, health-condition, mood, and plan-safety review has not been completed; use for lookup and daily tracking only."
fndds_pot_pie_chicken,True,False,False,USDA_FNDDS_LOOKUP_TRACKING_ONLY,not_for_plan,"Official USDA nutrient data. Mazaj+ allergen, health-condition, mood, and plan-safety review has not been completed; use for lookup and daily tracking only."
fndds_adobo_with_rice,True,False,False,USDA_FNDDS_LOOKUP_TRACKING_ONLY,not_for_plan,"Official USDA nutrient data. Mazaj+ allergen, health-condition, mood, and plan-safety review has not been completed; use for lookup and daily tracking only."
fndds_chicken_or_turkey_hash,True,False,False,USDA_FNDDS_LOOKUP_TRACKING_ONLY,not_for_plan,"Official USDA nutrient data. Mazaj+ allergen, health-condition, mood, and plan-safety review has not been completed; use for lookup and daily tracking only."
fndds_adobo_with_noodles,True,False,False,USDA_FNDDS_LOOKUP_TRACKING_ONLY,not_for_plan,"Official USDA nutrient data. Mazaj+ allergen, health-condition, mood, and plan-safety review has not been completed; use for lookup and daily tracking only."
fndds_chicken_curry_with_rice,True,False,False,USDA_FNDDS_LOOKUP_TRACKING_ONLY,not_for_plan,"Official USDA nutrient data. Mazaj+ allergen, health-condition, mood, and plan-safety review has not been completed; use for lookup and daily tracking only."
fndds_chicken_with_mole_sauce,True,False,False,USDA_FNDDS_LOOKUP_TRACKING_ONLY,not_for_plan,"Official USDA nutrient data. Mazaj+ allergen, health-condition, mood, and plan-safety review has not been completed; use for lookup and daily tracking only."
fndds_chicken_or_turkey_divan,True,False,False,USDA_FNDDS_LOOKUP_TRACKING_ONLY,not_for_plan,"Official USDA nutrient data. Mazaj+ allergen, health-condition, mood, and plan-safety review has not been completed; use for lookup and daily tracking only."
fndds_chicken_or_turkey_souffle,True,False,False,USDA_FNDDS_LOOKUP_TRACKING_ONLY,not_for_plan,"Official USDA nutrient data. Mazaj+ allergen, health-condition, mood, and plan-safety review has not been completed; use for lookup and daily tracking only."
fndds_chicken_or_turkey_fricassee,True,False,False,USDA_FNDDS_LOOKUP_TRACKING_ONLY,not_for_plan,"Official USDA nutrient data. Mazaj+ allergen, health-condition, mood, and plan-safety review has not been completed; use for lookup and daily tracking only."
fndds_chicken_or_turkey_cacciatore,True,False,False,USDA_FNDDS_LOOKUP_TRACKING_ONLY,not_for_plan,"Official USDA nutrient data. Mazaj+ allergen, health-condition, mood, and plan-safety review has not been completed; use for lookup and daily tracking only."
fndds_chili_with_chicken_and_beans,True,False,False,USDA_FNDDS_LOOKUP_TRACKING_ONLY,not_for_plan,"Official USDA nutrient data. Mazaj+ allergen, health-condition, mood, and plan-safety review has not been completed; use for lookup and daily tracking only."
fndds_ceviche,True,False,False,USDA_FNDDS_LOOKUP_TRACKING_ONLY,not_for_plan,"Official USDA nutrient data. Mazaj+ allergen, health-condition, mood, and plan-safety review has not been completed; use for lookup and daily tracking only."
fndds_lau_lau,True,False,False,USDA_FNDDS_LOOKUP_TRACKING_ONLY,not_for_plan,"Official USDA nutrient data. Mazaj+ allergen, health-condition, mood, and plan-safety review has not been completed; use for lookup and daily tracking only."
fndds_fish_curry,True,False,False,USDA_FNDDS_LOOKUP_TRACKING_ONLY,not_for_plan,"Official USDA nutrient data. Mazaj+ allergen, health-condition, mood, and plan-safety review has not been completed; use for lookup and daily tracking only."
fndds_crab_salad,True,False,False,USDA_FNDDS_LOOKUP_TRACKING_ONLY,not_for_plan,"Official USDA nutrient data. Mazaj+ allergen, health-condition, mood, and plan-safety review has not been completed; use for lookup and daily tracking only."
fndds_lomi_salmon,True,False,False,USDA_FNDDS_LOOKUP_TRACKING_ONLY,not_for_plan,"Official USDA nutrient data. Mazaj+ allergen, health-condition, mood, and plan-safety review has not been completed; use for lookup and daily tracking only."
fndds_gefilte_fish,True,False,False,USDA_FNDDS_LOOKUP_TRACKING_ONLY,not_for_plan,"Official USDA nutrient data. Mazaj+ allergen, health-condition, mood, and plan-safety review has not been completed; use for lookup and daily tracking only."
fndds_clams_casino,True,False,False,USDA_FNDDS_LOOKUP_TRACKING_ONLY,not_for_plan,"Official USDA nutrient data. Mazaj+ allergen, health-condition, mood, and plan-safety review has not been completed; use for lookup and daily tracking only."
fndds_shrimp_toast,True,False,False,USDA_FNDDS_LOOKUP_TRACKING_ONLY,not_for_plan,"Official USDA nutrient data. Mazaj+ allergen, health-condition, mood, and plan-safety review has not been completed; use for lookup and daily tracking only."
fndds_salmon_salad,True,False,False,USDA_FNDDS_LOOKUP_TRACKING_ONLY,not_for_plan,"Official USDA nutrient data. Mazaj+ allergen, health-condition, mood, and plan-safety review has not been completed; use for lookup and daily tracking only."
fndds_shrimp_salad,True,False,False,USDA_FNDDS_LOOKUP_TRACKING_ONLY,not_for_plan,"Official USDA nutrient data. Mazaj+ allergen, health-condition, mood, and plan-safety review has not been completed; use for lookup and daily tracking only."
fndds_shrimp_gumbo,True,False,False,USDA_FNDDS_LOOKUP_TRACKING_ONLY,not_for_plan,"Official USDA nutrient data. Mazaj+ allergen, health-condition, mood, and plan-safety review has not been completed; use for lookup and daily tracking only."
fndds_lobster_salad,True,False,False,USDA_FNDDS_LOOKUP_TRACKING_ONLY,not_for_plan,"Official USDA nutrient data. Mazaj+ allergen, health-condition, mood, and plan-safety review has not been completed; use for lookup and daily tracking only."
fndds_seafood_salad,True,False,False,USDA_FNDDS_LOOKUP_TRACKING_ONLY,not_for_plan,"Official USDA nutrient data. Mazaj+ allergen, health-condition, mood, and plan-safety review has not been completed; use for lookup and daily tracking only."
fndds_lobster_gumbo,True,False,False,USDA_FNDDS_LOOKUP_TRACKING_ONLY,not_for_plan,"Official USDA nutrient data. Mazaj+ allergen, health-condition, mood, and plan-safety review has not been completed; use for lookup and daily tracking only."
fndds_stew_fish,True,False,False,USDA_FNDDS_LOOKUP_TRACKING_ONLY,not_for_plan,"Official USDA nutrient data. Mazaj+ allergen, health-condition, mood, and plan-safety review has not been completed; use for lookup and daily tracking only."
fndds_crab_cake,True,False,False,USDA_FNDDS_LOOKUP_TRACKING_ONLY,not_for_plan,"Official USDA nutrient data. Mazaj+ allergen, health-condition, mood, and plan-safety review has not been completed; use for lookup and daily tracking only."
fndds_seafood_souffle,True,False,False,USDA_FNDDS_LOOKUP_TRACKING_ONLY,not_for_plan,"Official USDA nutrient data. Mazaj+ allergen, health-condition, mood, and plan-safety review has not been completed; use for lookup and daily tracking only."
fndds_bean_cake,True,False,False,USDA_FNDDS_LOOKUP_TRACKING_ONLY,not_for_plan,"Official USDA nutrient data. Mazaj+ allergen, health-condition, mood, and plan-safety review has not been completed; use for lookup and daily tracking only."
fndds_lentil_curry,True,False,False,USDA_FNDDS_LOOKUP_TRACKING_ONLY,not_for_plan,"Official USDA nutrient data. Mazaj+ allergen, health-condition, mood, and plan-safety review has not been completed; use for lookup and daily tracking only."
fndds_black_bean_salad,True,False,False,USDA_FNDDS_LOOKUP_TRACKING_ONLY,not_for_plan,"Official USDA nutrient data. Mazaj+ allergen, health-condition, mood, and plan-safety review has not been completed; use for lookup and daily tracking only."
fndds_pot_pie_no_meat,True,False,False,USDA_FNDDS_LOOKUP_TRACKING_ONLY,not_for_plan,"Official USDA nutrient data. Mazaj+ allergen, health-condition, mood, and plan-safety review has not been completed; use for lookup and daily tracking only."
fndds_beans_and_white_rice,True,False,False,USDA_FNDDS_LOOKUP_TRACKING_ONLY,not_for_plan,"Official USDA nutrient data. Mazaj+ allergen, health-condition, mood, and plan-safety review has not been completed; use for lookup and daily tracking only."
fndds_beans_and_brown_rice,True,False,False,USDA_FNDDS_LOOKUP_TRACKING_ONLY,not_for_plan,"Official USDA nutrient data. Mazaj+ allergen, health-condition, mood, and plan-safety review has not been completed; use for lookup and daily tracking only."
fndds_chili_vegetarian,True,False,False,USDA_FNDDS_LOOKUP_TRACKING_ONLY,not_for_plan,"Official USDA nutrient data. Mazaj+ allergen, health-condition, mood, and plan-safety review has not been completed; use for lookup and daily tracking only."
fndds_vegetarian_stroganoff,True,False,False,USDA_FNDDS_LOOKUP_TRACKING_ONLY,not_for_plan,"Official USDA nutrient data. Mazaj+ allergen, health-condition, mood, and plan-safety review has not been completed; use for lookup and daily tracking only."
fndds_channa_saag,True,False,False,USDA_FNDDS_LOOKUP_TRACKING_ONLY,not_for_plan,"Official USDA nutrient data. Mazaj+ allergen, health-condition, mood, and plan-safety review has not been completed; use for lookup and daily tracking only."
fndds_ratatouille,True,False,False,USDA_FNDDS_LOOKUP_TRACKING_ONLY,not_for_plan,"Official USDA nutrient data. Mazaj+ allergen, health-condition, mood, and plan-safety review has not been completed; use for lookup and daily tracking only."
fndds_palak_paneer,True,False,False,USDA_FNDDS_LOOKUP_TRACKING_ONLY,not_for_plan,"Official USDA nutrient data. Mazaj+ allergen, health-condition, mood, and plan-safety review has not been completed; use for lookup and daily tracking only."
fndds_vegetarian_stew,True,False,False,USDA_FNDDS_LOOKUP_TRACKING_ONLY,not_for_plan,"Official USDA nutrient data. Mazaj+ allergen, health-condition, mood, and plan-safety review has not been completed; use for lookup and daily tracking only."
fndds_spinach_souffle,True,False,False,USDA_FNDDS_LOOKUP_TRACKING_ONLY,not_for_plan,"Official USDA nutrient data. Mazaj+ allergen, health-condition, mood, and plan-safety review has not been completed; use for lookup and daily tracking only."
fndds_vegetable_curry,True,False,False,USDA_FNDDS_LOOKUP_TRACKING_ONLY,not_for_plan,"Official USDA nutrient data. Mazaj+ allergen, health-condition, mood, and plan-safety review has not been completed; use for lookup and daily tracking only."
fndds_stew_vegetable,True,False,False,USDA_FNDDS_LOOKUP_TRACKING_ONLY,not_for_plan,"Official USDA nutrient data. Mazaj+ allergen, health-condition, mood, and plan-safety review has not been completed; use for lookup and daily tracking only."
fndds_green_bean_casserole,True,False,False,USDA_FNDDS_LOOKUP_TRACKING_ONLY,not_for_plan,"Official USDA nutrient data. Mazaj+ allergen, health-condition, mood, and plan-safety review has not been completed; use for lookup and daily tracking only."
fndds_mushrooms_stuffed,True,False,False,USDA_FNDDS_LOOKUP_TRACKING_ONLY,not_for_plan,"Official USDA nutrient data. Mazaj+ allergen, health-condition, mood, and plan-safety review has not been completed; use for lookup and daily tracking only."
fndds_tomatoes_scalloped,True,False,False,USDA_FNDDS_LOOKUP_TRACKING_ONLY,not_for_plan,"Official USDA nutrient data. Mazaj+ allergen, health-condition, mood, and plan-safety review has not been completed; use for lookup and daily tracking only."
fndds_idli,True,False,False,USDA_FNDDS_LOOKUP_TRACKING_ONLY,not_for_plan,"Official USDA nutrient data. Mazaj+ allergen, health-condition, mood, and plan-safety review has not been completed; use for lookup and daily tracking only."
fndds_rice_pilaf,True,False,False,USDA_FNDDS_LOOKUP_TRACKING_ONLY,not_for_plan,"Official USDA nutrient data. Mazaj+ allergen, health-condition, mood, and plan-safety review has not been completed; use for lookup and daily tracking only."
fndds_dirty_rice,True,False,False,USDA_FNDDS_LOOKUP_TRACKING_ONLY,not_for_plan,"Official USDA nutrient data. Mazaj+ allergen, health-condition, mood, and plan-safety review has not been completed; use for lookup and daily tracking only."
fndds_rice_dressing,True,False,False,USDA_FNDDS_LOOKUP_TRACKING_ONLY,not_for_plan,"Official USDA nutrient data. Mazaj+ allergen, health-condition, mood, and plan-safety review has not been completed; use for lookup and daily tracking only."
fndds_rice_croquette,True,False,False,USDA_FNDDS_LOOKUP_TRACKING_ONLY,not_for_plan,"Official USDA nutrient data. Mazaj+ allergen, health-condition, mood, and plan-safety review has not been completed; use for lookup and daily tracking only."
fndds_biryani_with_meat,True,False,False,USDA_FNDDS_LOOKUP_TRACKING_ONLY,not_for_plan,"Official USDA nutrient data. Mazaj+ allergen, health-condition, mood, and plan-safety review has not been completed; use for lookup and daily tracking only."
fndds_rice_with_raisins,True,False,False,USDA_FNDDS_LOOKUP_TRACKING_ONLY,not_for_plan,"Official USDA nutrient data. Mazaj+ allergen, health-condition, mood, and plan-safety review has not been completed; use for lookup and daily tracking only."
fndds_paella_with_seafood,True,False,False,USDA_FNDDS_LOOKUP_TRACKING_ONLY,not_for_plan,"Official USDA nutrient data. Mazaj+ allergen, health-condition, mood, and plan-safety review has not been completed; use for lookup and daily tracking only."
fndds_bibimbap_korean,True,False,False,USDA_FNDDS_LOOKUP_TRACKING_ONLY,not_for_plan,"Official USDA nutrient data. Mazaj+ allergen, health-condition, mood, and plan-safety review has not been completed; use for lookup and daily tracking only."
fndds_congee_with_egg,True,False,False,USDA_FNDDS_LOOKUP_TRACKING_ONLY,not_for_plan,"Official USDA nutrient data. Mazaj+ allergen, health-condition, mood, and plan-safety review has not been completed; use for lookup and daily tracking only."
fndds_biryani_with_chicken,True,False,False,USDA_FNDDS_LOOKUP_TRACKING_ONLY,not_for_plan,"Official USDA nutrient data. Mazaj+ allergen, health-condition, mood, and plan-safety review has not been completed; use for lookup and daily tracking only."
fndds_flavored_rice_mixture,True,False,False,USDA_FNDDS_LOOKUP_TRACKING_ONLY,not_for_plan,"Official USDA nutrient data. Mazaj+ allergen, health-condition, mood, and plan-safety review has not been completed; use for lookup and daily tracking only."
fndds_biryani_with_vegetables,True,False,False,USDA_FNDDS_LOOKUP_TRACKING_ONLY,not_for_plan,"Official USDA nutrient data. Mazaj+ allergen, health-condition, mood, and plan-safety review has not been completed; use for lookup and daily tracking only."
fndds_congee_with_vegetables,True,False,False,USDA_FNDDS_LOOKUP_TRACKING_ONLY,not_for_plan,"Official USDA nutrient data. Mazaj+ allergen, health-condition, mood, and plan-safety review has not been completed; use for lookup and daily tracking only."
fndds_spanish_rice_fat_added,True,False,False,USDA_FNDDS_LOOKUP_TRACKING_ONLY,not_for_plan,"Official USDA nutrient data. Mazaj+ allergen, health-condition, mood, and plan-safety review has not been completed; use for lookup and daily tracking only."
fndds_jambalaya_with_meat_and_rice,True,False,False,USDA_FNDDS_LOOKUP_TRACKING_ONLY,not_for_plan,"Official USDA nutrient data. Mazaj+ allergen, health-condition, mood, and plan-safety review has not been completed; use for lookup and daily tracking only."
fndds_cake_made_with_glutinous_rice,True,False,False,USDA_FNDDS_LOOKUP_TRACKING_ONLY,not_for_plan,"Official USDA nutrient data. Mazaj+ allergen, health-condition, mood, and plan-safety review has not been completed; use for lookup and daily tracking only."
fndds_flavored_pasta,True,False,False,USDA_FNDDS_LOOKUP_TRACKING_ONLY,not_for_plan,"Official USDA nutrient data. Mazaj+ allergen, health-condition, mood, and plan-safety review has not been completed; use for lookup and daily tracking only."
fndds_noodle_pudding,True,False,False,USDA_FNDDS_LOOKUP_TRACKING_ONLY,not_for_plan,"Official USDA nutrient data. Mazaj+ allergen, health-condition, mood, and plan-safety review has not been completed; use for lookup and daily tracking only."
fndds_lasagna_with_meat,True,False,False,USDA_FNDDS_LOOKUP_TRACKING_ONLY,not_for_plan,"Official USDA nutrient data. Mazaj+ allergen, health-condition, mood, and plan-safety review has not been completed; use for lookup and daily tracking only."
fndds_gnocchi_cheese,True,False,False,USDA_FNDDS_LOOKUP_TRACKING_ONLY,not_for_plan,"Official USDA nutrient data. Mazaj+ allergen, health-condition, mood, and plan-safety review has not been completed; use for lookup and daily tracking only."
fndds_gnocchi_potato,True,False,False,USDA_FNDDS_LOOKUP_TRACKING_ONLY,not_for_plan,"Official USDA nutrient data. Mazaj+ allergen, health-condition, mood, and plan-safety review has not been completed; use for lookup and daily tracking only."
fndds_lasagna_meatless,True,False,False,USDA_FNDDS_LOOKUP_TRACKING_ONLY,not_for_plan,"Official USDA nutrient data. Mazaj+ allergen, health-condition, mood, and plan-safety review has not been completed; use for lookup and daily tracking only."
fndds_lasagna_with_meat_canned,True,False,False,USDA_FNDDS_LOOKUP_TRACKING_ONLY,not_for_plan,"Official USDA nutrient data. Mazaj+ allergen, health-condition, mood, and plan-safety review has not been completed; use for lookup and daily tracking only."
fndds_lasagna_with_meat_frozen,True,False,False,USDA_FNDDS_LOOKUP_TRACKING_ONLY,not_for_plan,"Official USDA nutrient data. Mazaj+ allergen, health-condition, mood, and plan-safety review has not been completed; use for lookup and daily tracking only."
fndds_lasagna_with_meat_and_spinach,True,False,False,USDA_FNDDS_LOOKUP_TRACKING_ONLY,not_for_plan,"Official USDA nutrient data. Mazaj+ allergen, health-condition, mood, and plan-safety review has not been completed; use for lookup and daily tracking only."
fndds_lasagna_with_chicken_or_turkey,True,False,False,USDA_FNDDS_LOOKUP_TRACKING_ONLY,not_for_plan,"Official USDA nutrient data. Mazaj+ allergen, health-condition, mood, and plan-safety review has not been completed; use for lookup and daily tracking only."
fndds_macaroni_or_pasta_salad_with_egg,True,False,False,USDA_FNDDS_LOOKUP_TRACKING_ONLY,not_for_plan,"Official USDA nutrient data. Mazaj+ allergen, health-condition, mood, and plan-safety review has not been completed; use for lookup and daily tracking only."
fndds_macaroni_or_pasta_salad_with_tuna,True,False,False,USDA_FNDDS_LOOKUP_TRACKING_ONLY,not_for_plan,"Official USDA nutrient data. Mazaj+ allergen, health-condition, mood, and plan-safety review has not been completed; use for lookup and daily tracking only."
fndds_macaroni_or_pasta_salad_with_meat,True,False,False,USDA_FNDDS_LOOKUP_TRACKING_ONLY,not_for_plan,"Official USDA nutrient data. Mazaj+ allergen, health-condition, mood, and plan-safety review has not been completed; use for lookup and daily tracking only."
fndds_lasagna_with_meat_home_recipe,True,False,False,USDA_FNDDS_LOOKUP_TRACKING_ONLY,not_for_plan,"Official USDA nutrient data. Mazaj+ allergen, health-condition, mood, and plan-safety review has not been completed; use for lookup and daily tracking only."
fndds_macaroni_or_pasta_salad_with_shrimp,True,False,False,USDA_FNDDS_LOOKUP_TRACKING_ONLY,not_for_plan,"Official USDA nutrient data. Mazaj+ allergen, health-condition, mood, and plan-safety review has not been completed; use for lookup and daily tracking only."
fndds_macaroni_or_pasta_salad_with_cheese,True,False,False,USDA_FNDDS_LOOKUP_TRACKING_ONLY,not_for_plan,"Official USDA nutrient data. Mazaj+ allergen, health-condition, mood, and plan-safety review has not been completed; use for lookup and daily tracking only."
fndds_macaroni_or_pasta_salad_with_chicken,True,False,False,USDA_FNDDS_LOOKUP_TRACKING_ONLY,not_for_plan,"Official USDA nutrient data. Mazaj+ allergen, health-condition, mood, and plan-safety review has not been completed; use for lookup and daily tracking only."
fndds_ravioli_meat_filled_no_sauce,True,False,False,USDA_FNDDS_LOOKUP_TRACKING_ONLY,not_for_plan,"Official USDA nutrient data. Mazaj+ allergen, health-condition, mood, and plan-safety review has not been completed; use for lookup and daily tracking only."
fndds_macaroni_or_pasta_salad_with_crab_meat,True,False,False,USDA_FNDDS_LOOKUP_TRACKING_ONLY,not_for_plan,"Official USDA nutrient data. Mazaj+ allergen, health-condition, mood, and plan-safety review has not been completed; use for lookup and daily tracking only."
fndds_pasta_with_cream_sauce_home_recipe,True,False,False,USDA_FNDDS_LOOKUP_TRACKING_ONLY,not_for_plan,"Official USDA nutrient data. Mazaj+ allergen, health-condition, mood, and plan-safety review has not been completed; use for lookup and daily tracking only."
fndds_macaroni_or_noodles_with_cheese,True,False,False,USDA_FNDDS_LOOKUP_TRACKING_ONLY,not_for_plan,"Official USDA nutrient data. Mazaj+ allergen, health-condition, mood, and plan-safety review has not been completed; use for lookup and daily tracking only."
fndds_macaroni_or_noodles_with_cheese_and_egg,True,False,False,USDA_FNDDS_LOOKUP_TRACKING_ONLY,not_for_plan,"Official USDA nutrient data. Mazaj+ allergen, health-condition, mood, and plan-safety review has not been completed; use for lookup and daily tracking only."
fndds_macaroni_or_noodles_with_cheese_and_tuna,True,False,False,USDA_FNDDS_LOOKUP_TRACKING_ONLY,not_for_plan,"Official USDA nutrient data. Mazaj+ allergen, health-condition, mood, and plan-safety review has not been completed; use for lookup and daily tracking only."
fndds_macaroni_or_noodles_with_cheese_and_meat,True,False,False,USDA_FNDDS_LOOKUP_TRACKING_ONLY,not_for_plan,"Official USDA nutrient data. Mazaj+ allergen, health-condition, mood, and plan-safety review has not been completed; use for lookup and daily tracking only."
fndds_macaroni_or_noodles_with_cheese_and_tomato,True,False,False,USDA_FNDDS_LOOKUP_TRACKING_ONLY,not_for_plan,"Official USDA nutrient data. Mazaj+ allergen, health-condition, mood, and plan-safety review has not been completed; use for lookup and daily tracking only."
fndds_macaroni_or_noodles_with_cheese_canned,True,False,False,USDA_FNDDS_LOOKUP_TRACKING_ONLY,not_for_plan,"Official USDA nutrient data. Mazaj+ allergen, health-condition, mood, and plan-safety review has not been completed; use for lookup and daily tracking only."
fndds_macaroni_or_noodles_with_cheese_whole_grain,True,False,False,USDA_FNDDS_LOOKUP_TRACKING_ONLY,not_for_plan,"Official USDA nutrient data. Mazaj+ allergen, health-condition, mood, and plan-safety review has not been completed; use for lookup and daily tracking only."
fndds_vada,True,False,False,USDA_FNDDS_LOOKUP_TRACKING_ONLY,not_for_plan,"Official USDA nutrient data. Mazaj+ allergen, health-condition, mood, and plan-safety review has not been completed; use for lookup and daily tracking only."
fndds_knish,True,False,False,USDA_FNDDS_LOOKUP_TRACKING_ONLY,not_for_plan,"Official USDA nutrient data. Mazaj+ allergen, health-condition, mood, and plan-safety review has not been completed; use for lookup and daily tracking only."
fndds_samosa,True,False,False,USDA_FNDDS_LOOKUP_TRACKING_ONLY,not_for_plan,"Official USDA nutrient data. Mazaj+ allergen, health-condition, mood, and plan-safety review has not been completed; use for lookup and daily tracking only."
fndds_pierogi,True,False,False,USDA_FNDDS_LOOKUP_TRACKING_ONLY,not_for_plan,"Official USDA nutrient data. Mazaj+ allergen, health-condition, mood, and plan-safety review has not been completed; use for lookup and daily tracking only."
fndds_tabbouleh,True,False,False,USDA_FNDDS_LOOKUP_TRACKING_ONLY,not_for_plan,"Official USDA nutrient data. Mazaj+ allergen, health-condition, mood, and plan-safety review has not been completed; use for lookup and daily tracking only."
fndds_spanakopita,True,False,False,USDA_FNDDS_LOOKUP_TRACKING_ONLY,not_for_plan,"Official USDA nutrient data. Mazaj+ allergen, health-condition, mood, and plan-safety review has not been completed; use for lookup and daily tracking only."
fndds_bread_stuffing,True,False,False,USDA_FNDDS_LOOKUP_TRACKING_ONLY,not_for_plan,"Official USDA nutrient data. Mazaj+ allergen, health-condition, mood, and plan-safety review has not been completed; use for lookup and daily tracking only."
fndds_empanada_beef,True,False,False,USDA_FNDDS_LOOKUP_TRACKING_ONLY,not_for_plan,"Official USDA nutrient data. Mazaj+ allergen, health-condition, mood, and plan-safety review has not been completed; use for lookup and daily tracking only."
fndds_cornbread_stuffing,True,False,False,USDA_FNDDS_LOOKUP_TRACKING_ONLY,not_for_plan,"Official USDA nutrient data. Mazaj+ allergen, health-condition, mood, and plan-safety review has not been completed; use for lookup and daily tracking only."
fndds_crepe_with_meat,True,False,False,USDA_FNDDS_LOOKUP_TRACKING_ONLY,not_for_plan,"Official USDA nutrient data. Mazaj+ allergen, health-condition, mood, and plan-safety review has not been completed; use for lookup and daily tracking only."
fndds_pad_thai_with_meat,True,False,False,USDA_FNDDS_LOOKUP_TRACKING_ONLY,not_for_plan,"Official USDA nutrient data. Mazaj+ allergen, health-condition, mood, and plan-safety review has not been completed; use for lookup and daily tracking only."
fndds_lo_mein_meatless,True,False,False,USDA_FNDDS_LOOKUP_TRACKING_ONLY,not_for_plan,"Official USDA nutrient data. Mazaj+ allergen, health-condition, mood, and plan-safety review has not been completed; use for lookup and daily tracking only."
fndds_pad_thai_with_chicken,True,False,False,USDA_FNDDS_LOOKUP_TRACKING_ONLY,not_for_plan,"Official USDA nutrient data. Mazaj+ allergen, health-condition, mood, and plan-safety review has not been completed; use for lookup and daily tracking only."
fndds_pad_thai_with_seafood,True,False,False,USDA_FNDDS_LOOKUP_TRACKING_ONLY,not_for_plan,"Official USDA nutrient data. Mazaj+ allergen, health-condition, mood, and plan-safety review has not been completed; use for lookup and daily tracking only."
fndds_lo_mein_with_pork,True,False,False,USDA_FNDDS_LOOKUP_TRACKING_ONLY,not_for_plan,"Official USDA nutrient data. Mazaj+ allergen, health-condition, mood, and plan-safety review has not been completed; use for lookup and daily tracking only."
fndds_lo_mein_with_beef,True,False,False,USDA_FNDDS_LOOKUP_TRACKING_ONLY,not_for_plan,"Official USDA nutrient data. Mazaj+ allergen, health-condition, mood, and plan-safety review has not been completed; use for lookup and daily tracking only."
fndds_pad_thai_meatless,True,False,False,USDA_FNDDS_LOOKUP_TRACKING_ONLY,not_for_plan,"Official USDA nutrient data. Mazaj+ allergen, health-condition, mood, and plan-safety review has not been completed; use for lookup and daily tracking only."
fndds_lo_mein_with_shrimp,True,False,False,USDA_FNDDS_LOOKUP_TRACKING_ONLY,not_for_plan,"Official USDA nutrient data. Mazaj+ allergen, health-condition, mood, and plan-safety review has not been completed; use for lookup and daily tracking only."
fndds_lo_mein_with_chicken,True,False,False,USDA_FNDDS_LOOKUP_TRACKING_ONLY,not_for_plan,"Official USDA nutrient data. Mazaj+ allergen, health-condition, mood, and plan-safety review has not been completed; use for lookup and daily tracking only."
fndds_rice_fried_meatless,True,False,False,USDA_FNDDS_LOOKUP_TRACKING_ONLY,not_for_plan,"Official USDA nutrient data. Mazaj+ allergen, health-condition, mood, and plan-safety review has not been completed; use for lookup and daily tracking only."
fndds_hunan_beef,True,False,False,USDA_FNDDS_LOOKUP_TRACKING_ONLY,not_for_plan,"Official USDA nutrient data. Mazaj+ allergen, health-condition, mood, and plan-safety review has not been completed; use for lookup and daily tracking only."
fndds_szechuan_beef,True,False,False,USDA_FNDDS_LOOKUP_TRACKING_ONLY,not_for_plan,"Official USDA nutrient data. Mazaj+ allergen, health-condition, mood, and plan-safety review has not been completed; use for lookup and daily tracking only."
fndds_kung_pao_beef,True,False,False,USDA_FNDDS_LOOKUP_TRACKING_ONLY,not_for_plan,"Official USDA nutrient data. Mazaj+ allergen, health-condition, mood, and plan-safety review has not been completed; use for lookup and daily tracking only."
fndds_kung_pao_pork,True,False,False,USDA_FNDDS_LOOKUP_TRACKING_ONLY,not_for_plan,"Official USDA nutrient data. Mazaj+ allergen, health-condition, mood, and plan-safety review has not been completed; use for lookup and daily tracking only."
fndds_steak_teriyaki,True,False,False,USDA_FNDDS_LOOKUP_TRACKING_ONLY,not_for_plan,"Official USDA nutrient data. Mazaj+ allergen, health-condition, mood, and plan-safety review has not been completed; use for lookup and daily tracking only."
fndds_orange_chicken,True,False,False,USDA_FNDDS_LOOKUP_TRACKING_ONLY,not_for_plan,"Official USDA nutrient data. Mazaj+ allergen, health-condition, mood, and plan-safety review has not been completed; use for lookup and daily tracking only."
fndds_sesame_chicken,True,False,False,USDA_FNDDS_LOOKUP_TRACKING_ONLY,not_for_plan,"Official USDA nutrient data. Mazaj+ allergen, health-condition, mood, and plan-safety review has not been completed; use for lookup and daily tracking only."
fndds_almond_chicken,True,False,False,USDA_FNDDS_LOOKUP_TRACKING_ONLY,not_for_plan,"Official USDA nutrient data. Mazaj+ allergen, health-condition, mood, and plan-safety review has not been completed; use for lookup and daily tracking only."
fndds_shrimp_teriyaki,True,False,False,USDA_FNDDS_LOOKUP_TRACKING_ONLY,not_for_plan,"Official USDA nutrient data. Mazaj+ allergen, health-condition, mood, and plan-safety review has not been completed; use for lookup and daily tracking only."
fndds_moo_goo_gai_pan,True,False,False,USDA_FNDDS_LOOKUP_TRACKING_ONLY,not_for_plan,"Official USDA nutrient data. Mazaj+ allergen, health-condition, mood, and plan-safety review has not been completed; use for lookup and daily tracking only."
fndds_kung_pao_shrimp,True,False,False,USDA_FNDDS_LOOKUP_TRACKING_ONLY,not_for_plan,"Official USDA nutrient data. Mazaj+ allergen, health-condition, mood, and plan-safety review has not been completed; use for lookup and daily tracking only."
fndds_kung_pao_chicken,True,False,False,USDA_FNDDS_LOOKUP_TRACKING_ONLY,not_for_plan,"Official USDA nutrient data. Mazaj+ allergen, health-condition, mood, and plan-safety review has not been completed; use for lookup and daily tracking only."
fndds_beef_and_broccoli,True,False,False,USDA_FNDDS_LOOKUP_TRACKING_ONLY,not_for_plan,"Official USDA nutrient data. Mazaj+ allergen, health-condition, mood, and plan-safety review has not been completed; use for lookup and daily tracking only."
fndds_pork_egg_foo_yung,True,False,False,USDA_FNDDS_LOOKUP_TRACKING_ONLY,not_for_plan,"Official USDA nutrient data. Mazaj+ allergen, health-condition, mood, and plan-safety review has not been completed; use for lookup and daily tracking only."
fndds_bao_bun,True,False,False,USDA_FNDDS_LOOKUP_TRACKING_ONLY,not_for_plan,"Official USDA nutrient data. Mazaj+ allergen, health-condition, mood, and plan-safety review has not been completed; use for lookup and daily tracking only."
fndds_sushi_roll_tuna,True,False,False,USDA_FNDDS_LOOKUP_TRACKING_ONLY,not_for_plan,"Official USDA nutrient data. Mazaj+ allergen, health-condition, mood, and plan-safety review has not been completed; use for lookup and daily tracking only."
fndds_sushi_roll_eel,True,False,False,USDA_FNDDS_LOOKUP_TRACKING_ONLY,not_for_plan,"Official USDA nutrient data. Mazaj+ allergen, health-condition, mood, and plan-safety review has not been completed; use for lookup and daily tracking only."
fndds_bao_bun_no_meat,True,False,False,USDA_FNDDS_LOOKUP_TRACKING_ONLY,not_for_plan,"Official USDA nutrient data. Mazaj+ allergen, health-condition, mood, and plan-safety review has not been completed; use for lookup and daily tracking only."
fndds_egg_roll_meatless,True,False,False,USDA_FNDDS_LOOKUP_TRACKING_ONLY,not_for_plan,"Official USDA nutrient data. Mazaj+ allergen, health-condition, mood, and plan-safety review has not been completed; use for lookup and daily tracking only."
fndds_sushi_roll_salmon,True,False,False,USDA_FNDDS_LOOKUP_TRACKING_ONLY,not_for_plan,"Official USDA nutrient data. Mazaj+ allergen, health-condition, mood, and plan-safety review has not been completed; use for lookup and daily tracking only."
fndds_sushi_roll_shrimp,True,False,False,USDA_FNDDS_LOOKUP_TRACKING_ONLY,not_for_plan,"Official USDA nutrient data. Mazaj+ allergen, health-condition, mood, and plan-safety review has not been completed; use for lookup and daily tracking only."
fndds_sushi_roll_avocado,True,False,False,USDA_FNDDS_LOOKUP_TRACKING_ONLY,not_for_plan,"Official USDA nutrient data. Mazaj+ allergen, health-condition, mood, and plan-safety review has not been completed; use for lookup and daily tracking only."
fndds_taco_fish,True,False,False,USDA_FNDDS_LOOKUP_TRACKING_ONLY,not_for_plan,"Official USDA nutrient data. Mazaj+ allergen, health-condition, mood, and plan-safety review has not been completed; use for lookup and daily tracking only."
fndds_taco_cheese_only,True,False,False,USDA_FNDDS_LOOKUP_TRACKING_ONLY,not_for_plan,"Official USDA nutrient data. Mazaj+ allergen, health-condition, mood, and plan-safety review has not been completed; use for lookup and daily tracking only."
fndds_burrito_cheese_only,True,False,False,USDA_FNDDS_LOOKUP_TRACKING_ONLY,not_for_plan,"Official USDA nutrient data. Mazaj+ allergen, health-condition, mood, and plan-safety review has not been completed; use for lookup and daily tracking only."
fndds_taco_meat_no_cheese,True,False,False,USDA_FNDDS_LOOKUP_TRACKING_ONLY,not_for_plan,"Official USDA nutrient data. Mazaj+ allergen, health-condition, mood, and plan-safety review has not been completed; use for lookup and daily tracking only."
fndds_burrito_beef_cheese,True,False,False,USDA_FNDDS_LOOKUP_TRACKING_ONLY,not_for_plan,"Official USDA nutrient data. Mazaj+ allergen, health-condition, mood, and plan-safety review has not been completed; use for lookup and daily tracking only."
fndds_burrito_pork_cheese,True,False,False,USDA_FNDDS_LOOKUP_TRACKING_ONLY,not_for_plan,"Official USDA nutrient data. Mazaj+ allergen, health-condition, mood, and plan-safety review has not been completed; use for lookup and daily tracking only."
fndds_taco_or_tostada_salad_with_meat,True,False,False,USDA_FNDDS_LOOKUP_TRACKING_ONLY,not_for_plan,"Official USDA nutrient data. Mazaj+ allergen, health-condition, mood, and plan-safety review has not been completed; use for lookup and daily tracking only."
fndds_burrito_chicken_cheese,True,False,False,USDA_FNDDS_LOOKUP_TRACKING_ONLY,not_for_plan,"Official USDA nutrient data. Mazaj+ allergen, health-condition, mood, and plan-safety review has not been completed; use for lookup and daily tracking only."
fndds_burrito_meat_no_cheese,True,False,False,USDA_FNDDS_LOOKUP_TRACKING_ONLY,not_for_plan,"Official USDA nutrient data. Mazaj+ allergen, health-condition, mood, and plan-safety review has not been completed; use for lookup and daily tracking only."
fndds_taco_or_tostada_salad_with_chicken,True,False,False,USDA_FNDDS_LOOKUP_TRACKING_ONLY,not_for_plan,"Official USDA nutrient data. Mazaj+ allergen, health-condition, mood, and plan-safety review has not been completed; use for lookup and daily tracking only."
fndds_taco_with_beans_no_cheese,True,False,False,USDA_FNDDS_LOOKUP_TRACKING_ONLY,not_for_plan,"Official USDA nutrient data. Mazaj+ allergen, health-condition, mood, and plan-safety review has not been completed; use for lookup and daily tracking only."
fndds_burrito_with_beans_cheese,True,False,False,USDA_FNDDS_LOOKUP_TRACKING_ONLY,not_for_plan,"Official USDA nutrient data. Mazaj+ allergen, health-condition, mood, and plan-safety review has not been completed; use for lookup and daily tracking only."
fndds_nachos_chicken,True,False,False,USDA_FNDDS_LOOKUP_TRACKING_ONLY,not_for_plan,"Official USDA nutrient data. Mazaj+ allergen, health-condition, mood, and plan-safety review has not been completed; use for lookup and daily tracking only."
fndds_nachos_with_beans,True,False,False,USDA_FNDDS_LOOKUP_TRACKING_ONLY,not_for_plan,"Official USDA nutrient data. Mazaj+ allergen, health-condition, mood, and plan-safety review has not been completed; use for lookup and daily tracking only."
fndds_nachos_cheese_only,True,False,False,USDA_FNDDS_LOOKUP_TRACKING_ONLY,not_for_plan,"Official USDA nutrient data. Mazaj+ allergen, health-condition, mood, and plan-safety review has not been completed; use for lookup and daily tracking only."
fndds_nachos_beef_or_pork,True,False,False,USDA_FNDDS_LOOKUP_TRACKING_ONLY,not_for_plan,"Official USDA nutrient data. Mazaj+ allergen, health-condition, mood, and plan-safety review has not been completed; use for lookup and daily tracking only."
fndds_frito_pie,True,False,False,USDA_FNDDS_LOOKUP_TRACKING_ONLY,not_for_plan,"Official USDA nutrient data. Mazaj+ allergen, health-condition, mood, and plan-safety review has not been completed; use for lookup and daily tracking only."
fndds_chilaquiles,True,False,False,USDA_FNDDS_LOOKUP_TRACKING_ONLY,not_for_plan,"Official USDA nutrient data. Mazaj+ allergen, health-condition, mood, and plan-safety review has not been completed; use for lookup and daily tracking only."
fndds_mexican_pizza,True,False,False,USDA_FNDDS_LOOKUP_TRACKING_ONLY,not_for_plan,"Official USDA nutrient data. Mazaj+ allergen, health-condition, mood, and plan-safety review has not been completed; use for lookup and daily tracking only."
fndds_tamale_beef,True,False,False,USDA_FNDDS_LOOKUP_TRACKING_ONLY,not_for_plan,"Official USDA nutrient data. Mazaj+ allergen, health-condition, mood, and plan-safety review has not been completed; use for lookup and daily tracking only."
fndds_tamale_pork,True,False,False,USDA_FNDDS_LOOKUP_TRACKING_ONLY,not_for_plan,"Official USDA nutrient data. Mazaj+ allergen, health-condition, mood, and plan-safety review has not been completed; use for lookup and daily tracking only."
fndds_pupusa_meat,True,False,False,USDA_FNDDS_LOOKUP_TRACKING_ONLY,not_for_plan,"Official USDA nutrient data. Mazaj+ allergen, health-condition, mood, and plan-safety review has not been completed; use for lookup and daily tracking only."
fndds_gordita_meat,True,False,False,USDA_FNDDS_LOOKUP_TRACKING_ONLY,not_for_plan,"Official USDA nutrient data. Mazaj+ allergen, health-condition, mood, and plan-safety review has not been completed; use for lookup and daily tracking only."
fndds_fajita_shrimp,True,False,False,USDA_FNDDS_LOOKUP_TRACKING_ONLY,not_for_plan,"Official USDA nutrient data. Mazaj+ allergen, health-condition, mood, and plan-safety review has not been completed; use for lookup and daily tracking only."
fndds_enchilada_beef,True,False,False,USDA_FNDDS_LOOKUP_TRACKING_ONLY,not_for_plan,"Official USDA nutrient data. Mazaj+ allergen, health-condition, mood, and plan-safety review has not been completed; use for lookup and daily tracking only."
fndds_enchilada_pork,True,False,False,USDA_FNDDS_LOOKUP_TRACKING_ONLY,not_for_plan,"Official USDA nutrient data. Mazaj+ allergen, health-condition, mood, and plan-safety review has not been completed; use for lookup and daily tracking only."
fndds_tamale_chicken,True,False,False,USDA_FNDDS_LOOKUP_TRACKING_ONLY,not_for_plan,"Official USDA nutrient data. Mazaj+ allergen, health-condition, mood, and plan-safety review has not been completed; use for lookup and daily tracking only."
fndds_tamale_no_meat,True,False,False,USDA_FNDDS_LOOKUP_TRACKING_ONLY,not_for_plan,"Official USDA nutrient data. Mazaj+ allergen, health-condition, mood, and plan-safety review has not been completed; use for lookup and daily tracking only."
fndds_pizza_rolls,True,False,False,USDA_FNDDS_LOOKUP_TRACKING_ONLY,not_for_plan,"Official USDA nutrient data. Mazaj+ allergen, health-condition, mood, and plan-safety review has not been completed; use for lookup and daily tracking only."
fndds_topping_from_meat_pizza,True,False,False,USDA_FNDDS_LOOKUP_TRACKING_ONLY,not_for_plan,"Official USDA nutrient data. Mazaj+ allergen, health-condition, mood, and plan-safety review has not been completed; use for lookup and daily tracking only."
fndds_topping_from_cheese_pizza,True,False,False,USDA_FNDDS_LOOKUP_TRACKING_ONLY,not_for_plan,"Official USDA nutrient data. Mazaj+ allergen, health-condition, mood, and plan-safety review has not been completed; use for lookup and daily tracking only."
fndds_topping_from_vegetable_pizza,True,False,False,USDA_FNDDS_LOOKUP_TRACKING_ONLY,not_for_plan,"Official USDA nutrient data. Mazaj+ allergen, health-condition, mood, and plan-safety review has not been completed; use for lookup and daily tracking only."
fndds_calzone_with_meat_and_cheese,True,False,False,USDA_FNDDS_LOOKUP_TRACKING_ONLY,not_for_plan,"Official USDA nutrient data. Mazaj+ allergen, health-condition, mood, and plan-safety review has not been completed; use for lookup and daily tracking only."
fndds_pizza_cheese_stuffed_crust,True,False,False,USDA_FNDDS_LOOKUP_TRACKING_ONLY,not_for_plan,"Official USDA nutrient data. Mazaj+ allergen, health-condition, mood, and plan-safety review has not been completed; use for lookup and daily tracking only."
fndds_pizza_no_cheese_thin_crust,True,False,False,USDA_FNDDS_LOOKUP_TRACKING_ONLY,not_for_plan,"Official USDA nutrient data. Mazaj+ allergen, health-condition, mood, and plan-safety review has not been completed; use for lookup and daily tracking only."
fndds_pizza_no_cheese_thick_crust,True,False,False,USDA_FNDDS_LOOKUP_TRACKING_ONLY,not_for_plan,"Official USDA nutrient data. Mazaj+ allergen, health-condition, mood, and plan-safety review has not been completed; use for lookup and daily tracking only."
fndds_pizza_with_extra_meat_thin_crust,True,False,False,USDA_FNDDS_LOOKUP_TRACKING_ONLY,not_for_plan,"Official USDA nutrient data. Mazaj+ allergen, health-condition, mood, and plan-safety review has not been completed; use for lookup and daily tracking only."
fndds_topping_from_meat_and_vegetable_pizza,True,False,False,USDA_FNDDS_LOOKUP_TRACKING_ONLY,not_for_plan,"Official USDA nutrient data. Mazaj+ allergen, health-condition, mood, and plan-safety review has not been completed; use for lookup and daily tracking only."
fndds_calzone_with_cheese_meatless,True,False,False,USDA_FNDDS_LOOKUP_TRACKING_ONLY,not_for_plan,"Official USDA nutrient data. Mazaj+ allergen, health-condition, mood, and plan-safety review has not been completed; use for lookup and daily tracking only."
fndds_pizza_with_extra_meat_thick_crust,True,False,False,USDA_FNDDS_LOOKUP_TRACKING_ONLY,not_for_plan,"Official USDA nutrient data. Mazaj+ allergen, health-condition, mood, and plan-safety review has not been completed; use for lookup and daily tracking only."
fndds_pizza_extra_cheese_thin_crust,True,False,False,USDA_FNDDS_LOOKUP_TRACKING_ONLY,not_for_plan,"Official USDA nutrient data. Mazaj+ allergen, health-condition, mood, and plan-safety review has not been completed; use for lookup and daily tracking only."
fndds_white_pizza_cheese_thin_crust,True,False,False,USDA_FNDDS_LOOKUP_TRACKING_ONLY,not_for_plan,"Official USDA nutrient data. Mazaj+ allergen, health-condition, mood, and plan-safety review has not been completed; use for lookup and daily tracking only."
fndds_pizza_with_pepperoni_stuffed_crust,True,False,False,USDA_FNDDS_LOOKUP_TRACKING_ONLY,not_for_plan,"Official USDA nutrient data. Mazaj+ allergen, health-condition, mood, and plan-safety review has not been completed; use for lookup and daily tracking only."
fndds_pizza_with_extra_meat_medium_crust,True,False,False,USDA_FNDDS_LOOKUP_TRACKING_ONLY,not_for_plan,"Official USDA nutrient data. Mazaj+ allergen, health-condition, mood, and plan-safety review has not been completed; use for lookup and daily tracking only."
fndds_hamburger_slider,True,False,False,USDA_FNDDS_LOOKUP_TRACKING_ONLY,not_for_plan,"Official USDA nutrient data. Mazaj+ allergen, health-condition, mood, and plan-safety review has not been completed; use for lookup and daily tracking only."
fndds_cheeseburger_slider,True,False,False,USDA_FNDDS_LOOKUP_TRACKING_ONLY,not_for_plan,"Official USDA nutrient data. Mazaj+ allergen, health-condition, mood, and plan-safety review has not been completed; use for lookup and daily tracking only."
fndds_big_mac_mcdonalds,True,False,False,USDA_FNDDS_LOOKUP_TRACKING_ONLY,not_for_plan,"Official USDA nutrient data. Mazaj+ allergen, health-condition, mood, and plan-safety review has not been completed; use for lookup and daily tracking only."
fndds_mcdouble_mcdonalds,True,False,False,USDA_FNDDS_LOOKUP_TRACKING_ONLY,not_for_plan,"Official USDA nutrient data. Mazaj+ allergen, health-condition, mood, and plan-safety review has not been completed; use for lookup and daily tracking only."
fndds_hamburger_mcdonalds,True,False,False,USDA_FNDDS_LOOKUP_TRACKING_ONLY,not_for_plan,"Official USDA nutrient data. Mazaj+ allergen, health-condition, mood, and plan-safety review has not been completed; use for lookup and daily tracking only."
fndds_whopper_burger_king,True,False,False,USDA_FNDDS_LOOKUP_TRACKING_ONLY,not_for_plan,"Official USDA nutrient data. Mazaj+ allergen, health-condition, mood, and plan-safety review has not been completed; use for lookup and daily tracking only."
fndds_hamburger_burger_king,True,False,False,USDA_FNDDS_LOOKUP_TRACKING_ONLY,not_for_plan,"Official USDA nutrient data. Mazaj+ allergen, health-condition, mood, and plan-safety review has not been completed; use for lookup and daily tracking only."
fndds_cheeseburger_mcdonalds,True,False,False,USDA_FNDDS_LOOKUP_TRACKING_ONLY,not_for_plan,"Official USDA nutrient data. Mazaj+ allergen, health-condition, mood, and plan-safety review has not been completed; use for lookup and daily tracking only."
fndds_whopper_jr_burger_king,True,False,False,USDA_FNDDS_LOOKUP_TRACKING_ONLY,not_for_plan,"Official USDA nutrient data. Mazaj+ allergen, health-condition, mood, and plan-safety review has not been completed; use for lookup and daily tracking only."
fndds_cheeseburger_burger_king,True,False,False,USDA_FNDDS_LOOKUP_TRACKING_ONLY,not_for_plan,"Official USDA nutrient data. Mazaj+ allergen, health-condition, mood, and plan-safety review has not been completed; use for lookup and daily tracking only."
fndds_quarter_pounder_mcdonalds,True,False,False,USDA_FNDDS_LOOKUP_TRACKING_ONLY,not_for_plan,"Official USDA nutrient data. Mazaj+ allergen, health-condition, mood, and plan-safety review has not been completed; use for lookup and daily tracking only."
fndds_double_cheeseburger_mcdonalds,True,False,False,USDA_FNDDS_LOOKUP_TRACKING_ONLY,not_for_plan,"Official USDA nutrient data. Mazaj+ allergen, health-condition, mood, and plan-safety review has not been completed; use for lookup and daily tracking only."
fndds_whopper_with_cheese_burger_king,True,False,False,USDA_FNDDS_LOOKUP_TRACKING_ONLY,not_for_plan,"Official USDA nutrient data. Mazaj+ allergen, health-condition, mood, and plan-safety review has not been completed; use for lookup and daily tracking only."
fndds_double_cheeseburger_burger_king,True,False,False,USDA_FNDDS_LOOKUP_TRACKING_ONLY,not_for_plan,"Official USDA nutrient data. Mazaj+ allergen, health-condition, mood, and plan-safety review has not been completed; use for lookup and daily tracking only."
fndds_corn_dog,True,False,False,USDA_FNDDS_LOOKUP_TRACKING_ONLY,not_for_plan,"Official USDA nutrient data. Mazaj+ allergen, health-condition, mood, and plan-safety review has not been completed; use for lookup and daily tracking only."
fndds_pig_in_a_blanket,True,False,False,USDA_FNDDS_LOOKUP_TRACKING_ONLY,not_for_plan,"Official USDA nutrient data. Mazaj+ allergen, health-condition, mood, and plan-safety review has not been completed; use for lookup and daily tracking only."
fndds_italian_sausage_sandwich_on_white,True,False,False,USDA_FNDDS_LOOKUP_TRACKING_ONLY,not_for_plan,"Official USDA nutrient data. Mazaj+ allergen, health-condition, mood, and plan-safety review has not been completed; use for lookup and daily tracking only."
fndds_chili_hot_dog_sandwich_on_white_bun,True,False,False,USDA_FNDDS_LOOKUP_TRACKING_ONLY,not_for_plan,"Official USDA nutrient data. Mazaj+ allergen, health-condition, mood, and plan-safety review has not been completed; use for lookup and daily tracking only."
fndds_chili_hot_dog_sandwich_on_wheat_bun,True,False,False,USDA_FNDDS_LOOKUP_TRACKING_ONLY,not_for_plan,"Official USDA nutrient data. Mazaj+ allergen, health-condition, mood, and plan-safety review has not been completed; use for lookup and daily tracking only."
fndds_chili_hot_dog_sandwich_on_white_bread,True,False,False,USDA_FNDDS_LOOKUP_TRACKING_ONLY,not_for_plan,"Official USDA nutrient data. Mazaj+ allergen, health-condition, mood, and plan-safety review has not been completed; use for lookup and daily tracking only."
fndds_chili_hot_dog_sandwich_on_wheat_bread,True,False,False,USDA_FNDDS_LOOKUP_TRACKING_ONLY,not_for_plan,"Official USDA nutrient data. Mazaj+ allergen, health-condition, mood, and plan-safety review has not been completed; use for lookup and daily tracking only."
fndds_hot_dog_sandwich_beef_on_white_bun,True,False,False,USDA_FNDDS_LOOKUP_TRACKING_ONLY,not_for_plan,"Official USDA nutrient data. Mazaj+ allergen, health-condition, mood, and plan-safety review has not been completed; use for lookup and daily tracking only."
fndds_hot_dog_sandwich_beef_on_wheat_bun,True,False,False,USDA_FNDDS_LOOKUP_TRACKING_ONLY,not_for_plan,"Official USDA nutrient data. Mazaj+ allergen, health-condition, mood, and plan-safety review has not been completed; use for lookup and daily tracking only."
fndds_chicken_salad_sandwich_wrap,True,False,False,USDA_FNDDS_LOOKUP_TRACKING_ONLY,not_for_plan,"Official USDA nutrient data. Mazaj+ allergen, health-condition, mood, and plan-safety review has not been completed; use for lookup and daily tracking only."
fndds_chicken_salad_sandwich_on_white,True,False,False,USDA_FNDDS_LOOKUP_TRACKING_ONLY,not_for_plan,"Official USDA nutrient data. Mazaj+ allergen, health-condition, mood, and plan-safety review has not been completed; use for lookup and daily tracking only."
fndds_chicken_salad_sandwich_on_wheat,True,False,False,USDA_FNDDS_LOOKUP_TRACKING_ONLY,not_for_plan,"Official USDA nutrient data. Mazaj+ allergen, health-condition, mood, and plan-safety review has not been completed; use for lookup and daily tracking only."
fndds_chicken_fillet_sandwich_grilled_on_white_bun,True,False,False,USDA_FNDDS_LOOKUP_TRACKING_ONLY,not_for_plan,"Official USDA nutrient data. Mazaj+ allergen, health-condition, mood, and plan-safety review has not been completed; use for lookup and daily tracking only."
fndds_chicken_fillet_sandwich_grilled_on_wheat_bun,True,False,False,USDA_FNDDS_LOOKUP_TRACKING_ONLY,not_for_plan,"Official USDA nutrient data. Mazaj+ allergen, health-condition, mood, and plan-safety review has not been completed; use for lookup and daily tracking only."
fndds_chicken_fillet_biscuit_from_fast_food,True,False,False,USDA_FNDDS_LOOKUP_TRACKING_ONLY,not_for_plan,"Official USDA nutrient data. Mazaj+ allergen, health-condition, mood, and plan-safety review has not been completed; use for lookup and daily tracking only."
fndds_chicken_fillet_sandwich_fried_on_white_bun,True,False,False,USDA_FNDDS_LOOKUP_TRACKING_ONLY,not_for_plan,"Official USDA nutrient data. Mazaj+ allergen, health-condition, mood, and plan-safety review has not been completed; use for lookup and daily tracking only."
fndds_egg_burrito,True,False,False,USDA_FNDDS_LOOKUP_TRACKING_ONLY,not_for_plan,"Official USDA nutrient data. Mazaj+ allergen, health-condition, mood, and plan-safety review has not been completed; use for lookup and daily tracking only."
fndds_taquito_egg,True,False,False,USDA_FNDDS_LOOKUP_TRACKING_ONLY,not_for_plan,"Official USDA nutrient data. Mazaj+ allergen, health-condition, mood, and plan-safety review has not been completed; use for lookup and daily tracking only."
fndds_egg_white_sandwich,True,False,False,USDA_FNDDS_LOOKUP_TRACKING_ONLY,not_for_plan,"Official USDA nutrient data. Mazaj+ allergen, health-condition, mood, and plan-safety review has not been completed; use for lookup and daily tracking only."
fndds_biscuit_with_gravy,True,False,False,USDA_FNDDS_LOOKUP_TRACKING_ONLY,not_for_plan,"Official USDA nutrient data. Mazaj+ allergen, health-condition, mood, and plan-safety review has not been completed; use for lookup and daily tracking only."
fndds_quesadilla_egg,True,False,False,USDA_FNDDS_LOOKUP_TRACKING_ONLY,not_for_plan,"Official USDA nutrient data. Mazaj+ allergen, health-condition, mood, and plan-safety review has not been completed; use for lookup and daily tracking only."
fndds_ham_biscuit_sandwich,True,False,False,USDA_FNDDS_LOOKUP_TRACKING_ONLY,not_for_plan,"Official USDA nutrient data. Mazaj+ allergen, health-condition, mood, and plan-safety review has not been completed; use for lookup and daily tracking only."
fndds_egg_sandwich_on_bagel,True,False,False,USDA_FNDDS_LOOKUP_TRACKING_ONLY,not_for_plan,"Official USDA nutrient data. Mazaj+ allergen, health-condition, mood, and plan-safety review has not been completed; use for lookup and daily tracking only."
fndds_bacon_biscuit_sandwich,True,False,False,USDA_FNDDS_LOOKUP_TRACKING_ONLY,not_for_plan,"Official USDA nutrient data. Mazaj+ allergen, health-condition, mood, and plan-safety review has not been completed; use for lookup and daily tracking only."
fndds_egg_sandwich_on_biscuit,True,False,False,USDA_FNDDS_LOOKUP_TRACKING_ONLY,not_for_plan,"Official USDA nutrient data. Mazaj+ allergen, health-condition, mood, and plan-safety review has not been completed; use for lookup and daily tracking only."
fndds_sausage_biscuit_sandwich,True,False,False,USDA_FNDDS_LOOKUP_TRACKING_ONLY,not_for_plan,"Official USDA nutrient data. Mazaj+ allergen, health-condition, mood, and plan-safety review has not been completed; use for lookup and daily tracking only."
fndds_breakfast_pizza_with_egg,True,False,False,USDA_FNDDS_LOOKUP_TRACKING_ONLY,not_for_plan,"Official USDA nutrient data. Mazaj+ allergen, health-condition, mood, and plan-safety review has not been completed; use for lookup and daily tracking only."
fndds_egg_burrito_with_ham,True,False,False,USDA_FNDDS_LOOKUP_TRACKING_ONLY,not_for_plan,"Official USDA nutrient data. Mazaj+ allergen, health-condition, mood, and plan-safety review has not been completed; use for lookup and daily tracking only."
fndds_cheese_sandwich_cheddar_cheese_on_white_bread,True,False,False,USDA_FNDDS_LOOKUP_TRACKING_ONLY,not_for_plan,"Official USDA nutrient data. Mazaj+ allergen, health-condition, mood, and plan-safety review has not been completed; use for lookup and daily tracking only."
fndds_cheese_sandwich_cheddar_cheese_on_wheat_bread,True,False,False,USDA_FNDDS_LOOKUP_TRACKING_ONLY,not_for_plan,"Official USDA nutrient data. Mazaj+ allergen, health-condition, mood, and plan-safety review has not been completed; use for lookup and daily tracking only."
fndds_cheese_sandwich_american_cheese_on_white_bread,True,False,False,USDA_FNDDS_LOOKUP_TRACKING_ONLY,not_for_plan,"Official USDA nutrient data. Mazaj+ allergen, health-condition, mood, and plan-safety review has not been completed; use for lookup and daily tracking only."
fndds_cheese_sandwich_american_cheese_on_wheat_bread,True,False,False,USDA_FNDDS_LOOKUP_TRACKING_ONLY,not_for_plan,"Official USDA nutrient data. Mazaj+ allergen, health-condition, mood, and plan-safety review has not been completed; use for lookup and daily tracking only."
fndds_grilled_cheese_sandwich_cheddar_cheese_on_white_bread,True,False,False,USDA_FNDDS_LOOKUP_TRACKING_ONLY,not_for_plan,"Official USDA nutrient data. Mazaj+ allergen, health-condition, mood, and plan-safety review has not been completed; use for lookup and daily tracking only."
fndds_grilled_cheese_sandwich_cheddar_cheese_on_wheat_bread,True,False,False,USDA_FNDDS_LOOKUP_TRACKING_ONLY,not_for_plan,"Official USDA nutrient data. Mazaj+ allergen, health-condition, mood, and plan-safety review has not been completed; use for lookup and daily tracking only."
fndds_nutella_sandwich_on_white_bread,True,False,False,USDA_FNDDS_LOOKUP_TRACKING_ONLY,not_for_plan,"Official USDA nutrient data. Mazaj+ allergen, health-condition, mood, and plan-safety review has not been completed; use for lookup and daily tracking only."
fndds_nutella_sandwich_on_wheat_bread,True,False,False,USDA_FNDDS_LOOKUP_TRACKING_ONLY,not_for_plan,"Official USDA nutrient data. Mazaj+ allergen, health-condition, mood, and plan-safety review has not been completed; use for lookup and daily tracking only."
fndds_jelly_sandwich_on_white_bread,True,False,False,USDA_FNDDS_LOOKUP_TRACKING_ONLY,not_for_plan,"Official USDA nutrient data. Mazaj+ allergen, health-condition, mood, and plan-safety review has not been completed; use for lookup and daily tracking only."
fndds_jelly_sandwich_on_wheat_bread,True,False,False,USDA_FNDDS_LOOKUP_TRACKING_ONLY,not_for_plan,"Official USDA nutrient data. Mazaj+ allergen, health-condition, mood, and plan-safety review has not been completed; use for lookup and daily tracking only."
fndds_almond_butter_sandwich_on_white_bread,True,False,False,USDA_FNDDS_LOOKUP_TRACKING_ONLY,not_for_plan,"Official USDA nutrient data. Mazaj+ allergen, health-condition, mood, and plan-safety review has not been completed; use for lookup and daily tracking only."
fndds_almond_butter_sandwich_on_wheat_bread,True,False,False,USDA_FNDDS_LOOKUP_TRACKING_ONLY,not_for_plan,"Official USDA nutrient data. Mazaj+ allergen, health-condition, mood, and plan-safety review has not been completed; use for lookup and daily tracking only."
fndds_almond_butter_and_jelly_sandwich_on_white_bread,True,False,False,USDA_FNDDS_LOOKUP_TRACKING_ONLY,not_for_plan,"Official USDA nutrient data. Mazaj+ allergen, health-condition, mood, and plan-safety review has not been completed; use for lookup and daily tracking only."
fndds_sardine_sandwich,True,False,False,USDA_FNDDS_LOOKUP_TRACKING_ONLY,not_for_plan,"Official USDA nutrient data. Mazaj+ allergen, health-condition, mood, and plan-safety review has not been completed; use for lookup and daily tracking only."
fndds_crab_cake_sandwich,True,False,False,USDA_FNDDS_LOOKUP_TRACKING_ONLY,not_for_plan,"Official USDA nutrient data. Mazaj+ allergen, health-condition, mood, and plan-safety review has not been completed; use for lookup and daily tracking only."
fndds_fish_wrap_sandwich,True,False,False,USDA_FNDDS_LOOKUP_TRACKING_ONLY,not_for_plan,"Official USDA nutrient data. Mazaj+ allergen, health-condition, mood, and plan-safety review has not been completed; use for lookup and daily tracking only."
fndds_salmon_cake_sandwich,True,False,False,USDA_FNDDS_LOOKUP_TRACKING_ONLY,not_for_plan,"Official USDA nutrient data. Mazaj+ allergen, health-condition, mood, and plan-safety review has not been completed; use for lookup and daily tracking only."
fndds_fish_sandwich_grilled,True,False,False,USDA_FNDDS_LOOKUP_TRACKING_ONLY,not_for_plan,"Official USDA nutrient data. Mazaj+ allergen, health-condition, mood, and plan-safety review has not been completed; use for lookup and daily tracking only."
fndds_fried_seafood_sandwich,True,False,False,USDA_FNDDS_LOOKUP_TRACKING_ONLY,not_for_plan,"Official USDA nutrient data. Mazaj+ allergen, health-condition, mood, and plan-safety review has not been completed; use for lookup and daily tracking only."
fndds_seafood_salad_sandwich,True,False,False,USDA_FNDDS_LOOKUP_TRACKING_ONLY,not_for_plan,"Official USDA nutrient data. Mazaj+ allergen, health-condition, mood, and plan-safety review has not been completed; use for lookup and daily tracking only."
fndds_spam_sandwich,True,False,False,USDA_FNDDS_LOOKUP_TRACKING_ONLY,not_for_plan,"Official USDA nutrient data. Mazaj+ allergen, health-condition, mood, and plan-safety review has not been completed; use for lookup and daily tracking only."
fndds_reuben_sandwich,True,False,False,USDA_FNDDS_LOOKUP_TRACKING_ONLY,not_for_plan,"Official USDA nutrient data. Mazaj+ allergen, health-condition, mood, and plan-safety review has not been completed; use for lookup and daily tracking only."
fndds_ham_sandwich_wrap,True,False,False,USDA_FNDDS_LOOKUP_TRACKING_ONLY,not_for_plan,"Official USDA nutrient data. Mazaj+ allergen, health-condition, mood, and plan-safety review has not been completed; use for lookup and daily tracking only."
fndds_french_dip_sandwich,True,False,False,USDA_FNDDS_LOOKUP_TRACKING_ONLY,not_for_plan,"Official USDA nutrient data. Mazaj+ allergen, health-condition, mood, and plan-safety review has not been completed; use for lookup and daily tracking only."
fndds_turkey_sandwich_wrap,True,False,False,USDA_FNDDS_LOOKUP_TRACKING_ONLY,not_for_plan,"Official USDA nutrient data. Mazaj+ allergen, health-condition, mood, and plan-safety review has not been completed; use for lookup and daily tracking only."
fndds_ham_sandwich_on_white,True,False,False,USDA_FNDDS_LOOKUP_TRACKING_ONLY,not_for_plan,"Official USDA nutrient data. Mazaj+ allergen, health-condition, mood, and plan-safety review has not been completed; use for lookup and daily tracking only."
fndds_ham_sandwich_on_wheat,True,False,False,USDA_FNDDS_LOOKUP_TRACKING_ONLY,not_for_plan,"Official USDA nutrient data. Mazaj+ allergen, health-condition, mood, and plan-safety review has not been completed; use for lookup and daily tracking only."
fndds_club_sandwich_on_white,True,False,False,USDA_FNDDS_LOOKUP_TRACKING_ONLY,not_for_plan,"Official USDA nutrient data. Mazaj+ allergen, health-condition, mood, and plan-safety review has not been completed; use for lookup and daily tracking only."
fndds_club_sandwich_on_wheat,True,False,False,USDA_FNDDS_LOOKUP_TRACKING_ONLY,not_for_plan,"Official USDA nutrient data. Mazaj+ allergen, health-condition, mood, and plan-safety review has not been completed; use for lookup and daily tracking only."
fndds_turkey_sandwich_on_white,True,False,False,USDA_FNDDS_LOOKUP_TRACKING_ONLY,not_for_plan,"Official USDA nutrient data. Mazaj+ allergen, health-condition, mood, and plan-safety review has not been completed; use for lookup and daily tracking only."
fndds_turkey_sandwich_on_wheat,True,False,False,USDA_FNDDS_LOOKUP_TRACKING_ONLY,not_for_plan,"Official USDA nutrient data. Mazaj+ allergen, health-condition, mood, and plan-safety review has not been completed; use for lookup and daily tracking only."
fndds_salami_sandwich_on_white,True,False,False,USDA_FNDDS_LOOKUP_TRACKING_ONLY,not_for_plan,"Official USDA nutrient data. Mazaj+ allergen, health-condition, mood, and plan-safety review has not been completed; use for lookup and daily tracking only."
fndds_salami_sandwich_on_wheat,True,False,False,USDA_FNDDS_LOOKUP_TRACKING_ONLY,not_for_plan,"Official USDA nutrient data. Mazaj+ allergen, health-condition, mood, and plan-safety review has not been completed; use for lookup and daily tracking only."
fndds_bologna_sandwich_on_white,True,False,False,USDA_FNDDS_LOOKUP_TRACKING_ONLY,not_for_plan,"Official USDA nutrient data. Mazaj+ allergen, health-condition, mood, and plan-safety review has not been completed; use for lookup and daily tracking only."
fndds_gyro_sandwich,True,False,False,USDA_FNDDS_LOOKUP_TRACKING_ONLY,not_for_plan,"Official USDA nutrient data. Mazaj+ allergen, health-condition, mood, and plan-safety review has not been completed; use for lookup and daily tracking only."
fndds_pork_sandwich,True,False,False,USDA_FNDDS_LOOKUP_TRACKING_ONLY,not_for_plan,"Official USDA nutrient data. Mazaj+ allergen, health-condition, mood, and plan-safety review has not been completed; use for lookup and daily tracking only."
fndds_cuban_sandwich,True,False,False,USDA_FNDDS_LOOKUP_TRACKING_ONLY,not_for_plan,"Official USDA nutrient data. Mazaj+ allergen, health-condition, mood, and plan-safety review has not been completed; use for lookup and daily tracking only."
fndds_meatloaf_sandwich,True,False,False,USDA_FNDDS_LOOKUP_TRACKING_ONLY,not_for_plan,"Official USDA nutrient data. Mazaj+ allergen, health-condition, mood, and plan-safety review has not been completed; use for lookup and daily tracking only."
fndds_barbecue_rib_sandwich,True,False,False,USDA_FNDDS_LOOKUP_TRACKING_ONLY,not_for_plan,"Official USDA nutrient data. Mazaj+ allergen, health-condition, mood, and plan-safety review has not been completed; use for lookup and daily tracking only."
fndds_meatball_sandwich_or_sub,True,False,False,USDA_FNDDS_LOOKUP_TRACKING_ONLY,not_for_plan,"Official USDA nutrient data. Mazaj+ allergen, health-condition, mood, and plan-safety review has not been completed; use for lookup and daily tracking only."
fndds_pork_sandwich_with_cheese,True,False,False,USDA_FNDDS_LOOKUP_TRACKING_ONLY,not_for_plan,"Official USDA nutrient data. Mazaj+ allergen, health-condition, mood, and plan-safety review has not been completed; use for lookup and daily tracking only."
fndds_bruschetta,True,False,False,USDA_FNDDS_LOOKUP_TRACKING_ONLY,not_for_plan,"Official USDA nutrient data. Mazaj+ allergen, health-condition, mood, and plan-safety review has not been completed; use for lookup and daily tracking only."
fndds_falafel_sandwich,True,False,False,USDA_FNDDS_LOOKUP_TRACKING_ONLY,not_for_plan,"Official USDA nutrient data. Mazaj+ allergen, health-condition, mood, and plan-safety review has not been completed; use for lookup and daily tracking only."
fndds_vegetable_sandwich_wrap,True,False,False,USDA_FNDDS_LOOKUP_TRACKING_ONLY,not_for_plan,"Official USDA nutrient data. Mazaj+ allergen, health-condition, mood, and plan-safety review has not been completed; use for lookup and daily tracking only."
fndds_tomato_sandwich_on_white,True,False,False,USDA_FNDDS_LOOKUP_TRACKING_ONLY,not_for_plan,"Official USDA nutrient data. Mazaj+ allergen, health-condition, mood, and plan-safety review has not been completed; use for lookup and daily tracking only."
fndds_tomato_sandwich_on_wheat,True,False,False,USDA_FNDDS_LOOKUP_TRACKING_ONLY,not_for_plan,"Official USDA nutrient data. Mazaj+ allergen, health-condition, mood, and plan-safety review has not been completed; use for lookup and daily tracking only."
fndds_soup_bean,True,False,False,USDA_FNDDS_LOOKUP_TRACKING_ONLY,not_for_plan,"Official USDA nutrient data. Mazaj+ allergen, health-condition, mood, and plan-safety review has not been completed; use for lookup and daily tracking only."
fndds_soup_rice,True,False,False,USDA_FNDDS_LOOKUP_TRACKING_ONLY,not_for_plan,"Official USDA nutrient data. Mazaj+ allergen, health-condition, mood, and plan-safety review has not been completed; use for lookup and daily tracking only."
fndds_soup_beef,True,False,False,USDA_FNDDS_LOOKUP_TRACKING_ONLY,not_for_plan,"Official USDA nutrient data. Mazaj+ allergen, health-condition, mood, and plan-safety review has not been completed; use for lookup and daily tracking only."
fndds_soup_broth,True,False,False,USDA_FNDDS_LOOKUP_TRACKING_ONLY,not_for_plan,"Official USDA nutrient data. Mazaj+ allergen, health-condition, mood, and plan-safety review has not been completed; use for lookup and daily tracking only."
fndds_soup_fruit,True,False,False,USDA_FNDDS_LOOKUP_TRACKING_ONLY,not_for_plan,"Official USDA nutrient data. Mazaj+ allergen, health-condition, mood, and plan-safety review has not been completed; use for lookup and daily tracking only."
fndds_soup_pozole,True,False,False,USDA_FNDDS_LOOKUP_TRACKING_ONLY,not_for_plan,"Official USDA nutrient data. Mazaj+ allergen, health-condition, mood, and plan-safety review has not been completed; use for lookup and daily tracking only."
fndds_soup_lentil,True,False,False,USDA_FNDDS_LOOKUP_TRACKING_ONLY,not_for_plan,"Official USDA nutrient data. Mazaj+ allergen, health-condition, mood, and plan-safety review has not been completed; use for lookup and daily tracking only."
fndds_soup_barley,True,False,False,USDA_FNDDS_LOOKUP_TRACKING_ONLY,not_for_plan,"Official USDA nutrient data. Mazaj+ allergen, health-condition, mood, and plan-safety review has not been completed; use for lookup and daily tracking only."
fndds_soup_tomato,True,False,False,USDA_FNDDS_LOOKUP_TRACKING_ONLY,not_for_plan,"Official USDA nutrient data. Mazaj+ allergen, health-condition, mood, and plan-safety review has not been completed; use for lookup and daily tracking only."
fndds_soup_borscht,True,False,False,USDA_FNDDS_LOOKUP_TRACKING_ONLY,not_for_plan,"Official USDA nutrient data. Mazaj+ allergen, health-condition, mood, and plan-safety review has not been completed; use for lookup and daily tracking only."
fndds_soup_meatball,True,False,False,USDA_FNDDS_LOOKUP_TRACKING_ONLY,not_for_plan,"Official USDA nutrient data. Mazaj+ allergen, health-condition, mood, and plan-safety review has not been completed; use for lookup and daily tracking only."
fndds_soup_bisque,True,False,False,USDA_FNDDS_LOOKUP_TRACKING_ONLY,not_for_plan,"Official USDA nutrient data. Mazaj+ allergen, health-condition, mood, and plan-safety review has not been completed; use for lookup and daily tracking only."
fndds_soup_peanut,True,False,False,USDA_FNDDS_LOOKUP_TRACKING_ONLY,not_for_plan,"Official USDA nutrient data. Mazaj+ allergen, health-condition, mood, and plan-safety review has not been completed; use for lookup and daily tracking only."
fndds_soup_potato,True,False,False,USDA_FNDDS_LOOKUP_TRACKING_ONLY,not_for_plan,"Official USDA nutrient data. Mazaj+ allergen, health-condition, mood, and plan-safety review has not been completed; use for lookup and daily tracking only."
fndds_soup_pumpkin,True,False,False,USDA_FNDDS_LOOKUP_TRACKING_ONLY,not_for_plan,"Official USDA nutrient data. Mazaj+ allergen, health-condition, mood, and plan-safety review has not been completed; use for lookup and daily tracking only."
fndds_soup_pepperpot,True,False,False,USDA_FNDDS_LOOKUP_TRACKING_ONLY,not_for_plan,"Official USDA nutrient data. Mazaj+ allergen, health-condition, mood, and plan-safety review has not been completed; use for lookup and daily tracking only."
fndds_soup_french_onion,True,False,False,USDA_FNDDS_LOOKUP_TRACKING_ONLY,not_for_plan,"Official USDA nutrient data. Mazaj+ allergen, health-condition, mood, and plan-safety review has not been completed; use for lookup and daily tracking only."
fndds_soup_wonton,True,False,False,USDA_FNDDS_LOOKUP_TRACKING_ONLY,not_for_plan,"Official USDA nutrient data. Mazaj+ allergen, health-condition, mood, and plan-safety review has not been completed; use for lookup and daily tracking only."
fndds_soup_seaweed,True,False,False,USDA_FNDDS_LOOKUP_TRACKING_ONLY,not_for_plan,"Official USDA nutrient data. Mazaj+ allergen, health-condition, mood, and plan-safety review has not been completed; use for lookup and daily tracking only."
fndds_soup_egg_drop,True,False,False,USDA_FNDDS_LOOKUP_TRACKING_ONLY,not_for_plan,"Official USDA nutrient data. Mazaj+ allergen, health-condition, mood, and plan-safety review has not been completed; use for lookup and daily tracking only."
fndds_ramen_bowl_with_beef,True,False,False,USDA_FNDDS_LOOKUP_TRACKING_ONLY,not_for_plan,"Official USDA nutrient data. Mazaj+ allergen, health-condition, mood, and plan-safety review has not been completed; use for lookup and daily tracking only."
fndds_ramen_bowl_with_fish,True,False,False,USDA_FNDDS_LOOKUP_TRACKING_ONLY,not_for_plan,"Official USDA nutrient data. Mazaj+ allergen, health-condition, mood, and plan-safety review has not been completed; use for lookup and daily tracking only."
fndds_soup_hot_and_sour,True,False,False,USDA_FNDDS_LOOKUP_TRACKING_ONLY,not_for_plan,"Official USDA nutrient data. Mazaj+ allergen, health-condition, mood, and plan-safety review has not been completed; use for lookup and daily tracking only."
fndds_congee,True,False,False,USDA_FNDDS_LOOKUP_TRACKING_ONLY,not_for_plan,"Official USDA nutrient data. Mazaj+ allergen, health-condition, mood, and plan-safety review has not been completed; use for lookup and daily tracking only."
fndds_rice_cooked_with_milk,True,False,False,USDA_FNDDS_LOOKUP_TRACKING_ONLY,not_for_plan,"Official USDA nutrient data. Mazaj+ allergen, health-condition, mood, and plan-safety review has not been completed; use for lookup and daily tracking only."
fndds_rice_sweet_cooked_with_honey,True,False,False,USDA_FNDDS_LOOKUP_TRACKING_ONLY,not_for_plan,"Official USDA nutrient data. Mazaj+ allergen, health-condition, mood, and plan-safety review has not been completed; use for lookup and daily tracking only."
fndds_yellow_rice_cooked_fat_added,True,False,False,USDA_FNDDS_LOOKUP_TRACKING_ONLY,not_for_plan,"Official USDA nutrient data. Mazaj+ allergen, health-condition, mood, and plan-safety review has not been completed; use for lookup and daily tracking only."
fndds_yellow_rice_cooked_no_added_fat,True,False,False,USDA_FNDDS_LOOKUP_TRACKING_ONLY,not_for_plan,"Official USDA nutrient data. Mazaj+ allergen, health-condition, mood, and plan-safety review has not been completed; use for lookup and daily tracking only."
fndds_rice_white_cooked_glutinous,True,False,False,USDA_FNDDS_LOOKUP_TRACKING_ONLY,not_for_plan,"Official USDA nutrient data. Mazaj+ allergen, health-condition, mood, and plan-safety review has not been completed; use for lookup and daily tracking only."
fndds_rice_white_cooked_no_added_fat,True,False,False,USDA_FNDDS_LOOKUP_TRACKING_ONLY,not_for_plan,"Official USDA nutrient data. Mazaj+ allergen, health-condition, mood, and plan-safety review has not been completed; use for lookup and daily tracking only."
fndds_rice_brown_cooked_no_added_fat,True,False,False,USDA_FNDDS_LOOKUP_TRACKING_ONLY,not_for_plan,"Official USDA nutrient data. Mazaj+ allergen, health-condition, mood, and plan-safety review has not been completed; use for lookup and daily tracking only."
fndds_barley,True,False,False,USDA_FNDDS_LOOKUP_TRACKING_ONLY,not_for_plan,"Official USDA nutrient data. Mazaj+ allergen, health-condition, mood, and plan-safety review has not been completed; use for lookup and daily tracking only."
fndds_millet,True,False,False,USDA_FNDDS_LOOKUP_TRACKING_ONLY,not_for_plan,"Official USDA nutrient data. Mazaj+ allergen, health-condition, mood, and plan-safety review has not been completed; use for lookup and daily tracking only."
fndds_noodles_cooked,True,False,False,USDA_FNDDS_LOOKUP_TRACKING_ONLY,not_for_plan,"Official USDA nutrient data. Mazaj+ allergen, health-condition, mood, and plan-safety review has not been completed; use for lookup and daily tracking only."
fndds_buckwheat_groats,True,False,False,USDA_FNDDS_LOOKUP_TRACKING_ONLY,not_for_plan,"Official USDA nutrient data. Mazaj+ allergen, health-condition, mood, and plan-safety review has not been completed; use for lookup and daily tracking only."
fndds_rice_noodles_cooked,True,False,False,USDA_FNDDS_LOOKUP_TRACKING_ONLY,not_for_plan,"Official USDA nutrient data. Mazaj+ allergen, health-condition, mood, and plan-safety review has not been completed; use for lookup and daily tracking only."
fndds_quinoa_fat_added,True,False,False,USDA_FNDDS_LOOKUP_TRACKING_ONLY,not_for_plan,"Official USDA nutrient data. Mazaj+ allergen, health-condition, mood, and plan-safety review has not been completed; use for lookup and daily tracking only."
fndds_bulgur_fat_added,True,False,False,USDA_FNDDS_LOOKUP_TRACKING_ONLY,not_for_plan,"Official USDA nutrient data. Mazaj+ allergen, health-condition, mood, and plan-safety review has not been completed; use for lookup and daily tracking only."
fndds_bread_rye,True,False,False,USDA_FNDDS_LOOKUP_TRACKING_ONLY,not_for_plan,"Official USDA nutrient data. Mazaj+ allergen, health-condition, mood, and plan-safety review has not been completed; use for lookup and daily tracking only."
fndds_bread_soy,True,False,False,USDA_FNDDS_LOOKUP_TRACKING_ONLY,not_for_plan,"Official USDA nutrient data. Mazaj+ allergen, health-condition, mood, and plan-safety review has not been completed; use for lookup and daily tracking only."
fndds_bread_naan,True,False,False,USDA_FNDDS_LOOKUP_TRACKING_ONLY,not_for_plan,"Official USDA nutrient data. Mazaj+ allergen, health-condition, mood, and plan-safety review has not been completed; use for lookup and daily tracking only."
fndds_bread_pita,True,False,False,USDA_FNDDS_LOOKUP_TRACKING_ONLY,not_for_plan,"Official USDA nutrient data. Mazaj+ allergen, health-condition, mood, and plan-safety review has not been completed; use for lookup and daily tracking only."
fndds_bread_puri,True,False,False,USDA_FNDDS_LOOKUP_TRACKING_ONLY,not_for_plan,"Official USDA nutrient data. Mazaj+ allergen, health-condition, mood, and plan-safety review has not been completed; use for lookup and daily tracking only."
fndds_bread_rice,True,False,False,USDA_FNDDS_LOOKUP_TRACKING_ONLY,not_for_plan,"Official USDA nutrient data. Mazaj+ allergen, health-condition, mood, and plan-safety review has not been completed; use for lookup and daily tracking only."
fndds_bread_cuban,True,False,False,USDA_FNDDS_LOOKUP_TRACKING_ONLY,not_for_plan,"Official USDA nutrient data. Mazaj+ allergen, health-condition, mood, and plan-safety review has not been completed; use for lookup and daily tracking only."
fndds_bread_onion,True,False,False,USDA_FNDDS_LOOKUP_TRACKING_ONLY,not_for_plan,"Official USDA nutrient data. Mazaj+ allergen, health-condition, mood, and plan-safety review has not been completed; use for lookup and daily tracking only."
fndds_bread_black,True,False,False,USDA_FNDDS_LOOKUP_TRACKING_ONLY,not_for_plan,"Official USDA nutrient data. Mazaj+ allergen, health-condition, mood, and plan-safety review has not been completed; use for lookup and daily tracking only."
fndds_bread_cheese,True,False,False,USDA_FNDDS_LOOKUP_TRACKING_ONLY,not_for_plan,"Official USDA nutrient data. Mazaj+ allergen, health-condition, mood, and plan-safety review has not been completed; use for lookup and daily tracking only."
fndds_bread_potato,True,False,False,USDA_FNDDS_LOOKUP_TRACKING_ONLY,not_for_plan,"Official USDA nutrient data. Mazaj+ allergen, health-condition, mood, and plan-safety review has not been completed; use for lookup and daily tracking only."
fndds_bread_raisin,True,False,False,USDA_FNDDS_LOOKUP_TRACKING_ONLY,not_for_plan,"Official USDA nutrient data. Mazaj+ allergen, health-condition, mood, and plan-safety review has not been completed; use for lookup and daily tracking only."
fndds_bread_barley,True,False,False,USDA_FNDDS_LOOKUP_TRACKING_ONLY,not_for_plan,"Official USDA nutrient data. Mazaj+ allergen, health-condition, mood, and plan-safety review has not been completed; use for lookup and daily tracking only."
fndds_bread_paratha,True,False,False,USDA_FNDDS_LOOKUP_TRACKING_ONLY,not_for_plan,"Official USDA nutrient data. Mazaj+ allergen, health-condition, mood, and plan-safety review has not been completed; use for lookup and daily tracking only."
fndds_bread_oatmeal,True,False,False,USDA_FNDDS_LOOKUP_TRACKING_ONLY,not_for_plan,"Official USDA nutrient data. Mazaj+ allergen, health-condition, mood, and plan-safety review has not been completed; use for lookup and daily tracking only."
fndds_bread_cinnamon,True,False,False,USDA_FNDDS_LOOKUP_TRACKING_ONLY,not_for_plan,"Official USDA nutrient data. Mazaj+ allergen, health-condition, mood, and plan-safety review has not been completed; use for lookup and daily tracking only."
fndds_bread_oat_bran,True,False,False,USDA_FNDDS_LOOKUP_TRACKING_ONLY,not_for_plan,"Official USDA nutrient data. Mazaj+ allergen, health-condition, mood, and plan-safety review has not been completed; use for lookup and daily tracking only."
fndds_bread_vegetable,True,False,False,USDA_FNDDS_LOOKUP_TRACKING_ONLY,not_for_plan,"Official USDA nutrient data. Mazaj+ allergen, health-condition, mood, and plan-safety review has not been completed; use for lookup and daily tracking only."
fndds_roll_rye,True,False,False,USDA_FNDDS_LOOKUP_TRACKING_ONLY,not_for_plan,"Official USDA nutrient data. Mazaj+ allergen, health-condition, mood, and plan-safety review has not been completed; use for lookup and daily tracking only."
fndds_roll_diet,True,False,False,USDA_FNDDS_LOOKUP_TRACKING_ONLY,not_for_plan,"Official USDA nutrient data. Mazaj+ allergen, health-condition, mood, and plan-safety review has not been completed; use for lookup and daily tracking only."
fndds_roll_cheese,True,False,False,USDA_FNDDS_LOOKUP_TRACKING_ONLY,not_for_plan,"Official USDA nutrient data. Mazaj+ allergen, health-condition, mood, and plan-safety review has not been completed; use for lookup and daily tracking only."
fndds_roll_garlic,True,False,False,USDA_FNDDS_LOOKUP_TRACKING_ONLY,not_for_plan,"Official USDA nutrient data. Mazaj+ allergen, health-condition, mood, and plan-safety review has not been completed; use for lookup and daily tracking only."
fndds_roll_oatmeal,True,False,False,USDA_FNDDS_LOOKUP_TRACKING_ONLY,not_for_plan,"Official USDA nutrient data. Mazaj+ allergen, health-condition, mood, and plan-safety review has not been completed; use for lookup and daily tracking only."
fndds_roll_egg_bread,True,False,False,USDA_FNDDS_LOOKUP_TRACKING_ONLY,not_for_plan,"Official USDA nutrient data. Mazaj+ allergen, health-condition, mood, and plan-safety review has not been completed; use for lookup and daily tracking only."
fndds_roll_sour_dough,True,False,False,USDA_FNDDS_LOOKUP_TRACKING_ONLY,not_for_plan,"Official USDA nutrient data. Mazaj+ allergen, health-condition, mood, and plan-safety review has not been completed; use for lookup and daily tracking only."
fndds_roll_multigrain,True,False,False,USDA_FNDDS_LOOKUP_TRACKING_ONLY,not_for_plan,"Official USDA nutrient data. Mazaj+ allergen, health-condition, mood, and plan-safety review has not been completed; use for lookup and daily tracking only."
fndds_roll_whole_wheat,True,False,False,USDA_FNDDS_LOOKUP_TRACKING_ONLY,not_for_plan,"Official USDA nutrient data. Mazaj+ allergen, health-condition, mood, and plan-safety review has not been completed; use for lookup and daily tracking only."
fndds_roll_gluten_free,True,False,False,USDA_FNDDS_LOOKUP_TRACKING_ONLY,not_for_plan,"Official USDA nutrient data. Mazaj+ allergen, health-condition, mood, and plan-safety review has not been completed; use for lookup and daily tracking only."
fndds_bagel,True,False,False,USDA_FNDDS_LOOKUP_TRACKING_ONLY,not_for_plan,"Official USDA nutrient data. Mazaj+ allergen, health-condition, mood, and plan-safety review has not been completed; use for lookup and daily tracking only."
fndds_bagel_wheat,True,False,False,USDA_FNDDS_LOOKUP_TRACKING_ONLY,not_for_plan,"Official USDA nutrient data. Mazaj+ allergen, health-condition, mood, and plan-safety review has not been completed; use for lookup and daily tracking only."
fndds_muffin_english,True,False,False,USDA_FNDDS_LOOKUP_TRACKING_ONLY,not_for_plan,"Official USDA nutrient data. Mazaj+ allergen, health-condition, mood, and plan-safety review has not been completed; use for lookup and daily tracking only."
fndds_bagel_oat_bran,True,False,False,USDA_FNDDS_LOOKUP_TRACKING_ONLY,not_for_plan,"Official USDA nutrient data. Mazaj+ allergen, health-condition, mood, and plan-safety review has not been completed; use for lookup and daily tracking only."
fndds_bagel_wheat_bran,True,False,False,USDA_FNDDS_LOOKUP_TRACKING_ONLY,not_for_plan,"Official USDA nutrient data. Mazaj+ allergen, health-condition, mood, and plan-safety review has not been completed; use for lookup and daily tracking only."
fndds_bagel_multigrain,True,False,False,USDA_FNDDS_LOOKUP_TRACKING_ONLY,not_for_plan,"Official USDA nutrient data. Mazaj+ allergen, health-condition, mood, and plan-safety review has not been completed; use for lookup and daily tracking only."
fndds_bagel_whole_wheat,True,False,False,USDA_FNDDS_LOOKUP_TRACKING_ONLY,not_for_plan,"Official USDA nutrient data. Mazaj+ allergen, health-condition, mood, and plan-safety review has not been completed; use for lookup and daily tracking only."
fndds_bagel_with_raisins,True,False,False,USDA_FNDDS_LOOKUP_TRACKING_ONLY,not_for_plan,"Official USDA nutrient data. Mazaj+ allergen, health-condition, mood, and plan-safety review has not been completed; use for lookup and daily tracking only."
fndds_bagel_pumpernickel,True,False,False,USDA_FNDDS_LOOKUP_TRACKING_ONLY,not_for_plan,"Official USDA nutrient data. Mazaj+ allergen, health-condition, mood, and plan-safety review has not been completed; use for lookup and daily tracking only."
fndds_tortilla_corn,True,False,False,USDA_FNDDS_LOOKUP_TRACKING_ONLY,not_for_plan,"Official USDA nutrient data. Mazaj+ allergen, health-condition, mood, and plan-safety review has not been completed; use for lookup and daily tracking only."
fndds_tortilla_flour,True,False,False,USDA_FNDDS_LOOKUP_TRACKING_ONLY,not_for_plan,"Official USDA nutrient data. Mazaj+ allergen, health-condition, mood, and plan-safety review has not been completed; use for lookup and daily tracking only."
fndds_taco_shell_corn,True,False,False,USDA_FNDDS_LOOKUP_TRACKING_ONLY,not_for_plan,"Official USDA nutrient data. Mazaj+ allergen, health-condition, mood, and plan-safety review has not been completed; use for lookup and daily tracking only."
fndds_taco_shell_flour,True,False,False,USDA_FNDDS_LOOKUP_TRACKING_ONLY,not_for_plan,"Official USDA nutrient data. Mazaj+ allergen, health-condition, mood, and plan-safety review has not been completed; use for lookup and daily tracking only."
fndds_scone,True,False,False,USDA_FNDDS_LOOKUP_TRACKING_ONLY,not_for_plan,"Official USDA nutrient data. Mazaj+ allergen, health-condition, mood, and plan-safety review has not been completed; use for lookup and daily tracking only."
fndds_popover,True,False,False,USDA_FNDDS_LOOKUP_TRACKING_ONLY,not_for_plan,"Official USDA nutrient data. Mazaj+ allergen, health-condition, mood, and plan-safety review has not been completed; use for lookup and daily tracking only."
fndds_hush_puppy,True,False,False,USDA_FNDDS_LOOKUP_TRACKING_ONLY,not_for_plan,"Official USDA nutrient data. Mazaj+ allergen, health-condition, mood, and plan-safety review has not been completed; use for lookup and daily tracking only."
fndds_johnnycake,True,False,False,USDA_FNDDS_LOOKUP_TRACKING_ONLY,not_for_plan,"Official USDA nutrient data. Mazaj+ allergen, health-condition, mood, and plan-safety review has not been completed; use for lookup and daily tracking only."
fndds_spoonbread,True,False,False,USDA_FNDDS_LOOKUP_TRACKING_ONLY,not_for_plan,"Official USDA nutrient data. Mazaj+ allergen, health-condition, mood, and plan-safety review has not been completed; use for lookup and daily tracking only."
fndds_muffin_plain,True,False,False,USDA_FNDDS_LOOKUP_TRACKING_ONLY,not_for_plan,"Official USDA nutrient data. Mazaj+ allergen, health-condition, mood, and plan-safety review has not been completed; use for lookup and daily tracking only."
fndds_bread_nut,True,False,False,USDA_FNDDS_LOOKUP_TRACKING_ONLY,not_for_plan,"Official USDA nutrient data. Mazaj+ allergen, health-condition, mood, and plan-safety review has not been completed; use for lookup and daily tracking only."
fndds_corn_pone_baked,True,False,False,USDA_FNDDS_LOOKUP_TRACKING_ONLY,not_for_plan,"Official USDA nutrient data. Mazaj+ allergen, health-condition, mood, and plan-safety review has not been completed; use for lookup and daily tracking only."
fndds_bread_fruit,True,False,False,USDA_FNDDS_LOOKUP_TRACKING_ONLY,not_for_plan,"Official USDA nutrient data. Mazaj+ allergen, health-condition, mood, and plan-safety review has not been completed; use for lookup and daily tracking only."
fndds_arepa_dominicana,True,False,False,USDA_FNDDS_LOOKUP_TRACKING_ONLY,not_for_plan,"Official USDA nutrient data. Mazaj+ allergen, health-condition, mood, and plan-safety review has not been completed; use for lookup and daily tracking only."
fndds_muffin_fruit,True,False,False,USDA_FNDDS_LOOKUP_TRACKING_ONLY,not_for_plan,"Official USDA nutrient data. Mazaj+ allergen, health-condition, mood, and plan-safety review has not been completed; use for lookup and daily tracking only."
fndds_muffin_wheat,True,False,False,USDA_FNDDS_LOOKUP_TRACKING_ONLY,not_for_plan,"Official USDA nutrient data. Mazaj+ allergen, health-condition, mood, and plan-safety review has not been completed; use for lookup and daily tracking only."
fndds_dosa_plain,True,False,False,USDA_FNDDS_LOOKUP_TRACKING_ONLY,not_for_plan,"Official USDA nutrient data. Mazaj+ allergen, health-condition, mood, and plan-safety review has not been completed; use for lookup and daily tracking only."
fndds_crepe_plain,True,False,False,USDA_FNDDS_LOOKUP_TRACKING_ONLY,not_for_plan,"Official USDA nutrient data. Mazaj+ allergen, health-condition, mood, and plan-safety review has not been completed; use for lookup and daily tracking only."
fndds_waffle_plain,True,False,False,USDA_FNDDS_LOOKUP_TRACKING_ONLY,not_for_plan,"Official USDA nutrient data. Mazaj+ allergen, health-condition, mood, and plan-safety review has not been completed; use for lookup and daily tracking only."
fndds_pancakes_plain,True,False,False,USDA_FNDDS_LOOKUP_TRACKING_ONLY,not_for_plan,"Official USDA nutrient data. Mazaj+ allergen, health-condition, mood, and plan-safety review has not been completed; use for lookup and daily tracking only."
fndds_chinese_pancake,True,False,False,USDA_FNDDS_LOOKUP_TRACKING_ONLY,not_for_plan,"Official USDA nutrient data. Mazaj+ allergen, health-condition, mood, and plan-safety review has not been completed; use for lookup and daily tracking only."
fndds_waffle_fruit,True,False,False,USDA_FNDDS_LOOKUP_TRACKING_ONLY,not_for_plan,"Official USDA nutrient data. Mazaj+ allergen, health-condition, mood, and plan-safety review has not been completed; use for lookup and daily tracking only."
fndds_pancakes_fruit,True,False,False,USDA_FNDDS_LOOKUP_TRACKING_ONLY,not_for_plan,"Official USDA nutrient data. Mazaj+ allergen, health-condition, mood, and plan-safety review has not been completed; use for lookup and daily tracking only."
fndds_french_toast_plain,True,False,False,USDA_FNDDS_LOOKUP_TRACKING_ONLY,not_for_plan,"Official USDA nutrient data. Mazaj+ allergen, health-condition, mood, and plan-safety review has not been completed; use for lookup and daily tracking only."
fndds_french_toast_sticks,True,False,False,USDA_FNDDS_LOOKUP_TRACKING_ONLY,not_for_plan,"Official USDA nutrient data. Mazaj+ allergen, health-condition, mood, and plan-safety review has not been completed; use for lookup and daily tracking only."
fndds_waffle_cinnamon,True,False,False,USDA_FNDDS_LOOKUP_TRACKING_ONLY,not_for_plan,"Official USDA nutrient data. Mazaj+ allergen, health-condition, mood, and plan-safety review has not been completed; use for lookup and daily tracking only."
fndds_pancakes_pumpkin,True,False,False,USDA_FNDDS_LOOKUP_TRACKING_ONLY,not_for_plan,"Official USDA nutrient data. Mazaj+ allergen, health-condition, mood, and plan-safety review has not been completed; use for lookup and daily tracking only."
fndds_waffle_chocolate,True,False,False,USDA_FNDDS_LOOKUP_TRACKING_ONLY,not_for_plan,"Official USDA nutrient data. Mazaj+ allergen, health-condition, mood, and plan-safety review has not been completed; use for lookup and daily tracking only."
fndds_cereal_crunch,True,False,False,USDA_FNDDS_LOOKUP_TRACKING_ONLY,not_for_plan,"Official USDA nutrient data. Mazaj+ allergen, health-condition, mood, and plan-safety review has not been completed; use for lookup and daily tracking only."
fndds_cereal_granola,True,False,False,USDA_FNDDS_LOOKUP_TRACKING_ONLY,not_for_plan,"Official USDA nutrient data. Mazaj+ allergen, health-condition, mood, and plan-safety review has not been completed; use for lookup and daily tracking only."
fndds_cereal_fruit_rings,True,False,False,USDA_FNDDS_LOOKUP_TRACKING_ONLY,not_for_plan,"Official USDA nutrient data. Mazaj+ allergen, health-condition, mood, and plan-safety review has not been completed; use for lookup and daily tracking only."
fndds_cereal_fruit_crispy,True,False,False,USDA_FNDDS_LOOKUP_TRACKING_ONLY,not_for_plan,"Official USDA nutrient data. Mazaj+ allergen, health-condition, mood, and plan-safety review has not been completed; use for lookup and daily tracking only."
fndds_cereal_cinnamon_toast,True,False,False,USDA_FNDDS_LOOKUP_TRACKING_ONLY,not_for_plan,"Official USDA nutrient data. Mazaj+ allergen, health-condition, mood, and plan-safety review has not been completed; use for lookup and daily tracking only."
fndds_cereal_flavored_puffs,True,False,False,USDA_FNDDS_LOOKUP_TRACKING_ONLY,not_for_plan,"Official USDA nutrient data. Mazaj+ allergen, health-condition, mood, and plan-safety review has not been completed; use for lookup and daily tracking only."
fndds_cereal_chocolate_puffs,True,False,False,USDA_FNDDS_LOOKUP_TRACKING_ONLY,not_for_plan,"Official USDA nutrient data. Mazaj+ allergen, health-condition, mood, and plan-safety review has not been completed; use for lookup and daily tracking only."
fndds_cereal_other_honey,True,False,False,USDA_FNDDS_LOOKUP_TRACKING_ONLY,not_for_plan,"Official USDA nutrient data. Mazaj+ allergen, health-condition, mood, and plan-safety review has not been completed; use for lookup and daily tracking only."
fndds_cereal_plain_puffs,True,False,False,USDA_FNDDS_LOOKUP_TRACKING_ONLY,not_for_plan,"Official USDA nutrient data. Mazaj+ allergen, health-condition, mood, and plan-safety review has not been completed; use for lookup and daily tracking only."
fndds_cereal_o_s_plain,True,False,False,USDA_FNDDS_LOOKUP_TRACKING_ONLY,not_for_plan,"Official USDA nutrient data. Mazaj+ allergen, health-condition, mood, and plan-safety review has not been completed; use for lookup and daily tracking only."
fndds_cereal_corn_puffs,True,False,False,USDA_FNDDS_LOOKUP_TRACKING_ONLY,not_for_plan,"Official USDA nutrient data. Mazaj+ allergen, health-condition, mood, and plan-safety review has not been completed; use for lookup and daily tracking only."
fndds_cereal_multigrain,True,False,False,USDA_FNDDS_LOOKUP_TRACKING_ONLY,not_for_plan,"Official USDA nutrient data. Mazaj+ allergen, health-condition, mood, and plan-safety review has not been completed; use for lookup and daily tracking only."
fndds_cereal_k_s_plain,True,False,False,USDA_FNDDS_LOOKUP_TRACKING_ONLY,not_for_plan,"Official USDA nutrient data. Mazaj+ allergen, health-condition, mood, and plan-safety review has not been completed; use for lookup and daily tracking only."
fndds_cereal_oat_bunches,True,False,False,USDA_FNDDS_LOOKUP_TRACKING_ONLY,not_for_plan,"Official USDA nutrient data. Mazaj+ allergen, health-condition, mood, and plan-safety review has not been completed; use for lookup and daily tracking only."
fndds_cereal_oat_squares,True,False,False,USDA_FNDDS_LOOKUP_TRACKING_ONLY,not_for_plan,"Official USDA nutrient data. Mazaj+ allergen, health-condition, mood, and plan-safety review has not been completed; use for lookup and daily tracking only."
fndds_oatmeal_multigrain,True,False,False,USDA_FNDDS_LOOKUP_TRACKING_ONLY,not_for_plan,"Official USDA nutrient data. Mazaj+ allergen, health-condition, mood, and plan-safety review has not been completed; use for lookup and daily tracking only."
fndds_oatmeal_reduced_sugar,True,False,False,USDA_FNDDS_LOOKUP_TRACKING_ONLY,not_for_plan,"Official USDA nutrient data. Mazaj+ allergen, health-condition, mood, and plan-safety review has not been completed; use for lookup and daily tracking only."
fndds_oatmeal_fast_food_plain,True,False,False,USDA_FNDDS_LOOKUP_TRACKING_ONLY,not_for_plan,"Official USDA nutrient data. Mazaj+ allergen, health-condition, mood, and plan-safety review has not been completed; use for lookup and daily tracking only."
fndds_oatmeal_fast_food_flavored,True,False,False,USDA_FNDDS_LOOKUP_TRACKING_ONLY,not_for_plan,"Official USDA nutrient data. Mazaj+ allergen, health-condition, mood, and plan-safety review has not been completed; use for lookup and daily tracking only."
fndds_oatmeal_instant_maple_flavored_fat_added,True,False,False,USDA_FNDDS_LOOKUP_TRACKING_ONLY,not_for_plan,"Official USDA nutrient data. Mazaj+ allergen, health-condition, mood, and plan-safety review has not been completed; use for lookup and daily tracking only."
fndds_oatmeal_instant_fruit_flavored_fat_added,True,False,False,USDA_FNDDS_LOOKUP_TRACKING_ONLY,not_for_plan,"Official USDA nutrient data. Mazaj+ allergen, health-condition, mood, and plan-safety review has not been completed; use for lookup and daily tracking only."
fndds_oatmeal_instant_maple_flavored_no_added_fat,True,False,False,USDA_FNDDS_LOOKUP_TRACKING_ONLY,not_for_plan,"Official USDA nutrient data. Mazaj+ allergen, health-condition, mood, and plan-safety review has not been completed; use for lookup and daily tracking only."
fndds_oatmeal_instant_fruit_flavored_no_added_fat,True,False,False,USDA_FNDDS_LOOKUP_TRACKING_ONLY,not_for_plan,"Official USDA nutrient data. Mazaj+ allergen, health-condition, mood, and plan-safety review has not been completed; use for lookup and daily tracking only."
fndds_upma,True,False,False,USDA_FNDDS_LOOKUP_TRACKING_ONLY,not_for_plan,"Official USDA nutrient data. Mazaj+ allergen, health-condition, mood, and plan-safety review has not been completed; use for lookup and daily tracking only."
fndds_cream_of_rice,True,False,False,USDA_FNDDS_LOOKUP_TRACKING_ONLY,not_for_plan,"Official USDA nutrient data. Mazaj+ allergen, health-condition, mood, and plan-safety review has not been completed; use for lookup and daily tracking only."
fndds_hominy_cooked,True,False,False,USDA_FNDDS_LOOKUP_TRACKING_ONLY,not_for_plan,"Official USDA nutrient data. Mazaj+ allergen, health-condition, mood, and plan-safety review has not been completed; use for lookup and daily tracking only."
fndds_masa_harina_cooked,True,False,False,USDA_FNDDS_LOOKUP_TRACKING_ONLY,not_for_plan,"Official USDA nutrient data. Mazaj+ allergen, health-condition, mood, and plan-safety review has not been completed; use for lookup and daily tracking only."
fndds_oat_bran_cereal_cooked,True,False,False,USDA_FNDDS_LOOKUP_TRACKING_ONLY,not_for_plan,"Official USDA nutrient data. Mazaj+ allergen, health-condition, mood, and plan-safety review has not been completed; use for lookup and daily tracking only."
fndds_whole_wheat_cereal_cooked,True,False,False,USDA_FNDDS_LOOKUP_TRACKING_ONLY,not_for_plan,"Official USDA nutrient data. Mazaj+ allergen, health-condition, mood, and plan-safety review has not been completed; use for lookup and daily tracking only."
fndds_cornmeal_mush_fat_added,True,False,False,USDA_FNDDS_LOOKUP_TRACKING_ONLY,not_for_plan,"Official USDA nutrient data. Mazaj+ allergen, health-condition, mood, and plan-safety review has not been completed; use for lookup and daily tracking only."
fndds_potato_chips_plain,True,False,False,USDA_FNDDS_LOOKUP_TRACKING_ONLY,not_for_plan,"Official USDA nutrient data. Mazaj+ allergen, health-condition, mood, and plan-safety review has not been completed; use for lookup and daily tracking only."
fndds_potato_sticks_plain,True,False,False,USDA_FNDDS_LOOKUP_TRACKING_ONLY,not_for_plan,"Official USDA nutrient data. Mazaj+ allergen, health-condition, mood, and plan-safety review has not been completed; use for lookup and daily tracking only."
fndds_potato_chips_baked_plain,True,False,False,USDA_FNDDS_LOOKUP_TRACKING_ONLY,not_for_plan,"Official USDA nutrient data. Mazaj+ allergen, health-condition, mood, and plan-safety review has not been completed; use for lookup and daily tracking only."
fndds_potato_chips_unsalted,True,False,False,USDA_FNDDS_LOOKUP_TRACKING_ONLY,not_for_plan,"Official USDA nutrient data. Mazaj+ allergen, health-condition, mood, and plan-safety review has not been completed; use for lookup and daily tracking only."
fndds_potato_sticks_flavored,True,False,False,USDA_FNDDS_LOOKUP_TRACKING_ONLY,not_for_plan,"Official USDA nutrient data. Mazaj+ allergen, health-condition, mood, and plan-safety review has not been completed; use for lookup and daily tracking only."
fndds_potato_chips_reduced_fat,True,False,False,USDA_FNDDS_LOOKUP_TRACKING_ONLY,not_for_plan,"Official USDA nutrient data. Mazaj+ allergen, health-condition, mood, and plan-safety review has not been completed; use for lookup and daily tracking only."
fndds_potato_sticks_fry_shaped,True,False,False,USDA_FNDDS_LOOKUP_TRACKING_ONLY,not_for_plan,"Official USDA nutrient data. Mazaj+ allergen, health-condition, mood, and plan-safety review has not been completed; use for lookup and daily tracking only."
fndds_potato_chips_popped_plain,True,False,False,USDA_FNDDS_LOOKUP_TRACKING_ONLY,not_for_plan,"Official USDA nutrient data. Mazaj+ allergen, health-condition, mood, and plan-safety review has not been completed; use for lookup and daily tracking only."
fndds_potato_chips_other_flavored,True,False,False,USDA_FNDDS_LOOKUP_TRACKING_ONLY,not_for_plan,"Official USDA nutrient data. Mazaj+ allergen, health-condition, mood, and plan-safety review has not been completed; use for lookup and daily tracking only."
fndds_soy_chips,True,False,False,USDA_FNDDS_LOOKUP_TRACKING_ONLY,not_for_plan,"Official USDA nutrient data. Mazaj+ allergen, health-condition, mood, and plan-safety review has not been completed; use for lookup and daily tracking only."
fndds_corn_nuts,True,False,False,USDA_FNDDS_LOOKUP_TRACKING_ONLY,not_for_plan,"Official USDA nutrient data. Mazaj+ allergen, health-condition, mood, and plan-safety review has not been completed; use for lookup and daily tracking only."
fndds_bean_chips,True,False,False,USDA_FNDDS_LOOKUP_TRACKING_ONLY,not_for_plan,"Official USDA nutrient data. Mazaj+ allergen, health-condition, mood, and plan-safety review has not been completed; use for lookup and daily tracking only."
fndds_taro_chips,True,False,False,USDA_FNDDS_LOOKUP_TRACKING_ONLY,not_for_plan,"Official USDA nutrient data. Mazaj+ allergen, health-condition, mood, and plan-safety review has not been completed; use for lookup and daily tracking only."
fndds_shrimp_chips,True,False,False,USDA_FNDDS_LOOKUP_TRACKING_ONLY,not_for_plan,"Official USDA nutrient data. Mazaj+ allergen, health-condition, mood, and plan-safety review has not been completed; use for lookup and daily tracking only."
fndds_cracker_chips,True,False,False,USDA_FNDDS_LOOKUP_TRACKING_ONLY,not_for_plan,"Official USDA nutrient data. Mazaj+ allergen, health-condition, mood, and plan-safety review has not been completed; use for lookup and daily tracking only."
fndds_plantain_chips,True,False,False,USDA_FNDDS_LOOKUP_TRACKING_ONLY,not_for_plan,"Official USDA nutrient data. Mazaj+ allergen, health-condition, mood, and plan-safety review has not been completed; use for lookup and daily tracking only."
fndds_chips_rice,True,False,False,USDA_FNDDS_LOOKUP_TRACKING_ONLY,not_for_plan,"Official USDA nutrient data. Mazaj+ allergen, health-condition, mood, and plan-safety review has not been completed; use for lookup and daily tracking only."
fndds_vegetable_chips,True,False,False,USDA_FNDDS_LOOKUP_TRACKING_ONLY,not_for_plan,"Official USDA nutrient data. Mazaj+ allergen, health-condition, mood, and plan-safety review has not been completed; use for lookup and daily tracking only."
fndds_corn_chips_plain,True,False,False,USDA_FNDDS_LOOKUP_TRACKING_ONLY,not_for_plan,"Official USDA nutrient data. Mazaj+ allergen, health-condition, mood, and plan-safety review has not been completed; use for lookup and daily tracking only."
fndds_popcorn_caramel_coated,True,False,False,USDA_FNDDS_LOOKUP_TRACKING_ONLY,not_for_plan,"Official USDA nutrient data. Mazaj+ allergen, health-condition, mood, and plan-safety review has not been completed; use for lookup and daily tracking only."
fndds_popcorn_microwave_plain,True,False,False,USDA_FNDDS_LOOKUP_TRACKING_ONLY,not_for_plan,"Official USDA nutrient data. Mazaj+ allergen, health-condition, mood, and plan-safety review has not been completed; use for lookup and daily tracking only."
fndds_popcorn_chocolate_coated,True,False,False,USDA_FNDDS_LOOKUP_TRACKING_ONLY,not_for_plan,"Official USDA nutrient data. Mazaj+ allergen, health-condition, mood, and plan-safety review has not been completed; use for lookup and daily tracking only."
fndds_popcorn_ready_to_eat_plain,True,False,False,USDA_FNDDS_LOOKUP_TRACKING_ONLY,not_for_plan,"Official USDA nutrient data. Mazaj+ allergen, health-condition, mood, and plan-safety review has not been completed; use for lookup and daily tracking only."
fndds_popcorn_microwave_kettle,True,False,False,USDA_FNDDS_LOOKUP_TRACKING_ONLY,not_for_plan,"Official USDA nutrient data. Mazaj+ allergen, health-condition, mood, and plan-safety review has not been completed; use for lookup and daily tracking only."
fndds_popcorn_ready_to_eat_kettle,True,False,False,USDA_FNDDS_LOOKUP_TRACKING_ONLY,not_for_plan,"Official USDA nutrient data. Mazaj+ allergen, health-condition, mood, and plan-safety review has not been completed; use for lookup and daily tracking only."
fndds_popcorn_microwave_low_sodium,True,False,False,USDA_FNDDS_LOOKUP_TRACKING_ONLY,not_for_plan,"Official USDA nutrient data. Mazaj+ allergen, health-condition, mood, and plan-safety review has not been completed; use for lookup and daily tracking only."
fndds_popcorn_microwave_plain_light,True,False,False,USDA_FNDDS_LOOKUP_TRACKING_ONLY,not_for_plan,"Official USDA nutrient data. Mazaj+ allergen, health-condition, mood, and plan-safety review has not been completed; use for lookup and daily tracking only."
fndds_snack_mix,True,False,False,USDA_FNDDS_LOOKUP_TRACKING_ONLY,not_for_plan,"Official USDA nutrient data. Mazaj+ allergen, health-condition, mood, and plan-safety review has not been completed; use for lookup and daily tracking only."
fndds_pretzel_chips_hard_plain,True,False,False,USDA_FNDDS_LOOKUP_TRACKING_ONLY,not_for_plan,"Official USDA nutrient data. Mazaj+ allergen, health-condition, mood, and plan-safety review has not been completed; use for lookup and daily tracking only."
fndds_snack_mix_plain_chex_mix,True,False,False,USDA_FNDDS_LOOKUP_TRACKING_ONLY,not_for_plan,"Official USDA nutrient data. Mazaj+ allergen, health-condition, mood, and plan-safety review has not been completed; use for lookup and daily tracking only."
fndds_pretzels_hard_flavored,True,False,False,USDA_FNDDS_LOOKUP_TRACKING_ONLY,not_for_plan,"Official USDA nutrient data. Mazaj+ allergen, health-condition, mood, and plan-safety review has not been completed; use for lookup and daily tracking only."
fndds_pretzels_hard_multigrain,True,False,False,USDA_FNDDS_LOOKUP_TRACKING_ONLY,not_for_plan,"Official USDA nutrient data. Mazaj+ allergen, health-condition, mood, and plan-safety review has not been completed; use for lookup and daily tracking only."
fndds_pretzels_soft_multigrain,True,False,False,USDA_FNDDS_LOOKUP_TRACKING_ONLY,not_for_plan,"Official USDA nutrient data. Mazaj+ allergen, health-condition, mood, and plan-safety review has not been completed; use for lookup and daily tracking only."
fndds_pretzels_soft_gluten_free,True,False,False,USDA_FNDDS_LOOKUP_TRACKING_ONLY,not_for_plan,"Official USDA nutrient data. Mazaj+ allergen, health-condition, mood, and plan-safety review has not been completed; use for lookup and daily tracking only."
fndds_pretzels_hard_plain_salted,True,False,False,USDA_FNDDS_LOOKUP_TRACKING_ONLY,not_for_plan,"Official USDA nutrient data. Mazaj+ allergen, health-condition, mood, and plan-safety review has not been completed; use for lookup and daily tracking only."
fndds_pretzel_chips_hard_flavored,True,False,False,USDA_FNDDS_LOOKUP_TRACKING_ONLY,not_for_plan,"Official USDA nutrient data. Mazaj+ allergen, health-condition, mood, and plan-safety review has not been completed; use for lookup and daily tracking only."
fndds_pretzels_hard_yogurt_coated,True,False,False,USDA_FNDDS_LOOKUP_TRACKING_ONLY,not_for_plan,"Official USDA nutrient data. Mazaj+ allergen, health-condition, mood, and plan-safety review has not been completed; use for lookup and daily tracking only."
fndds_pretzels_hard_cheese_filled,True,False,False,USDA_FNDDS_LOOKUP_TRACKING_ONLY,not_for_plan,"Official USDA nutrient data. Mazaj+ allergen, health-condition, mood, and plan-safety review has not been completed; use for lookup and daily tracking only."
fndds_croutons,True,False,False,USDA_FNDDS_LOOKUP_TRACKING_ONLY,not_for_plan,"Official USDA nutrient data. Mazaj+ allergen, health-condition, mood, and plan-safety review has not been completed; use for lookup and daily tracking only."
fndds_rice_cake,True,False,False,USDA_FNDDS_LOOKUP_TRACKING_ONLY,not_for_plan,"Official USDA nutrient data. Mazaj+ allergen, health-condition, mood, and plan-safety review has not been completed; use for lookup and daily tracking only."
fndds_rice_paper,True,False,False,USDA_FNDDS_LOOKUP_TRACKING_ONLY,not_for_plan,"Official USDA nutrient data. Mazaj+ allergen, health-condition, mood, and plan-safety review has not been completed; use for lookup and daily tracking only."
fndds_pita_chips,True,False,False,USDA_FNDDS_LOOKUP_TRACKING_ONLY,not_for_plan,"Official USDA nutrient data. Mazaj+ allergen, health-condition, mood, and plan-safety review has not been completed; use for lookup and daily tracking only."
fndds_melba_toast,True,False,False,USDA_FNDDS_LOOKUP_TRACKING_ONLY,not_for_plan,"Official USDA nutrient data. Mazaj+ allergen, health-condition, mood, and plan-safety review has not been completed; use for lookup and daily tracking only."
fndds_bagel_chips,True,False,False,USDA_FNDDS_LOOKUP_TRACKING_ONLY,not_for_plan,"Official USDA nutrient data. Mazaj+ allergen, health-condition, mood, and plan-safety review has not been completed; use for lookup and daily tracking only."
fndds_popcorn_cake,True,False,False,USDA_FNDDS_LOOKUP_TRACKING_ONLY,not_for_plan,"Official USDA nutrient data. Mazaj+ allergen, health-condition, mood, and plan-safety review has not been completed; use for lookup and daily tracking only."
fndds_zwieback_toast,True,False,False,USDA_FNDDS_LOOKUP_TRACKING_ONLY,not_for_plan,"Official USDA nutrient data. Mazaj+ allergen, health-condition, mood, and plan-safety review has not been completed; use for lookup and daily tracking only."
fndds_crackers_milk,True,False,False,USDA_FNDDS_LOOKUP_TRACKING_ONLY,not_for_plan,"Official USDA nutrient data. Mazaj+ allergen, health-condition, mood, and plan-safety review has not been completed; use for lookup and daily tracking only."
fndds_crackers_rice,True,False,False,USDA_FNDDS_LOOKUP_TRACKING_ONLY,not_for_plan,"Official USDA nutrient data. Mazaj+ allergen, health-condition, mood, and plan-safety review has not been completed; use for lookup and daily tracking only."
fndds_crackers_matzo,True,False,False,USDA_FNDDS_LOOKUP_TRACKING_ONLY,not_for_plan,"Official USDA nutrient data. Mazaj+ allergen, health-condition, mood, and plan-safety review has not been completed; use for lookup and daily tracking only."
fndds_crackers_water,True,False,False,USDA_FNDDS_LOOKUP_TRACKING_ONLY,not_for_plan,"Official USDA nutrient data. Mazaj+ allergen, health-condition, mood, and plan-safety review has not been completed; use for lookup and daily tracking only."
fndds_crackers_wheat,True,False,False,USDA_FNDDS_LOOKUP_TRACKING_ONLY,not_for_plan,"Official USDA nutrient data. Mazaj+ allergen, health-condition, mood, and plan-safety review has not been completed; use for lookup and daily tracking only."
fndds_crackers_oyster,True,False,False,USDA_FNDDS_LOOKUP_TRACKING_ONLY,not_for_plan,"Official USDA nutrient data. Mazaj+ allergen, health-condition, mood, and plan-safety review has not been completed; use for lookup and daily tracking only."
fndds_crackers_saltine,True,False,False,USDA_FNDDS_LOOKUP_TRACKING_ONLY,not_for_plan,"Official USDA nutrient data. Mazaj+ allergen, health-condition, mood, and plan-safety review has not been completed; use for lookup and daily tracking only."
fndds_crackers_saltine_multigrain,True,False,False,USDA_FNDDS_LOOKUP_TRACKING_ONLY,not_for_plan,"Official USDA nutrient data. Mazaj+ allergen, health-condition, mood, and plan-safety review has not been completed; use for lookup and daily tracking only."
fndds_crackers_saltine_reduced_fat,True,False,False,USDA_FNDDS_LOOKUP_TRACKING_ONLY,not_for_plan,"Official USDA nutrient data. Mazaj+ allergen, health-condition, mood, and plan-safety review has not been completed; use for lookup and daily tracking only."
fndds_milk_n_cereal_bar,True,False,False,USDA_FNDDS_LOOKUP_TRACKING_ONLY,not_for_plan,"Official USDA nutrient data. Mazaj+ allergen, health-condition, mood, and plan-safety review has not been completed; use for lookup and daily tracking only."
fndds_snack_bar_oatmeal,True,False,False,USDA_FNDDS_LOOKUP_TRACKING_ONLY,not_for_plan,"Official USDA nutrient data. Mazaj+ allergen, health-condition, mood, and plan-safety review has not been completed; use for lookup and daily tracking only."
fndds_cereal_or_granola_bar_nonfat,True,False,False,USDA_FNDDS_LOOKUP_TRACKING_ONLY,not_for_plan,"Official USDA nutrient data. Mazaj+ allergen, health-condition, mood, and plan-safety review has not been completed; use for lookup and daily tracking only."
fndds_cereal_or_granola_bar_fruit_and_nut,True,False,False,USDA_FNDDS_LOOKUP_TRACKING_ONLY,not_for_plan,"Official USDA nutrient data. Mazaj+ allergen, health-condition, mood, and plan-safety review has not been completed; use for lookup and daily tracking only."
fndds_cereal_or_granola_bar_with_rice_cereal,True,False,False,USDA_FNDDS_LOOKUP_TRACKING_ONLY,not_for_plan,"Official USDA nutrient data. Mazaj+ allergen, health-condition, mood, and plan-safety review has not been completed; use for lookup and daily tracking only."
fndds_cereal_or_granola_bar_quaker_granola_bites,True,False,False,USDA_FNDDS_LOOKUP_TRACKING_ONLY,not_for_plan,"Official USDA nutrient data. Mazaj+ allergen, health-condition, mood, and plan-safety review has not been completed; use for lookup and daily tracking only."
fndds_breakfast_bar_date_with_yogurt_coating,True,False,False,USDA_FNDDS_LOOKUP_TRACKING_ONLY,not_for_plan,"Official USDA nutrient data. Mazaj+ allergen, health-condition, mood, and plan-safety review has not been completed; use for lookup and daily tracking only."
fndds_cereal_or_granola_bar_kind_fruit_and_nut_bar,True,False,False,USDA_FNDDS_LOOKUP_TRACKING_ONLY,not_for_plan,"Official USDA nutrient data. Mazaj+ allergen, health-condition, mood, and plan-safety review has not been completed; use for lookup and daily tracking only."
fndds_cereal_or_granola_bar_kellogg_s_special_k_bar,True,False,False,USDA_FNDDS_LOOKUP_TRACKING_ONLY,not_for_plan,"Official USDA nutrient data. Mazaj+ allergen, health-condition, mood, and plan-safety review has not been completed; use for lookup and daily tracking only."
fndds_nutrition_bar_clif_bar,True,False,False,USDA_FNDDS_LOOKUP_TRACKING_ONLY,not_for_plan,"Official USDA nutrient data. Mazaj+ allergen, health-condition, mood, and plan-safety review has not been completed; use for lookup and daily tracking only."
fndds_nutrition_bar_powerbar,True,False,False,USDA_FNDDS_LOOKUP_TRACKING_ONLY,not_for_plan,"Official USDA nutrient data. Mazaj+ allergen, health-condition, mood, and plan-safety review has not been completed; use for lookup and daily tracking only."
fndds_nutrition_bar_tiger_s_milk,True,False,False,USDA_FNDDS_LOOKUP_TRACKING_ONLY,not_for_plan,"Official USDA nutrient data. Mazaj+ allergen, health-condition, mood, and plan-safety review has not been completed; use for lookup and daily tracking only."
fndds_cereal_or_granola_bar_kashi_chewy,True,False,False,USDA_FNDDS_LOOKUP_TRACKING_ONLY,not_for_plan,"Official USDA nutrient data. Mazaj+ allergen, health-condition, mood, and plan-safety review has not been completed; use for lookup and daily tracking only."
fndds_nutrition_bar_balance_original_bar,True,False,False,USDA_FNDDS_LOOKUP_TRACKING_ONLY,not_for_plan,"Official USDA nutrient data. Mazaj+ allergen, health-condition, mood, and plan-safety review has not been completed; use for lookup and daily tracking only."
fndds_cereal_or_granola_bar_kashi_crunchy,True,False,False,USDA_FNDDS_LOOKUP_TRACKING_ONLY,not_for_plan,"Official USDA nutrient data. Mazaj+ allergen, health-condition, mood, and plan-safety review has not been completed; use for lookup and daily tracking only."
fndds_baklava,True,False,False,USDA_FNDDS_LOOKUP_TRACKING_ONLY,not_for_plan,"Official USDA nutrient data. Mazaj+ allergen, health-condition, mood, and plan-safety review has not been completed; use for lookup and daily tracking only."
fndds_tiramisu,True,False,False,USDA_FNDDS_LOOKUP_TRACKING_ONLY,not_for_plan,"Official USDA nutrient data. Mazaj+ allergen, health-condition, mood, and plan-safety review has not been completed; use for lookup and daily tracking only."
fndds_pie_shell,True,False,False,USDA_FNDDS_LOOKUP_TRACKING_ONLY,not_for_plan,"Official USDA nutrient data. Mazaj+ allergen, health-condition, mood, and plan-safety review has not been completed; use for lookup and daily tracking only."
fndds_dessert_pizza,True,False,False,USDA_FNDDS_LOOKUP_TRACKING_ONLY,not_for_plan,"Official USDA nutrient data. Mazaj+ allergen, health-condition, mood, and plan-safety review has not been completed; use for lookup and daily tracking only."
fndds_pie_apple,True,False,False,USDA_FNDDS_LOOKUP_TRACKING_ONLY,not_for_plan,"Official USDA nutrient data. Mazaj+ allergen, health-condition, mood, and plan-safety review has not been completed; use for lookup and daily tracking only."
fndds_pie_berry,True,False,False,USDA_FNDDS_LOOKUP_TRACKING_ONLY,not_for_plan,"Official USDA nutrient data. Mazaj+ allergen, health-condition, mood, and plan-safety review has not been completed; use for lookup and daily tracking only."
fndds_pie_lemon,True,False,False,USDA_FNDDS_LOOKUP_TRACKING_ONLY,not_for_plan,"Official USDA nutrient data. Mazaj+ allergen, health-condition, mood, and plan-safety review has not been completed; use for lookup and daily tracking only."
fndds_pie_peach,True,False,False,USDA_FNDDS_LOOKUP_TRACKING_ONLY,not_for_plan,"Official USDA nutrient data. Mazaj+ allergen, health-condition, mood, and plan-safety review has not been completed; use for lookup and daily tracking only."
fndds_pie_pecan,True,False,False,USDA_FNDDS_LOOKUP_TRACKING_ONLY,not_for_plan,"Official USDA nutrient data. Mazaj+ allergen, health-condition, mood, and plan-safety review has not been completed; use for lookup and daily tracking only."
fndds_ice_cream_cake,True,False,False,USDA_FNDDS_LOOKUP_TRACKING_ONLY,not_for_plan,"Official USDA nutrient data. Mazaj+ allergen, health-condition, mood, and plan-safety review has not been completed; use for lookup and daily tracking only."
fndds_pie_strawberry,True,False,False,USDA_FNDDS_LOOKUP_TRACKING_ONLY,not_for_plan,"Official USDA nutrient data. Mazaj+ allergen, health-condition, mood, and plan-safety review has not been completed; use for lookup and daily tracking only."
fndds_cake_cream,True,False,False,USDA_FNDDS_LOOKUP_TRACKING_ONLY,not_for_plan,"Official USDA nutrient data. Mazaj+ allergen, health-condition, mood, and plan-safety review has not been completed; use for lookup and daily tracking only."
fndds_cake_pound,True,False,False,USDA_FNDDS_LOOKUP_TRACKING_ONLY,not_for_plan,"Official USDA nutrient data. Mazaj+ allergen, health-condition, mood, and plan-safety review has not been completed; use for lookup and daily tracking only."
fndds_cake_torte,True,False,False,USDA_FNDDS_LOOKUP_TRACKING_ONLY,not_for_plan,"Official USDA nutrient data. Mazaj+ allergen, health-condition, mood, and plan-safety review has not been completed; use for lookup and daily tracking only."
fndds_pie_cherry,True,False,False,USDA_FNDDS_LOOKUP_TRACKING_ONLY,not_for_plan,"Official USDA nutrient data. Mazaj+ allergen, health-condition, mood, and plan-safety review has not been completed; use for lookup and daily tracking only."
fndds_cake_sponge,True,False,False,USDA_FNDDS_LOOKUP_TRACKING_ONLY,not_for_plan,"Official USDA nutrient data. Mazaj+ allergen, health-condition, mood, and plan-safety review has not been completed; use for lookup and daily tracking only."
fndds_pocky,True,False,False,USDA_FNDDS_LOOKUP_TRACKING_ONLY,not_for_plan,"Official USDA nutrient data. Mazaj+ allergen, health-condition, mood, and plan-safety review has not been completed; use for lookup and daily tracking only."
fndds_marie_biscuit,True,False,False,USDA_FNDDS_LOOKUP_TRACKING_ONLY,not_for_plan,"Official USDA nutrient data. Mazaj+ allergen, health-condition, mood, and plan-safety review has not been completed; use for lookup and daily tracking only."
fndds_anisette_toast,True,False,False,USDA_FNDDS_LOOKUP_TRACKING_ONLY,not_for_plan,"Official USDA nutrient data. Mazaj+ allergen, health-condition, mood, and plan-safety review has not been completed; use for lookup and daily tracking only."
fndds_graham_crackers,True,False,False,USDA_FNDDS_LOOKUP_TRACKING_ONLY,not_for_plan,"Official USDA nutrient data. Mazaj+ allergen, health-condition, mood, and plan-safety review has not been completed; use for lookup and daily tracking only."
fndds_cookie_almond,True,False,False,USDA_FNDDS_LOOKUP_TRACKING_ONLY,not_for_plan,"Official USDA nutrient data. Mazaj+ allergen, health-condition, mood, and plan-safety review has not been completed; use for lookup and daily tracking only."
fndds_cookie_raisin,True,False,False,USDA_FNDDS_LOOKUP_TRACKING_ONLY,not_for_plan,"Official USDA nutrient data. Mazaj+ allergen, health-condition, mood, and plan-safety review has not been completed; use for lookup and daily tracking only."
fndds_cookie_animal,True,False,False,USDA_FNDDS_LOOKUP_TRACKING_ONLY,not_for_plan,"Official USDA nutrient data. Mazaj+ allergen, health-condition, mood, and plan-safety review has not been completed; use for lookup and daily tracking only."
fndds_cookie_coconut,True,False,False,USDA_FNDDS_LOOKUP_TRACKING_ONLY,not_for_plan,"Official USDA nutrient data. Mazaj+ allergen, health-condition, mood, and plan-safety review has not been completed; use for lookup and daily tracking only."
fndds_cookie_fig_bar,True,False,False,USDA_FNDDS_LOOKUP_TRACKING_ONLY,not_for_plan,"Official USDA nutrient data. Mazaj+ allergen, health-condition, mood, and plan-safety review has not been completed; use for lookup and daily tracking only."
fndds_cookie_fortune,True,False,False,USDA_FNDDS_LOOKUP_TRACKING_ONLY,not_for_plan,"Official USDA nutrient data. Mazaj+ allergen, health-condition, mood, and plan-safety review has not been completed; use for lookup and daily tracking only."
fndds_cookie_granola,True,False,False,USDA_FNDDS_LOOKUP_TRACKING_ONLY,not_for_plan,"Official USDA nutrient data. Mazaj+ allergen, health-condition, mood, and plan-safety review has not been completed; use for lookup and daily tracking only."
fndds_cookie_oatmeal,True,False,False,USDA_FNDDS_LOOKUP_TRACKING_ONLY,not_for_plan,"Official USDA nutrient data. Mazaj+ allergen, health-condition, mood, and plan-safety review has not been completed; use for lookup and daily tracking only."
fndds_cookie_pumpkin,True,False,False,USDA_FNDDS_LOOKUP_TRACKING_ONLY,not_for_plan,"Official USDA nutrient data. Mazaj+ allergen, health-condition, mood, and plan-safety review has not been completed; use for lookup and daily tracking only."
fndds_crackers_cuban,True,False,False,USDA_FNDDS_LOOKUP_TRACKING_ONLY,not_for_plan,"Official USDA nutrient data. Mazaj+ allergen, health-condition, mood, and plan-safety review has not been completed; use for lookup and daily tracking only."
fndds_cookie_biscotti,True,False,False,USDA_FNDDS_LOOKUP_TRACKING_ONLY,not_for_plan,"Official USDA nutrient data. Mazaj+ allergen, health-condition, mood, and plan-safety review has not been completed; use for lookup and daily tracking only."
fndds_cookie_macaroon,True,False,False,USDA_FNDDS_LOOKUP_TRACKING_ONLY,not_for_plan,"Official USDA nutrient data. Mazaj+ allergen, health-condition, mood, and plan-safety review has not been completed; use for lookup and daily tracking only."
fndds_cookie_meringue,True,False,False,USDA_FNDDS_LOOKUP_TRACKING_ONLY,not_for_plan,"Official USDA nutrient data. Mazaj+ allergen, health-condition, mood, and plan-safety review has not been completed; use for lookup and daily tracking only."
fndds_brioche,True,False,False,USDA_FNDDS_LOOKUP_TRACKING_ONLY,not_for_plan,"Official USDA nutrient data. Mazaj+ allergen, health-condition, mood, and plan-safety review has not been completed; use for lookup and daily tracking only."
fndds_churros,True,False,False,USDA_FNDDS_LOOKUP_TRACKING_ONLY,not_for_plan,"Official USDA nutrient data. Mazaj+ allergen, health-condition, mood, and plan-safety review has not been completed; use for lookup and daily tracking only."
fndds_beignet,True,False,False,USDA_FNDDS_LOOKUP_TRACKING_ONLY,not_for_plan,"Official USDA nutrient data. Mazaj+ allergen, health-condition, mood, and plan-safety review has not been completed; use for lookup and daily tracking only."
fndds_croissant,True,False,False,USDA_FNDDS_LOOKUP_TRACKING_ONLY,not_for_plan,"Official USDA nutrient data. Mazaj+ allergen, health-condition, mood, and plan-safety review has not been completed; use for lookup and daily tracking only."
fndds_pannetone,True,False,False,USDA_FNDDS_LOOKUP_TRACKING_ONLY,not_for_plan,"Official USDA nutrient data. Mazaj+ allergen, health-condition, mood, and plan-safety review has not been completed; use for lookup and daily tracking only."
fndds_fritter_plain,True,False,False,USDA_FNDDS_LOOKUP_TRACKING_ONLY,not_for_plan,"Official USDA nutrient data. Mazaj+ allergen, health-condition, mood, and plan-safety review has not been completed; use for lookup and daily tracking only."
fndds_doughnut_holes,True,False,False,USDA_FNDDS_LOOKUP_TRACKING_ONLY,not_for_plan,"Official USDA nutrient data. Mazaj+ allergen, health-condition, mood, and plan-safety review has not been completed; use for lookup and daily tracking only."
fndds_breakfast_tart,True,False,False,USDA_FNDDS_LOOKUP_TRACKING_ONLY,not_for_plan,"Official USDA nutrient data. Mazaj+ allergen, health-condition, mood, and plan-safety review has not been completed; use for lookup and daily tracking only."
fndds_pastry_puff,True,False,False,USDA_FNDDS_LOOKUP_TRACKING_ONLY,not_for_plan,"Official USDA nutrient data. Mazaj+ allergen, health-condition, mood, and plan-safety review has not been completed; use for lookup and daily tracking only."
fndds_tamale_sweet,True,False,False,USDA_FNDDS_LOOKUP_TRACKING_ONLY,not_for_plan,"Official USDA nutrient data. Mazaj+ allergen, health-condition, mood, and plan-safety review has not been completed; use for lookup and daily tracking only."
fndds_fritter_fruit,True,False,False,USDA_FNDDS_LOOKUP_TRACKING_ONLY,not_for_plan,"Official USDA nutrient data. Mazaj+ allergen, health-condition, mood, and plan-safety review has not been completed; use for lookup and daily tracking only."
fndds_doughnut_jelly,True,False,False,USDA_FNDDS_LOOKUP_TRACKING_ONLY,not_for_plan,"Official USDA nutrient data. Mazaj+ allergen, health-condition, mood, and plan-safety review has not been completed; use for lookup and daily tracking only."
fndds_cheese_pastry_puffs,True,False,False,USDA_FNDDS_LOOKUP_TRACKING_ONLY,not_for_plan,"Official USDA nutrient data. Mazaj+ allergen, health-condition, mood, and plan-safety review has not been completed; use for lookup and daily tracking only."
fndds_croissant_fruit,True,False,False,USDA_FNDDS_LOOKUP_TRACKING_ONLY,not_for_plan,"Official USDA nutrient data. Mazaj+ allergen, health-condition, mood, and plan-safety review has not been completed; use for lookup and daily tracking only."
fndds_chocolate_candy,True,False,False,USDA_FNDDS_LOOKUP_TRACKING_ONLY,not_for_plan,"Official USDA nutrient data. Mazaj+ allergen, health-condition, mood, and plan-safety review has not been completed; use for lookup and daily tracking only."
fndds_chocolate_chips,True,False,False,USDA_FNDDS_LOOKUP_TRACKING_ONLY,not_for_plan,"Official USDA nutrient data. Mazaj+ allergen, health-condition, mood, and plan-safety review has not been completed; use for lookup and daily tracking only."
fndds_dark_chocolate_candy,True,False,False,USDA_FNDDS_LOOKUP_TRACKING_ONLY,not_for_plan,"Official USDA nutrient data. Mazaj+ allergen, health-condition, mood, and plan-safety review has not been completed; use for lookup and daily tracking only."
fndds_chocolate_candy_with_nuts,True,False,False,USDA_FNDDS_LOOKUP_TRACKING_ONLY,not_for_plan,"Official USDA nutrient data. Mazaj+ allergen, health-condition, mood, and plan-safety review has not been completed; use for lookup and daily tracking only."
fndds_chocolate_candy_fudge,True,False,False,USDA_FNDDS_LOOKUP_TRACKING_ONLY,not_for_plan,"Official USDA nutrient data. Mazaj+ allergen, health-condition, mood, and plan-safety review has not been completed; use for lookup and daily tracking only."
fndds_chocolate_candy_with_cereal,True,False,False,USDA_FNDDS_LOOKUP_TRACKING_ONLY,not_for_plan,"Official USDA nutrient data. Mazaj+ allergen, health-condition, mood, and plan-safety review has not been completed; use for lookup and daily tracking only."
fndds_dark_chocolate_candy_with_nuts,True,False,False,USDA_FNDDS_LOOKUP_TRACKING_ONLY,not_for_plan,"Official USDA nutrient data. Mazaj+ allergen, health-condition, mood, and plan-safety review has not been completed; use for lookup and daily tracking only."
fndds_chocolate_candy_sugar_free,True,False,False,USDA_FNDDS_LOOKUP_TRACKING_ONLY,not_for_plan,"Official USDA nutrient data. Mazaj+ allergen, health-condition, mood, and plan-safety review has not been completed; use for lookup and daily tracking only."
fndds_cough_drops,True,False,False,USDA_FNDDS_LOOKUP_TRACKING_ONLY,not_for_plan,"Official USDA nutrient data. Mazaj+ allergen, health-condition, mood, and plan-safety review has not been completed; use for lookup and daily tracking only."
fndds_chewing_gum,True,False,False,USDA_FNDDS_LOOKUP_TRACKING_ONLY,not_for_plan,"Official USDA nutrient data. Mazaj+ allergen, health-condition, mood, and plan-safety review has not been completed; use for lookup and daily tracking only."
fndds_candy_mint,True,False,False,USDA_FNDDS_LOOKUP_TRACKING_ONLY,not_for_plan,"Official USDA nutrient data. Mazaj+ allergen, health-condition, mood, and plan-safety review has not been completed; use for lookup and daily tracking only."
fndds_candy_hard,True,False,False,USDA_FNDDS_LOOKUP_TRACKING_ONLY,not_for_plan,"Official USDA nutrient data. Mazaj+ allergen, health-condition, mood, and plan-safety review has not been completed; use for lookup and daily tracking only."
fndds_candy_taffy,True,False,False,USDA_FNDDS_LOOKUP_TRACKING_ONLY,not_for_plan,"Official USDA nutrient data. Mazaj+ allergen, health-condition, mood, and plan-safety review has not been completed; use for lookup and daily tracking only."
fndds_candy_cotton,True,False,False,USDA_FNDDS_LOOKUP_TRACKING_ONLY,not_for_plan,"Official USDA nutrient data. Mazaj+ allergen, health-condition, mood, and plan-safety review has not been completed; use for lookup and daily tracking only."
fndds_candy_caramel,True,False,False,USDA_FNDDS_LOOKUP_TRACKING_ONLY,not_for_plan,"Official USDA nutrient data. Mazaj+ allergen, health-condition, mood, and plan-safety review has not been completed; use for lookup and daily tracking only."
fndds_candy_licorice,True,False,False,USDA_FNDDS_LOOKUP_TRACKING_ONLY,not_for_plan,"Official USDA nutrient data. Mazaj+ allergen, health-condition, mood, and plan-safety review has not been completed; use for lookup and daily tracking only."
fndds_creamsicle,True,False,False,USDA_FNDDS_LOOKUP_TRACKING_ONLY,not_for_plan,"Official USDA nutrient data. Mazaj+ allergen, health-condition, mood, and plan-safety review has not been completed; use for lookup and daily tracking only."
fndds_fudgesicle,True,False,False,USDA_FNDDS_LOOKUP_TRACKING_ONLY,not_for_plan,"Official USDA nutrient data. Mazaj+ allergen, health-condition, mood, and plan-safety review has not been completed; use for lookup and daily tracking only."
fndds_banana_split,True,False,False,USDA_FNDDS_LOOKUP_TRACKING_ONLY,not_for_plan,"Official USDA nutrient data. Mazaj+ allergen, health-condition, mood, and plan-safety review has not been completed; use for lookup and daily tracking only."
fndds_gelato_vanilla,True,False,False,USDA_FNDDS_LOOKUP_TRACKING_ONLY,not_for_plan,"Official USDA nutrient data. Mazaj+ allergen, health-condition, mood, and plan-safety review has not been completed; use for lookup and daily tracking only."
fndds_ice_cream_candy_bar,True,False,False,USDA_FNDDS_LOOKUP_TRACKING_ONLY,not_for_plan,"Official USDA nutrient data. Mazaj+ allergen, health-condition, mood, and plan-safety review has not been completed; use for lookup and daily tracking only."
fndds_ice_cream_fried,True,False,False,USDA_FNDDS_LOOKUP_TRACKING_ONLY,not_for_plan,"Official USDA nutrient data. Mazaj+ allergen, health-condition, mood, and plan-safety review has not been completed; use for lookup and daily tracking only."
fndds_gelato_chocolate,True,False,False,USDA_FNDDS_LOOKUP_TRACKING_ONLY,not_for_plan,"Official USDA nutrient data. Mazaj+ allergen, health-condition, mood, and plan-safety review has not been completed; use for lookup and daily tracking only."
fndds_fudgesicle_light,True,False,False,USDA_FNDDS_LOOKUP_TRACKING_ONLY,not_for_plan,"Official USDA nutrient data. Mazaj+ allergen, health-condition, mood, and plan-safety review has not been completed; use for lookup and daily tracking only."
fndds_frozen_yogurt_sandwich,True,False,False,USDA_FNDDS_LOOKUP_TRACKING_ONLY,not_for_plan,"Official USDA nutrient data. Mazaj+ allergen, health-condition, mood, and plan-safety review has not been completed; use for lookup and daily tracking only."
fndds_ice_cream_chocolate,True,False,False,USDA_FNDDS_LOOKUP_TRACKING_ONLY,not_for_plan,"Official USDA nutrient data. Mazaj+ allergen, health-condition, mood, and plan-safety review has not been completed; use for lookup and daily tracking only."
fndds_sherbet_all_flavors,True,False,False,USDA_FNDDS_LOOKUP_TRACKING_ONLY,not_for_plan,"Official USDA nutrient data. Mazaj+ allergen, health-condition, mood, and plan-safety review has not been completed; use for lookup and daily tracking only."
fndds_ice_cream_cookie_sandwich,True,False,False,USDA_FNDDS_LOOKUP_TRACKING_ONLY,not_for_plan,"Official USDA nutrient data. Mazaj+ allergen, health-condition, mood, and plan-safety review has not been completed; use for lookup and daily tracking only."
fndds_frozen_yogurt_vanilla,True,False,False,USDA_FNDDS_LOOKUP_TRACKING_ONLY,not_for_plan,"Official USDA nutrient data. Mazaj+ allergen, health-condition, mood, and plan-safety review has not been completed; use for lookup and daily tracking only."
fndds_flan,True,False,False,USDA_FNDDS_LOOKUP_TRACKING_ONLY,not_for_plan,"Official USDA nutrient data. Mazaj+ allergen, health-condition, mood, and plan-safety review has not been completed; use for lookup and daily tracking only."
fndds_mousse,True,False,False,USDA_FNDDS_LOOKUP_TRACKING_ONLY,not_for_plan,"Official USDA nutrient data. Mazaj+ allergen, health-condition, mood, and plan-safety review has not been completed; use for lookup and daily tracking only."
fndds_trifle,True,False,False,USDA_FNDDS_LOOKUP_TRACKING_ONLY,not_for_plan,"Official USDA nutrient data. Mazaj+ allergen, health-condition, mood, and plan-safety review has not been completed; use for lookup and daily tracking only."
fndds_haupia,True,False,False,USDA_FNDDS_LOOKUP_TRACKING_ONLY,not_for_plan,"Official USDA nutrient data. Mazaj+ allergen, health-condition, mood, and plan-safety review has not been completed; use for lookup and daily tracking only."
fndds_custard,True,False,False,USDA_FNDDS_LOOKUP_TRACKING_ONLY,not_for_plan,"Official USDA nutrient data. Mazaj+ allergen, health-condition, mood, and plan-safety review has not been completed; use for lookup and daily tracking only."
fndds_meringues,True,False,False,USDA_FNDDS_LOOKUP_TRACKING_ONLY,not_for_plan,"Official USDA nutrient data. Mazaj+ allergen, health-condition, mood, and plan-safety review has not been completed; use for lookup and daily tracking only."
fndds_creme_brulee,True,False,False,USDA_FNDDS_LOOKUP_TRACKING_ONLY,not_for_plan,"Official USDA nutrient data. Mazaj+ allergen, health-condition, mood, and plan-safety review has not been completed; use for lookup and daily tracking only."
fndds_lime_souffle,True,False,False,USDA_FNDDS_LOOKUP_TRACKING_ONLY,not_for_plan,"Official USDA nutrient data. Mazaj+ allergen, health-condition, mood, and plan-safety review has not been completed; use for lookup and daily tracking only."
fndds_yokan,True,False,False,USDA_FNDDS_LOOKUP_TRACKING_ONLY,not_for_plan,"Official USDA nutrient data. Mazaj+ allergen, health-condition, mood, and plan-safety review has not been completed; use for lookup and daily tracking only."
fndds_sorbet,True,False,False,USDA_FNDDS_LOOKUP_TRACKING_ONLY,not_for_plan,"Official USDA nutrient data. Mazaj+ allergen, health-condition, mood, and plan-safety review has not been completed; use for lookup and daily tracking only."
fndds_popsicle,True,False,False,USDA_FNDDS_LOOKUP_TRACKING_ONLY,not_for_plan,"Official USDA nutrient data. Mazaj+ allergen, health-condition, mood, and plan-safety review has not been completed; use for lookup and daily tracking only."
fndds_snow_cone,True,False,False,USDA_FNDDS_LOOKUP_TRACKING_ONLY,not_for_plan,"Official USDA nutrient data. Mazaj+ allergen, health-condition, mood, and plan-safety review has not been completed; use for lookup and daily tracking only."
fndds_italian_ice,True,False,False,USDA_FNDDS_LOOKUP_TRACKING_ONLY,not_for_plan,"Official USDA nutrient data. Mazaj+ allergen, health-condition, mood, and plan-safety review has not been completed; use for lookup and daily tracking only."
fndds_freezer_pop,True,False,False,USDA_FNDDS_LOOKUP_TRACKING_ONLY,not_for_plan,"Official USDA nutrient data. Mazaj+ allergen, health-condition, mood, and plan-safety review has not been completed; use for lookup and daily tracking only."
fndds_gelatin_dessert,True,False,False,USDA_FNDDS_LOOKUP_TRACKING_ONLY,not_for_plan,"Official USDA nutrient data. Mazaj+ allergen, health-condition, mood, and plan-safety review has not been completed; use for lookup and daily tracking only."
fndds_apple_raw,True,False,False,USDA_FNDDS_LOOKUP_TRACKING_ONLY,not_for_plan,"Official USDA nutrient data. Mazaj+ allergen, health-condition, mood, and plan-safety review has not been completed; use for lookup and daily tracking only."
fndds_apple_baked,True,False,False,USDA_FNDDS_LOOKUP_TRACKING_ONLY,not_for_plan,"Official USDA nutrient data. Mazaj+ allergen, health-condition, mood, and plan-safety review has not been completed; use for lookup and daily tracking only."
fndds_apple_pie_filling,True,False,False,USDA_FNDDS_LOOKUP_TRACKING_ONLY,not_for_plan,"Official USDA nutrient data. Mazaj+ allergen, health-condition, mood, and plan-safety review has not been completed; use for lookup and daily tracking only."
fndds_apple_candied,True,False,False,USDA_FNDDS_LOOKUP_TRACKING_ONLY,not_for_plan,"Official USDA nutrient data. Mazaj+ allergen, health-condition, mood, and plan-safety review has not been completed; use for lookup and daily tracking only."
fndds_banana_raw,True,False,False,USDA_FNDDS_LOOKUP_TRACKING_ONLY,not_for_plan,"Official USDA nutrient data. Mazaj+ allergen, health-condition, mood, and plan-safety review has not been completed; use for lookup and daily tracking only."
fndds_banana_baked,True,False,False,USDA_FNDDS_LOOKUP_TRACKING_ONLY,not_for_plan,"Official USDA nutrient data. Mazaj+ allergen, health-condition, mood, and plan-safety review has not been completed; use for lookup and daily tracking only."
fndds_grapes_raw,True,False,False,USDA_FNDDS_LOOKUP_TRACKING_ONLY,not_for_plan,"Official USDA nutrient data. Mazaj+ allergen, health-condition, mood, and plan-safety review has not been completed; use for lookup and daily tracking only."
fndds_peach_raw,True,False,False,USDA_FNDDS_LOOKUP_TRACKING_ONLY,not_for_plan,"Official USDA nutrient data. Mazaj+ allergen, health-condition, mood, and plan-safety review has not been completed; use for lookup and daily tracking only."
fndds_nectarine_raw,True,False,False,USDA_FNDDS_LOOKUP_TRACKING_ONLY,not_for_plan,"Official USDA nutrient data. Mazaj+ allergen, health-condition, mood, and plan-safety review has not been completed; use for lookup and daily tracking only."
fndds_peach_frozen,True,False,False,USDA_FNDDS_LOOKUP_TRACKING_ONLY,not_for_plan,"Official USDA nutrient data. Mazaj+ allergen, health-condition, mood, and plan-safety review has not been completed; use for lookup and daily tracking only."
fndds_peach_canned_in_syrup,True,False,False,USDA_FNDDS_LOOKUP_TRACKING_ONLY,not_for_plan,"Official USDA nutrient data. Mazaj+ allergen, health-condition, mood, and plan-safety review has not been completed; use for lookup and daily tracking only."
fndds_strawberries_canned,True,False,False,USDA_FNDDS_LOOKUP_TRACKING_ONLY,not_for_plan,"Official USDA nutrient data. Mazaj+ allergen, health-condition, mood, and plan-safety review has not been completed; use for lookup and daily tracking only."
fndds_strawberries_frozen,True,False,False,USDA_FNDDS_LOOKUP_TRACKING_ONLY,not_for_plan,"Official USDA nutrient data. Mazaj+ allergen, health-condition, mood, and plan-safety review has not been completed; use for lookup and daily tracking only."
fndds_cranberry_sauce,True,False,False,USDA_FNDDS_LOOKUP_TRACKING_ONLY,not_for_plan,"Official USDA nutrient data. Mazaj+ allergen, health-condition, mood, and plan-safety review has not been completed; use for lookup and daily tracking only."
fndds_blueberries_raw,True,False,False,USDA_FNDDS_LOOKUP_TRACKING_ONLY,not_for_plan,"Official USDA nutrient data. Mazaj+ allergen, health-condition, mood, and plan-safety review has not been completed; use for lookup and daily tracking only."
fndds_cranberries_raw,True,False,False,USDA_FNDDS_LOOKUP_TRACKING_ONLY,not_for_plan,"Official USDA nutrient data. Mazaj+ allergen, health-condition, mood, and plan-safety review has not been completed; use for lookup and daily tracking only."
fndds_raspberries_raw,True,False,False,USDA_FNDDS_LOOKUP_TRACKING_ONLY,not_for_plan,"Official USDA nutrient data. Mazaj+ allergen, health-condition, mood, and plan-safety review has not been completed; use for lookup and daily tracking only."
fndds_blackberries_raw,True,False,False,USDA_FNDDS_LOOKUP_TRACKING_ONLY,not_for_plan,"Official USDA nutrient data. Mazaj+ allergen, health-condition, mood, and plan-safety review has not been completed; use for lookup and daily tracking only."
fndds_lime_raw,True,False,False,USDA_FNDDS_LOOKUP_TRACKING_ONLY,not_for_plan,"Official USDA nutrient data. Mazaj+ allergen, health-condition, mood, and plan-safety review has not been completed; use for lookup and daily tracking only."
fndds_lemon_raw,True,False,False,USDA_FNDDS_LOOKUP_TRACKING_ONLY,not_for_plan,"Official USDA nutrient data. Mazaj+ allergen, health-condition, mood, and plan-safety review has not been completed; use for lookup and daily tracking only."
fndds_orange_raw,True,False,False,USDA_FNDDS_LOOKUP_TRACKING_ONLY,not_for_plan,"Official USDA nutrient data. Mazaj+ allergen, health-condition, mood, and plan-safety review has not been completed; use for lookup and daily tracking only."
fndds_kumquat_raw,True,False,False,USDA_FNDDS_LOOKUP_TRACKING_ONLY,not_for_plan,"Official USDA nutrient data. Mazaj+ allergen, health-condition, mood, and plan-safety review has not been completed; use for lookup and daily tracking only."
fndds_tangerine_raw,True,False,False,USDA_FNDDS_LOOKUP_TRACKING_ONLY,not_for_plan,"Official USDA nutrient data. Mazaj+ allergen, health-condition, mood, and plan-safety review has not been completed; use for lookup and daily tracking only."
fndds_watermelon_raw,True,False,False,USDA_FNDDS_LOOKUP_TRACKING_ONLY,not_for_plan,"Official USDA nutrient data. Mazaj+ allergen, health-condition, mood, and plan-safety review has not been completed; use for lookup and daily tracking only."
fndds_melon_frozen,True,False,False,USDA_FNDDS_LOOKUP_TRACKING_ONLY,not_for_plan,"Official USDA nutrient data. Mazaj+ allergen, health-condition, mood, and plan-safety review has not been completed; use for lookup and daily tracking only."
fndds_honeydew_melon_raw,True,False,False,USDA_FNDDS_LOOKUP_TRACKING_ONLY,not_for_plan,"Official USDA nutrient data. Mazaj+ allergen, health-condition, mood, and plan-safety review has not been completed; use for lookup and daily tracking only."
fndds_date,True,False,False,USDA_FNDDS_LOOKUP_TRACKING_ONLY,not_for_plan,"Official USDA nutrient data. Mazaj+ allergen, health-condition, mood, and plan-safety review has not been completed; use for lookup and daily tracking only."
fndds_raisins,True,False,False,USDA_FNDDS_LOOKUP_TRACKING_ONLY,not_for_plan,"Official USDA nutrient data. Mazaj+ allergen, health-condition, mood, and plan-safety review has not been completed; use for lookup and daily tracking only."
fndds_banana_chips,True,False,False,USDA_FNDDS_LOOKUP_TRACKING_ONLY,not_for_plan,"Official USDA nutrient data. Mazaj+ allergen, health-condition, mood, and plan-safety review has not been completed; use for lookup and daily tracking only."
fndds_fig_dried,True,False,False,USDA_FNDDS_LOOKUP_TRACKING_ONLY,not_for_plan,"Official USDA nutrient data. Mazaj+ allergen, health-condition, mood, and plan-safety review has not been completed; use for lookup and daily tracking only."
fndds_pear_dried,True,False,False,USDA_FNDDS_LOOKUP_TRACKING_ONLY,not_for_plan,"Official USDA nutrient data. Mazaj+ allergen, health-condition, mood, and plan-safety review has not been completed; use for lookup and daily tracking only."
fndds_apple_dried,True,False,False,USDA_FNDDS_LOOKUP_TRACKING_ONLY,not_for_plan,"Official USDA nutrient data. Mazaj+ allergen, health-condition, mood, and plan-safety review has not been completed; use for lookup and daily tracking only."
fndds_mango_dried,True,False,False,USDA_FNDDS_LOOKUP_TRACKING_ONLY,not_for_plan,"Official USDA nutrient data. Mazaj+ allergen, health-condition, mood, and plan-safety review has not been completed; use for lookup and daily tracking only."
fndds_lychee,True,False,False,USDA_FNDDS_LOOKUP_TRACKING_ONLY,not_for_plan,"Official USDA nutrient data. Mazaj+ allergen, health-condition, mood, and plan-safety review has not been completed; use for lookup and daily tracking only."
fndds_rhubarb,True,False,False,USDA_FNDDS_LOOKUP_TRACKING_ONLY,not_for_plan,"Official USDA nutrient data. Mazaj+ allergen, health-condition, mood, and plan-safety review has not been completed; use for lookup and daily tracking only."
fndds_fig_raw,True,False,False,USDA_FNDDS_LOOKUP_TRACKING_ONLY,not_for_plan,"Official USDA nutrient data. Mazaj+ allergen, health-condition, mood, and plan-safety review has not been completed; use for lookup and daily tracking only."
fndds_tamarind,True,False,False,USDA_FNDDS_LOOKUP_TRACKING_ONLY,not_for_plan,"Official USDA nutrient data. Mazaj+ allergen, health-condition, mood, and plan-safety review has not been completed; use for lookup and daily tracking only."
fndds_ambrosia,True,False,False,USDA_FNDDS_LOOKUP_TRACKING_ONLY,not_for_plan,"Official USDA nutrient data. Mazaj+ allergen, health-condition, mood, and plan-safety review has not been completed; use for lookup and daily tracking only."
fndds_plum_raw,True,False,False,USDA_FNDDS_LOOKUP_TRACKING_ONLY,not_for_plan,"Official USDA nutrient data. Mazaj+ allergen, health-condition, mood, and plan-safety review has not been completed; use for lookup and daily tracking only."
fndds_guava_raw,True,False,False,USDA_FNDDS_LOOKUP_TRACKING_ONLY,not_for_plan,"Official USDA nutrient data. Mazaj+ allergen, health-condition, mood, and plan-safety review has not been completed; use for lookup and daily tracking only."
fndds_apricot_raw,True,False,False,USDA_FNDDS_LOOKUP_TRACKING_ONLY,not_for_plan,"Official USDA nutrient data. Mazaj+ allergen, health-condition, mood, and plan-safety review has not been completed; use for lookup and daily tracking only."
fndds_dragon_fruit,True,False,False,USDA_FNDDS_LOOKUP_TRACKING_ONLY,not_for_plan,"Official USDA nutrient data. Mazaj+ allergen, health-condition, mood, and plan-safety review has not been completed; use for lookup and daily tracking only."
fndds_cherries_raw,True,False,False,USDA_FNDDS_LOOKUP_TRACKING_ONLY,not_for_plan,"Official USDA nutrient data. Mazaj+ allergen, health-condition, mood, and plan-safety review has not been completed; use for lookup and daily tracking only."
fndds_starfruit_raw,True,False,False,USDA_FNDDS_LOOKUP_TRACKING_ONLY,not_for_plan,"Official USDA nutrient data. Mazaj+ allergen, health-condition, mood, and plan-safety review has not been completed; use for lookup and daily tracking only."
fndds_pear_raw,True,False,False,USDA_FNDDS_LOOKUP_TRACKING_ONLY,not_for_plan,"Official USDA nutrient data. Mazaj+ allergen, health-condition, mood, and plan-safety review has not been completed; use for lookup and daily tracking only."
fndds_pear_asian_raw,True,False,False,USDA_FNDDS_LOOKUP_TRACKING_ONLY,not_for_plan,"Official USDA nutrient data. Mazaj+ allergen, health-condition, mood, and plan-safety review has not been completed; use for lookup and daily tracking only."
fndds_pear_canned_in_syrup,True,False,False,USDA_FNDDS_LOOKUP_TRACKING_ONLY,not_for_plan,"Official USDA nutrient data. Mazaj+ allergen, health-condition, mood, and plan-safety review has not been completed; use for lookup and daily tracking only."
fndds_pear_canned_juice_pack,True,False,False,USDA_FNDDS_LOOKUP_TRACKING_ONLY,not_for_plan,"Official USDA nutrient data. Mazaj+ allergen, health-condition, mood, and plan-safety review has not been completed; use for lookup and daily tracking only."
fndds_pineapple_raw,True,False,False,USDA_FNDDS_LOOKUP_TRACKING_ONLY,not_for_plan,"Official USDA nutrient data. Mazaj+ allergen, health-condition, mood, and plan-safety review has not been completed; use for lookup and daily tracking only."
fndds_pineapple_frozen,True,False,False,USDA_FNDDS_LOOKUP_TRACKING_ONLY,not_for_plan,"Official USDA nutrient data. Mazaj+ allergen, health-condition, mood, and plan-safety review has not been completed; use for lookup and daily tracking only."
fndds_pineapple_canned_in_syrup,True,False,False,USDA_FNDDS_LOOKUP_TRACKING_ONLY,not_for_plan,"Official USDA nutrient data. Mazaj+ allergen, health-condition, mood, and plan-safety review has not been completed; use for lookup and daily tracking only."
fndds_pineapple_canned_juice_pack,True,False,False,USDA_FNDDS_LOOKUP_TRACKING_ONLY,not_for_plan,"Official USDA nutrient data. Mazaj+ allergen, health-condition, mood, and plan-safety review has not been completed; use for lookup and daily tracking only."
fndds_mango_raw,True,False,False,USDA_FNDDS_LOOKUP_TRACKING_ONLY,not_for_plan,"Official USDA nutrient data. Mazaj+ allergen, health-condition, mood, and plan-safety review has not been completed; use for lookup and daily tracking only."
fndds_papaya_raw,True,False,False,USDA_FNDDS_LOOKUP_TRACKING_ONLY,not_for_plan,"Official USDA nutrient data. Mazaj+ allergen, health-condition, mood, and plan-safety review has not been completed; use for lookup and daily tracking only."
fndds_mango_canned,True,False,False,USDA_FNDDS_LOOKUP_TRACKING_ONLY,not_for_plan,"Official USDA nutrient data. Mazaj+ allergen, health-condition, mood, and plan-safety review has not been completed; use for lookup and daily tracking only."
fndds_mango_frozen,True,False,False,USDA_FNDDS_LOOKUP_TRACKING_ONLY,not_for_plan,"Official USDA nutrient data. Mazaj+ allergen, health-condition, mood, and plan-safety review has not been completed; use for lookup and daily tracking only."
fndds_tomatoes_raw,True,False,False,USDA_FNDDS_LOOKUP_TRACKING_ONLY,not_for_plan,"Official USDA nutrient data. Mazaj+ allergen, health-condition, mood, and plan-safety review has not been completed; use for lookup and daily tracking only."
fndds_sun_dried_tomatoes,True,False,False,USDA_FNDDS_LOOKUP_TRACKING_ONLY,not_for_plan,"Official USDA nutrient data. Mazaj+ allergen, health-condition, mood, and plan-safety review has not been completed; use for lookup and daily tracking only."
fndds_tomatoes_fresh_cooked,True,False,False,USDA_FNDDS_LOOKUP_TRACKING_ONLY,not_for_plan,"Official USDA nutrient data. Mazaj+ allergen, health-condition, mood, and plan-safety review has not been completed; use for lookup and daily tracking only."
fndds_tomatoes_canned_cooked,True,False,False,USDA_FNDDS_LOOKUP_TRACKING_ONLY,not_for_plan,"Official USDA nutrient data. Mazaj+ allergen, health-condition, mood, and plan-safety review has not been completed; use for lookup and daily tracking only."
fndds_carrots_glazed_cooked,True,False,False,USDA_FNDDS_LOOKUP_TRACKING_ONLY,not_for_plan,"Official USDA nutrient data. Mazaj+ allergen, health-condition, mood, and plan-safety review has not been completed; use for lookup and daily tracking only."
fndds_carrots_fresh_cooked_with_oil,True,False,False,USDA_FNDDS_LOOKUP_TRACKING_ONLY,not_for_plan,"Official USDA nutrient data. Mazaj+ allergen, health-condition, mood, and plan-safety review has not been completed; use for lookup and daily tracking only."
fndds_carrots_frozen_cooked_with_oil,True,False,False,USDA_FNDDS_LOOKUP_TRACKING_ONLY,not_for_plan,"Official USDA nutrient data. Mazaj+ allergen, health-condition, mood, and plan-safety review has not been completed; use for lookup and daily tracking only."
fndds_carrots_canned_cooked_with_oil,True,False,False,USDA_FNDDS_LOOKUP_TRACKING_ONLY,not_for_plan,"Official USDA nutrient data. Mazaj+ allergen, health-condition, mood, and plan-safety review has not been completed; use for lookup and daily tracking only."
fndds_carrots_fresh_cooked_no_added_fat,True,False,False,USDA_FNDDS_LOOKUP_TRACKING_ONLY,not_for_plan,"Official USDA nutrient data. Mazaj+ allergen, health-condition, mood, and plan-safety review has not been completed; use for lookup and daily tracking only."
fndds_carrots_frozen_cooked_no_added_fat,True,False,False,USDA_FNDDS_LOOKUP_TRACKING_ONLY,not_for_plan,"Official USDA nutrient data. Mazaj+ allergen, health-condition, mood, and plan-safety review has not been completed; use for lookup and daily tracking only."
fndds_pumpkin_cooked,True,False,False,USDA_FNDDS_LOOKUP_TRACKING_ONLY,not_for_plan,"Official USDA nutrient data. Mazaj+ allergen, health-condition, mood, and plan-safety review has not been completed; use for lookup and daily tracking only."
fndds_winter_squash_raw,True,False,False,USDA_FNDDS_LOOKUP_TRACKING_ONLY,not_for_plan,"Official USDA nutrient data. Mazaj+ allergen, health-condition, mood, and plan-safety review has not been completed; use for lookup and daily tracking only."
fndds_peppers_red_cooked,True,False,False,USDA_FNDDS_LOOKUP_TRACKING_ONLY,not_for_plan,"Official USDA nutrient data. Mazaj+ allergen, health-condition, mood, and plan-safety review has not been completed; use for lookup and daily tracking only."
fndds_spaghetti_squash_cooked,True,False,False,USDA_FNDDS_LOOKUP_TRACKING_ONLY,not_for_plan,"Official USDA nutrient data. Mazaj+ allergen, health-condition, mood, and plan-safety review has not been completed; use for lookup and daily tracking only."
fndds_sweet_potato_candied,True,False,False,USDA_FNDDS_LOOKUP_TRACKING_ONLY,not_for_plan,"Official USDA nutrient data. Mazaj+ allergen, health-condition, mood, and plan-safety review has not been completed; use for lookup and daily tracking only."
fndds_pumpkin_canned_cooked,True,False,False,USDA_FNDDS_LOOKUP_TRACKING_ONLY,not_for_plan,"Official USDA nutrient data. Mazaj+ allergen, health-condition, mood, and plan-safety review has not been completed; use for lookup and daily tracking only."
fndds_peppers_sweet_red_raw,True,False,False,USDA_FNDDS_LOOKUP_TRACKING_ONLY,not_for_plan,"Official USDA nutrient data. Mazaj+ allergen, health-condition, mood, and plan-safety review has not been completed; use for lookup and daily tracking only."
fndds_broccoli_raab_raw,True,False,False,USDA_FNDDS_LOOKUP_TRACKING_ONLY,not_for_plan,"Official USDA nutrient data. Mazaj+ allergen, health-condition, mood, and plan-safety review has not been completed; use for lookup and daily tracking only."
fndds_broccoli_raab_cooked,True,False,False,USDA_FNDDS_LOOKUP_TRACKING_ONLY,not_for_plan,"Official USDA nutrient data. Mazaj+ allergen, health-condition, mood, and plan-safety review has not been completed; use for lookup and daily tracking only."
fndds_broccoli_chinese_raw,True,False,False,USDA_FNDDS_LOOKUP_TRACKING_ONLY,not_for_plan,"Official USDA nutrient data. Mazaj+ allergen, health-condition, mood, and plan-safety review has not been completed; use for lookup and daily tracking only."
fndds_broccoli_chinese_cooked,True,False,False,USDA_FNDDS_LOOKUP_TRACKING_ONLY,not_for_plan,"Official USDA nutrient data. Mazaj+ allergen, health-condition, mood, and plan-safety review has not been completed; use for lookup and daily tracking only."
fndds_broccoli_fresh_cooked_with_oil,True,False,False,USDA_FNDDS_LOOKUP_TRACKING_ONLY,not_for_plan,"Official USDA nutrient data. Mazaj+ allergen, health-condition, mood, and plan-safety review has not been completed; use for lookup and daily tracking only."
fndds_spinach_raw,True,False,False,USDA_FNDDS_LOOKUP_TRACKING_ONLY,not_for_plan,"Official USDA nutrient data. Mazaj+ allergen, health-condition, mood, and plan-safety review has not been completed; use for lookup and daily tracking only."
fndds_spinach_creamed,True,False,False,USDA_FNDDS_LOOKUP_TRACKING_ONLY,not_for_plan,"Official USDA nutrient data. Mazaj+ allergen, health-condition, mood, and plan-safety review has not been completed; use for lookup and daily tracking only."
fndds_spinach_fresh_cooked_with_oil,True,False,False,USDA_FNDDS_LOOKUP_TRACKING_ONLY,not_for_plan,"Official USDA nutrient data. Mazaj+ allergen, health-condition, mood, and plan-safety review has not been completed; use for lookup and daily tracking only."
fndds_spinach_frozen_cooked_with_oil,True,False,False,USDA_FNDDS_LOOKUP_TRACKING_ONLY,not_for_plan,"Official USDA nutrient data. Mazaj+ allergen, health-condition, mood, and plan-safety review has not been completed; use for lookup and daily tracking only."
fndds_spinach_canned_cooked_with_oil,True,False,False,USDA_FNDDS_LOOKUP_TRACKING_ONLY,not_for_plan,"Official USDA nutrient data. Mazaj+ allergen, health-condition, mood, and plan-safety review has not been completed; use for lookup and daily tracking only."
fndds_lettuce_raw,True,False,False,USDA_FNDDS_LOOKUP_TRACKING_ONLY,not_for_plan,"Official USDA nutrient data. Mazaj+ allergen, health-condition, mood, and plan-safety review has not been completed; use for lookup and daily tracking only."
fndds_radicchio_raw,True,False,False,USDA_FNDDS_LOOKUP_TRACKING_ONLY,not_for_plan,"Official USDA nutrient data. Mazaj+ allergen, health-condition, mood, and plan-safety review has not been completed; use for lookup and daily tracking only."
fndds_lettuce_cooked,True,False,False,USDA_FNDDS_LOOKUP_TRACKING_ONLY,not_for_plan,"Official USDA nutrient data. Mazaj+ allergen, health-condition, mood, and plan-safety review has not been completed; use for lookup and daily tracking only."
fndds_mixed_salad_greens_raw,True,False,False,USDA_FNDDS_LOOKUP_TRACKING_ONLY,not_for_plan,"Official USDA nutrient data. Mazaj+ allergen, health-condition, mood, and plan-safety review has not been completed; use for lookup and daily tracking only."
fndds_lettuce_boston_raw,True,False,False,USDA_FNDDS_LOOKUP_TRACKING_ONLY,not_for_plan,"Official USDA nutrient data. Mazaj+ allergen, health-condition, mood, and plan-safety review has not been completed; use for lookup and daily tracking only."
fndds_lettuce_arugula_raw,True,False,False,USDA_FNDDS_LOOKUP_TRACKING_ONLY,not_for_plan,"Official USDA nutrient data. Mazaj+ allergen, health-condition, mood, and plan-safety review has not been completed; use for lookup and daily tracking only."
fndds_chard_raw,True,False,False,USDA_FNDDS_LOOKUP_TRACKING_ONLY,not_for_plan,"Official USDA nutrient data. Mazaj+ allergen, health-condition, mood, and plan-safety review has not been completed; use for lookup and daily tracking only."
fndds_cress_raw,True,False,False,USDA_FNDDS_LOOKUP_TRACKING_ONLY,not_for_plan,"Official USDA nutrient data. Mazaj+ allergen, health-condition, mood, and plan-safety review has not been completed; use for lookup and daily tracking only."
fndds_chard_cooked,True,False,False,USDA_FNDDS_LOOKUP_TRACKING_ONLY,not_for_plan,"Official USDA nutrient data. Mazaj+ allergen, health-condition, mood, and plan-safety review has not been completed; use for lookup and daily tracking only."
fndds_collards_raw,True,False,False,USDA_FNDDS_LOOKUP_TRACKING_ONLY,not_for_plan,"Official USDA nutrient data. Mazaj+ allergen, health-condition, mood, and plan-safety review has not been completed; use for lookup and daily tracking only."
fndds_cress_cooked,True,False,False,USDA_FNDDS_LOOKUP_TRACKING_ONLY,not_for_plan,"Official USDA nutrient data. Mazaj+ allergen, health-condition, mood, and plan-safety review has not been completed; use for lookup and daily tracking only."
fndds_watercress_raw,True,False,False,USDA_FNDDS_LOOKUP_TRACKING_ONLY,not_for_plan,"Official USDA nutrient data. Mazaj+ allergen, health-condition, mood, and plan-safety review has not been completed; use for lookup and daily tracking only."
fndds_beet_greens_raw,True,False,False,USDA_FNDDS_LOOKUP_TRACKING_ONLY,not_for_plan,"Official USDA nutrient data. Mazaj+ allergen, health-condition, mood, and plan-safety review has not been completed; use for lookup and daily tracking only."
fndds_escarole_cooked,True,False,False,USDA_FNDDS_LOOKUP_TRACKING_ONLY,not_for_plan,"Official USDA nutrient data. Mazaj+ allergen, health-condition, mood, and plan-safety review has not been completed; use for lookup and daily tracking only."
fndds_watercress_cooked,True,False,False,USDA_FNDDS_LOOKUP_TRACKING_ONLY,not_for_plan,"Official USDA nutrient data. Mazaj+ allergen, health-condition, mood, and plan-safety review has not been completed; use for lookup and daily tracking only."
fndds_beet_greens_cooked,True,False,False,USDA_FNDDS_LOOKUP_TRACKING_ONLY,not_for_plan,"Official USDA nutrient data. Mazaj+ allergen, health-condition, mood, and plan-safety review has not been completed; use for lookup and daily tracking only."
fndds_mustard_greens_raw,True,False,False,USDA_FNDDS_LOOKUP_TRACKING_ONLY,not_for_plan,"Official USDA nutrient data. Mazaj+ allergen, health-condition, mood, and plan-safety review has not been completed; use for lookup and daily tracking only."
fndds_green_beans_raw,True,False,False,USDA_FNDDS_LOOKUP_TRACKING_ONLY,not_for_plan,"Official USDA nutrient data. Mazaj+ allergen, health-condition, mood, and plan-safety review has not been completed; use for lookup and daily tracking only."
fndds_yellow_string_beans_cooked,True,False,False,USDA_FNDDS_LOOKUP_TRACKING_ONLY,not_for_plan,"Official USDA nutrient data. Mazaj+ allergen, health-condition, mood, and plan-safety review has not been completed; use for lookup and daily tracking only."
fndds_green_beans_fresh_cooked_with_oil,True,False,False,USDA_FNDDS_LOOKUP_TRACKING_ONLY,not_for_plan,"Official USDA nutrient data. Mazaj+ allergen, health-condition, mood, and plan-safety review has not been completed; use for lookup and daily tracking only."
fndds_green_beans_frozen_cooked_with_oil,True,False,False,USDA_FNDDS_LOOKUP_TRACKING_ONLY,not_for_plan,"Official USDA nutrient data. Mazaj+ allergen, health-condition, mood, and plan-safety review has not been completed; use for lookup and daily tracking only."
fndds_green_beans_canned_cooked_with_oil,True,False,False,USDA_FNDDS_LOOKUP_TRACKING_ONLY,not_for_plan,"Official USDA nutrient data. Mazaj+ allergen, health-condition, mood, and plan-safety review has not been completed; use for lookup and daily tracking only."
fndds_green_beans_fresh_cooked_no_added_fat,True,False,False,USDA_FNDDS_LOOKUP_TRACKING_ONLY,not_for_plan,"Official USDA nutrient data. Mazaj+ allergen, health-condition, mood, and plan-safety review has not been completed; use for lookup and daily tracking only."
fndds_cabbage_red_raw,True,False,False,USDA_FNDDS_LOOKUP_TRACKING_ONLY,not_for_plan,"Official USDA nutrient data. Mazaj+ allergen, health-condition, mood, and plan-safety review has not been completed; use for lookup and daily tracking only."
fndds_cabbage_green_raw,True,False,False,USDA_FNDDS_LOOKUP_TRACKING_ONLY,not_for_plan,"Official USDA nutrient data. Mazaj+ allergen, health-condition, mood, and plan-safety review has not been completed; use for lookup and daily tracking only."
fndds_cabbage_red_cooked,True,False,False,USDA_FNDDS_LOOKUP_TRACKING_ONLY,not_for_plan,"Official USDA nutrient data. Mazaj+ allergen, health-condition, mood, and plan-safety review has not been completed; use for lookup and daily tracking only."
fndds_cabbage_chinese_raw,True,False,False,USDA_FNDDS_LOOKUP_TRACKING_ONLY,not_for_plan,"Official USDA nutrient data. Mazaj+ allergen, health-condition, mood, and plan-safety review has not been completed; use for lookup and daily tracking only."
fndds_cabbage_savoy_cooked,True,False,False,USDA_FNDDS_LOOKUP_TRACKING_ONLY,not_for_plan,"Official USDA nutrient data. Mazaj+ allergen, health-condition, mood, and plan-safety review has not been completed; use for lookup and daily tracking only."
fndds_leeks,True,False,False,USDA_FNDDS_LOOKUP_TRACKING_ONLY,not_for_plan,"Official USDA nutrient data. Mazaj+ allergen, health-condition, mood, and plan-safety review has not been completed; use for lookup and daily tracking only."
fndds_onions_raw,True,False,False,USDA_FNDDS_LOOKUP_TRACKING_ONLY,not_for_plan,"Official USDA nutrient data. Mazaj+ allergen, health-condition, mood, and plan-safety review has not been completed; use for lookup and daily tracking only."
fndds_onions_green_raw,True,False,False,USDA_FNDDS_LOOKUP_TRACKING_ONLY,not_for_plan,"Official USDA nutrient data. Mazaj+ allergen, health-condition, mood, and plan-safety review has not been completed; use for lookup and daily tracking only."
fndds_onions_pearl_cooked,True,False,False,USDA_FNDDS_LOOKUP_TRACKING_ONLY,not_for_plan,"Official USDA nutrient data. Mazaj+ allergen, health-condition, mood, and plan-safety review has not been completed; use for lookup and daily tracking only."
fndds_corn_raw,True,False,False,USDA_FNDDS_LOOKUP_TRACKING_ONLY,not_for_plan,"Official USDA nutrient data. Mazaj+ allergen, health-condition, mood, and plan-safety review has not been completed; use for lookup and daily tracking only."
fndds_corn_creamed,True,False,False,USDA_FNDDS_LOOKUP_TRACKING_ONLY,not_for_plan,"Official USDA nutrient data. Mazaj+ allergen, health-condition, mood, and plan-safety review has not been completed; use for lookup and daily tracking only."
fndds_corn_fresh_cooked_with_oil,True,False,False,USDA_FNDDS_LOOKUP_TRACKING_ONLY,not_for_plan,"Official USDA nutrient data. Mazaj+ allergen, health-condition, mood, and plan-safety review has not been completed; use for lookup and daily tracking only."
fndds_corn_frozen_cooked_with_oil,True,False,False,USDA_FNDDS_LOOKUP_TRACKING_ONLY,not_for_plan,"Official USDA nutrient data. Mazaj+ allergen, health-condition, mood, and plan-safety review has not been completed; use for lookup and daily tracking only."
fndds_corn_canned_cooked_with_oil,True,False,False,USDA_FNDDS_LOOKUP_TRACKING_ONLY,not_for_plan,"Official USDA nutrient data. Mazaj+ allergen, health-condition, mood, and plan-safety review has not been completed; use for lookup and daily tracking only."
fndds_corn_fresh_cooked_no_added_fat,True,False,False,USDA_FNDDS_LOOKUP_TRACKING_ONLY,not_for_plan,"Official USDA nutrient data. Mazaj+ allergen, health-condition, mood, and plan-safety review has not been completed; use for lookup and daily tracking only."
fndds_fufu,True,False,False,USDA_FNDDS_LOOKUP_TRACKING_ONLY,not_for_plan,"Official USDA nutrient data. Mazaj+ allergen, health-condition, mood, and plan-safety review has not been completed; use for lookup and daily tracking only."
fndds_taro_cooked,True,False,False,USDA_FNDDS_LOOKUP_TRACKING_ONLY,not_for_plan,"Official USDA nutrient data. Mazaj+ allergen, health-condition, mood, and plan-safety review has not been completed; use for lookup and daily tracking only."
fndds_plantain_raw,True,False,False,USDA_FNDDS_LOOKUP_TRACKING_ONLY,not_for_plan,"Official USDA nutrient data. Mazaj+ allergen, health-condition, mood, and plan-safety review has not been completed; use for lookup and daily tracking only."
fndds_water_chesnut,True,False,False,USDA_FNDDS_LOOKUP_TRACKING_ONLY,not_for_plan,"Official USDA nutrient data. Mazaj+ allergen, health-condition, mood, and plan-safety review has not been completed; use for lookup and daily tracking only."
fndds_cassava_cooked,True,False,False,USDA_FNDDS_LOOKUP_TRACKING_ONLY,not_for_plan,"Official USDA nutrient data. Mazaj+ allergen, health-condition, mood, and plan-safety review has not been completed; use for lookup and daily tracking only."
fndds_green_peas_raw,True,False,False,USDA_FNDDS_LOOKUP_TRACKING_ONLY,not_for_plan,"Official USDA nutrient data. Mazaj+ allergen, health-condition, mood, and plan-safety review has not been completed; use for lookup and daily tracking only."
fndds_breadfruit_cooked,True,False,False,USDA_FNDDS_LOOKUP_TRACKING_ONLY,not_for_plan,"Official USDA nutrient data. Mazaj+ allergen, health-condition, mood, and plan-safety review has not been completed; use for lookup and daily tracking only."
fndds_plantain_cooked_with_oil,True,False,False,USDA_FNDDS_LOOKUP_TRACKING_ONLY,not_for_plan,"Official USDA nutrient data. Mazaj+ allergen, health-condition, mood, and plan-safety review has not been completed; use for lookup and daily tracking only."
fndds_lima_beans_from_canned,True,False,False,USDA_FNDDS_LOOKUP_TRACKING_ONLY,not_for_plan,"Official USDA nutrient data. Mazaj+ allergen, health-condition, mood, and plan-safety review has not been completed; use for lookup and daily tracking only."
fndds_blackeyed_peas_from_canned,True,False,False,USDA_FNDDS_LOOKUP_TRACKING_ONLY,not_for_plan,"Official USDA nutrient data. Mazaj+ allergen, health-condition, mood, and plan-safety review has not been completed; use for lookup and daily tracking only."
fndds_radish,True,False,False,USDA_FNDDS_LOOKUP_TRACKING_ONLY,not_for_plan,"Official USDA nutrient data. Mazaj+ allergen, health-condition, mood, and plan-safety review has not been completed; use for lookup and daily tracking only."
fndds_artichoke,True,False,False,USDA_FNDDS_LOOKUP_TRACKING_ONLY,not_for_plan,"Official USDA nutrient data. Mazaj+ allergen, health-condition, mood, and plan-safety review has not been completed; use for lookup and daily tracking only."
fndds_beets_raw,True,False,False,USDA_FNDDS_LOOKUP_TRACKING_ONLY,not_for_plan,"Official USDA nutrient data. Mazaj+ allergen, health-condition, mood, and plan-safety review has not been completed; use for lookup and daily tracking only."
fndds_cactus_raw,True,False,False,USDA_FNDDS_LOOKUP_TRACKING_ONLY,not_for_plan,"Official USDA nutrient data. Mazaj+ allergen, health-condition, mood, and plan-safety review has not been completed; use for lookup and daily tracking only."
fndds_celery_raw,True,False,False,USDA_FNDDS_LOOKUP_TRACKING_ONLY,not_for_plan,"Official USDA nutrient data. Mazaj+ allergen, health-condition, mood, and plan-safety review has not been completed; use for lookup and daily tracking only."
fndds_jicama_raw,True,False,False,USDA_FNDDS_LOOKUP_TRACKING_ONLY,not_for_plan,"Official USDA nutrient data. Mazaj+ allergen, health-condition, mood, and plan-safety review has not been completed; use for lookup and daily tracking only."
fndds_turnip_raw,True,False,False,USDA_FNDDS_LOOKUP_TRACKING_ONLY,not_for_plan,"Official USDA nutrient data. Mazaj+ allergen, health-condition, mood, and plan-safety review has not been completed; use for lookup and daily tracking only."
fndds_avocado_raw,True,False,False,USDA_FNDDS_LOOKUP_TRACKING_ONLY,not_for_plan,"Official USDA nutrient data. Mazaj+ allergen, health-condition, mood, and plan-safety review has not been completed; use for lookup and daily tracking only."
fndds_seaweed_raw,True,False,False,USDA_FNDDS_LOOKUP_TRACKING_ONLY,not_for_plan,"Official USDA nutrient data. Mazaj+ allergen, health-condition, mood, and plan-safety review has not been completed; use for lookup and daily tracking only."
fndds_cucumber_raw,True,False,False,USDA_FNDDS_LOOKUP_TRACKING_ONLY,not_for_plan,"Official USDA nutrient data. Mazaj+ allergen, health-condition, mood, and plan-safety review has not been completed; use for lookup and daily tracking only."
fndds_eggplant_raw,True,False,False,USDA_FNDDS_LOOKUP_TRACKING_ONLY,not_for_plan,"Official USDA nutrient data. Mazaj+ allergen, health-condition, mood, and plan-safety review has not been completed; use for lookup and daily tracking only."
fndds_kohlrabi_raw,True,False,False,USDA_FNDDS_LOOKUP_TRACKING_ONLY,not_for_plan,"Official USDA nutrient data. Mazaj+ allergen, health-condition, mood, and plan-safety review has not been completed; use for lookup and daily tracking only."
fndds_rutabaga_raw,True,False,False,USDA_FNDDS_LOOKUP_TRACKING_ONLY,not_for_plan,"Official USDA nutrient data. Mazaj+ allergen, health-condition, mood, and plan-safety review has not been completed; use for lookup and daily tracking only."
fndds_snowpeas_raw,True,False,False,USDA_FNDDS_LOOKUP_TRACKING_ONLY,not_for_plan,"Official USDA nutrient data. Mazaj+ allergen, health-condition, mood, and plan-safety review has not been completed; use for lookup and daily tracking only."
fndds_asparagus_raw,True,False,False,USDA_FNDDS_LOOKUP_TRACKING_ONLY,not_for_plan,"Official USDA nutrient data. Mazaj+ allergen, health-condition, mood, and plan-safety review has not been completed; use for lookup and daily tracking only."
fndds_mushrooms_raw,True,False,False,USDA_FNDDS_LOOKUP_TRACKING_ONLY,not_for_plan,"Official USDA nutrient data. Mazaj+ allergen, health-condition, mood, and plan-safety review has not been completed; use for lookup and daily tracking only."
fndds_celery_cooked,True,False,False,USDA_FNDDS_LOOKUP_TRACKING_ONLY,not_for_plan,"Official USDA nutrient data. Mazaj+ allergen, health-condition, mood, and plan-safety review has not been completed; use for lookup and daily tracking only."
fndds_turnip_cooked,True,False,False,USDA_FNDDS_LOOKUP_TRACKING_ONLY,not_for_plan,"Official USDA nutrient data. Mazaj+ allergen, health-condition, mood, and plan-safety review has not been completed; use for lookup and daily tracking only."
fndds_burdock_cooked,True,False,False,USDA_FNDDS_LOOKUP_TRACKING_ONLY,not_for_plan,"Official USDA nutrient data. Mazaj+ allergen, health-condition, mood, and plan-safety review has not been completed; use for lookup and daily tracking only."
fndds_pakora,True,False,False,USDA_FNDDS_LOOKUP_TRACKING_ONLY,not_for_plan,"Official USDA nutrient data. Mazaj+ allergen, health-condition, mood, and plan-safety review has not been completed; use for lookup and daily tracking only."
fndds_yuca_fries,True,False,False,USDA_FNDDS_LOOKUP_TRACKING_ONLY,not_for_plan,"Official USDA nutrient data. Mazaj+ allergen, health-condition, mood, and plan-safety review has not been completed; use for lookup and daily tracking only."
fndds_fried_okra,True,False,False,USDA_FNDDS_LOOKUP_TRACKING_ONLY,not_for_plan,"Official USDA nutrient data. Mazaj+ allergen, health-condition, mood, and plan-safety review has not been completed; use for lookup and daily tracking only."
fndds_fried_broccoli,True,False,False,USDA_FNDDS_LOOKUP_TRACKING_ONLY,not_for_plan,"Official USDA nutrient data. Mazaj+ allergen, health-condition, mood, and plan-safety review has not been completed; use for lookup and daily tracking only."
fndds_fried_eggplant,True,False,False,USDA_FNDDS_LOOKUP_TRACKING_ONLY,not_for_plan,"Official USDA nutrient data. Mazaj+ allergen, health-condition, mood, and plan-safety review has not been completed; use for lookup and daily tracking only."
fndds_fried_mushrooms,True,False,False,USDA_FNDDS_LOOKUP_TRACKING_ONLY,not_for_plan,"Official USDA nutrient data. Mazaj+ allergen, health-condition, mood, and plan-safety review has not been completed; use for lookup and daily tracking only."
fndds_sweet_potato_tots,True,False,False,USDA_FNDDS_LOOKUP_TRACKING_ONLY,not_for_plan,"Official USDA nutrient data. Mazaj+ allergen, health-condition, mood, and plan-safety review has not been completed; use for lookup and daily tracking only."
fndds_fried_green_beans,True,False,False,USDA_FNDDS_LOOKUP_TRACKING_ONLY,not_for_plan,"Official USDA nutrient data. Mazaj+ allergen, health-condition, mood, and plan-safety review has not been completed; use for lookup and daily tracking only."
fndds_coleslaw,True,False,False,USDA_FNDDS_LOOKUP_TRACKING_ONLY,not_for_plan,"Official USDA nutrient data. Mazaj+ allergen, health-condition, mood, and plan-safety review has not been completed; use for lookup and daily tracking only."
fndds_pea_salad,True,False,False,USDA_FNDDS_LOOKUP_TRACKING_ONLY,not_for_plan,"Official USDA nutrient data. Mazaj+ allergen, health-condition, mood, and plan-safety review has not been completed; use for lookup and daily tracking only."
fndds_broccoli_slaw_salad,True,False,False,USDA_FNDDS_LOOKUP_TRACKING_ONLY,not_for_plan,"Official USDA nutrient data. Mazaj+ allergen, health-condition, mood, and plan-safety review has not been completed; use for lookup and daily tracking only."
fndds_pea_salad_with_cheese,True,False,False,USDA_FNDDS_LOOKUP_TRACKING_ONLY,not_for_plan,"Official USDA nutrient data. Mazaj+ allergen, health-condition, mood, and plan-safety review has not been completed; use for lookup and daily tracking only."
fndds_carrots_raw_salad,True,False,False,USDA_FNDDS_LOOKUP_TRACKING_ONLY,not_for_plan,"Official USDA nutrient data. Mazaj+ allergen, health-condition, mood, and plan-safety review has not been completed; use for lookup and daily tracking only."
fndds_coleslaw_with_fruit,True,False,False,USDA_FNDDS_LOOKUP_TRACKING_ONLY,not_for_plan,"Official USDA nutrient data. Mazaj+ allergen, health-condition, mood, and plan-safety review has not been completed; use for lookup and daily tracking only."
fndds_cucumber_and_vegetable_namasu,True,False,False,USDA_FNDDS_LOOKUP_TRACKING_ONLY,not_for_plan,"Official USDA nutrient data. Mazaj+ allergen, health-condition, mood, and plan-safety review has not been completed; use for lookup and daily tracking only."
fndds_onions_for_use_on_a_sandwich,True,False,False,USDA_FNDDS_LOOKUP_TRACKING_ONLY,not_for_plan,"Official USDA nutrient data. Mazaj+ allergen, health-condition, mood, and plan-safety review has not been completed; use for lookup and daily tracking only."
fndds_pepper_for_use_on_a_sandwich,True,False,False,USDA_FNDDS_LOOKUP_TRACKING_ONLY,not_for_plan,"Official USDA nutrient data. Mazaj+ allergen, health-condition, mood, and plan-safety review has not been completed; use for lookup and daily tracking only."
fndds_avocado_for_use_on_a_sandwich,True,False,False,USDA_FNDDS_LOOKUP_TRACKING_ONLY,not_for_plan,"Official USDA nutrient data. Mazaj+ allergen, health-condition, mood, and plan-safety review has not been completed; use for lookup and daily tracking only."
fndds_lettuce_for_use_on_a_sandwich,True,False,False,USDA_FNDDS_LOOKUP_TRACKING_ONLY,not_for_plan,"Official USDA nutrient data. Mazaj+ allergen, health-condition, mood, and plan-safety review has not been completed; use for lookup and daily tracking only."
fndds_spinach_for_use_on_a_sandwich,True,False,False,USDA_FNDDS_LOOKUP_TRACKING_ONLY,not_for_plan,"Official USDA nutrient data. Mazaj+ allergen, health-condition, mood, and plan-safety review has not been completed; use for lookup and daily tracking only."
fndds_potato_baked_peel_eaten,True,False,False,USDA_FNDDS_LOOKUP_TRACKING_ONLY,not_for_plan,"Official USDA nutrient data. Mazaj+ allergen, health-condition, mood, and plan-safety review has not been completed; use for lookup and daily tracking only."
fndds_potato_baked_peel_not_eaten,True,False,False,USDA_FNDDS_LOOKUP_TRACKING_ONLY,not_for_plan,"Official USDA nutrient data. Mazaj+ allergen, health-condition, mood, and plan-safety review has not been completed; use for lookup and daily tracking only."
fndds_potato_boiled_ready_to_heat,True,False,False,USDA_FNDDS_LOOKUP_TRACKING_ONLY,not_for_plan,"Official USDA nutrient data. Mazaj+ allergen, health-condition, mood, and plan-safety review has not been completed; use for lookup and daily tracking only."
fndds_potato_roasted_ready_to_heat,True,False,False,USDA_FNDDS_LOOKUP_TRACKING_ONLY,not_for_plan,"Official USDA nutrient data. Mazaj+ allergen, health-condition, mood, and plan-safety review has not been completed; use for lookup and daily tracking only."
fndds_potato_canned_no_added_fat,True,False,False,USDA_FNDDS_LOOKUP_TRACKING_ONLY,not_for_plan,"Official USDA nutrient data. Mazaj+ allergen, health-condition, mood, and plan-safety review has not been completed; use for lookup and daily tracking only."
fndds_potato_baked_peel_eaten_with_meat,True,False,False,USDA_FNDDS_LOOKUP_TRACKING_ONLY,not_for_plan,"Official USDA nutrient data. Mazaj+ allergen, health-condition, mood, and plan-safety review has not been completed; use for lookup and daily tracking only."
fndds_potato_baked_peel_eaten_with_chili,True,False,False,USDA_FNDDS_LOOKUP_TRACKING_ONLY,not_for_plan,"Official USDA nutrient data. Mazaj+ allergen, health-condition, mood, and plan-safety review has not been completed; use for lookup and daily tracking only."
fndds_potato_baked_peel_eaten_with_butter,True,False,False,USDA_FNDDS_LOOKUP_TRACKING_ONLY,not_for_plan,"Official USDA nutrient data. Mazaj+ allergen, health-condition, mood, and plan-safety review has not been completed; use for lookup and daily tracking only."
fndds_potato_baked_peel_eaten_with_cheese,True,False,False,USDA_FNDDS_LOOKUP_TRACKING_ONLY,not_for_plan,"Official USDA nutrient data. Mazaj+ allergen, health-condition, mood, and plan-safety review has not been completed; use for lookup and daily tracking only."
fndds_potato_baked_peel_not_eaten_with_meat,True,False,False,USDA_FNDDS_LOOKUP_TRACKING_ONLY,not_for_plan,"Official USDA nutrient data. Mazaj+ allergen, health-condition, mood, and plan-safety review has not been completed; use for lookup and daily tracking only."
fndds_potato_patty,True,False,False,USDA_FNDDS_LOOKUP_TRACKING_ONLY,not_for_plan,"Official USDA nutrient data. Mazaj+ allergen, health-condition, mood, and plan-safety review has not been completed; use for lookup and daily tracking only."
fndds_potato_skins_without_topping,True,False,False,USDA_FNDDS_LOOKUP_TRACKING_ONLY,not_for_plan,"Official USDA nutrient data. Mazaj+ allergen, health-condition, mood, and plan-safety review has not been completed; use for lookup and daily tracking only."
fndds_potato_skins_with_cheese,True,False,False,USDA_FNDDS_LOOKUP_TRACKING_ONLY,not_for_plan,"Official USDA nutrient data. Mazaj+ allergen, health-condition, mood, and plan-safety review has not been completed; use for lookup and daily tracking only."
fndds_potato_tots_frozen_baked,True,False,False,USDA_FNDDS_LOOKUP_TRACKING_ONLY,not_for_plan,"Official USDA nutrient data. Mazaj+ allergen, health-condition, mood, and plan-safety review has not been completed; use for lookup and daily tracking only."
fndds_potato_tots_frozen_fried,True,False,False,USDA_FNDDS_LOOKUP_TRACKING_ONLY,not_for_plan,"Official USDA nutrient data. Mazaj+ allergen, health-condition, mood, and plan-safety review has not been completed; use for lookup and daily tracking only."
fndds_potato_tots_school,True,False,False,USDA_FNDDS_LOOKUP_TRACKING_ONLY,not_for_plan,"Official USDA nutrient data. Mazaj+ allergen, health-condition, mood, and plan-safety review has not been completed; use for lookup and daily tracking only."
fndds_potato_home_fries_from_fresh,True,False,False,USDA_FNDDS_LOOKUP_TRACKING_ONLY,not_for_plan,"Official USDA nutrient data. Mazaj+ allergen, health-condition, mood, and plan-safety review has not been completed; use for lookup and daily tracking only."
fndds_potato_hash_brown_from_fresh,True,False,False,USDA_FNDDS_LOOKUP_TRACKING_ONLY,not_for_plan,"Official USDA nutrient data. Mazaj+ allergen, health-condition, mood, and plan-safety review has not been completed; use for lookup and daily tracking only."
fndds_potato_tots_from_fresh_fried_or_baked,True,False,False,USDA_FNDDS_LOOKUP_TRACKING_ONLY,not_for_plan,"Official USDA nutrient data. Mazaj+ allergen, health-condition, mood, and plan-safety review has not been completed; use for lookup and daily tracking only."
fndds_potato_skins_with_cheese_and_bacon,True,False,False,USDA_FNDDS_LOOKUP_TRACKING_ONLY,not_for_plan,"Official USDA nutrient data. Mazaj+ allergen, health-condition, mood, and plan-safety review has not been completed; use for lookup and daily tracking only."
fndds_lefse,True,False,False,USDA_FNDDS_LOOKUP_TRACKING_ONLY,not_for_plan,"Official USDA nutrient data. Mazaj+ allergen, health-condition, mood, and plan-safety review has not been completed; use for lookup and daily tracking only."
fndds_potato_pancake,True,False,False,USDA_FNDDS_LOOKUP_TRACKING_ONLY,not_for_plan,"Official USDA nutrient data. Mazaj+ allergen, health-condition, mood, and plan-safety review has not been completed; use for lookup and daily tracking only."
fndds_stewed_potatoes,True,False,False,USDA_FNDDS_LOOKUP_TRACKING_ONLY,not_for_plan,"Official USDA nutrient data. Mazaj+ allergen, health-condition, mood, and plan-safety review has not been completed; use for lookup and daily tracking only."
fndds_stewed_potatoes_with_tomatoes,True,False,False,USDA_FNDDS_LOOKUP_TRACKING_ONLY,not_for_plan,"Official USDA nutrient data. Mazaj+ allergen, health-condition, mood, and plan-safety review has not been completed; use for lookup and daily tracking only."
fndds_potato_salad_german_style,True,False,False,USDA_FNDDS_LOOKUP_TRACKING_ONLY,not_for_plan,"Official USDA nutrient data. Mazaj+ allergen, health-condition, mood, and plan-safety review has not been completed; use for lookup and daily tracking only."
fndds_potato_scalloped_from_fresh,True,False,False,USDA_FNDDS_LOOKUP_TRACKING_ONLY,not_for_plan,"Official USDA nutrient data. Mazaj+ allergen, health-condition, mood, and plan-safety review has not been completed; use for lookup and daily tracking only."
fndds_potato_mashed_ready_to_heat,True,False,False,USDA_FNDDS_LOOKUP_TRACKING_ONLY,not_for_plan,"Official USDA nutrient data. Mazaj+ allergen, health-condition, mood, and plan-safety review has not been completed; use for lookup and daily tracking only."
fndds_potato_salad_made_with_mayonnaise,True,False,False,USDA_FNDDS_LOOKUP_TRACKING_ONLY,not_for_plan,"Official USDA nutrient data. Mazaj+ allergen, health-condition, mood, and plan-safety review has not been completed; use for lookup and daily tracking only."
fndds_potato_scalloped_from_dry_mix,True,False,False,USDA_FNDDS_LOOKUP_TRACKING_ONLY,not_for_plan,"Official USDA nutrient data. Mazaj+ allergen, health-condition, mood, and plan-safety review has not been completed; use for lookup and daily tracking only."
fndds_stewed_potatoes_puerto_rican_style,True,False,False,USDA_FNDDS_LOOKUP_TRACKING_ONLY,not_for_plan,"Official USDA nutrient data. Mazaj+ allergen, health-condition, mood, and plan-safety review has not been completed; use for lookup and daily tracking only."
fndds_potato_scalloped_ready_to_heat,True,False,False,USDA_FNDDS_LOOKUP_TRACKING_ONLY,not_for_plan,"Official USDA nutrient data. Mazaj+ allergen, health-condition, mood, and plan-safety review has not been completed; use for lookup and daily tracking only."
fndds_potato_salad_made_with_creamy_dressing,True,False,False,USDA_FNDDS_LOOKUP_TRACKING_ONLY,not_for_plan,"Official USDA nutrient data. Mazaj+ allergen, health-condition, mood, and plan-safety review has not been completed; use for lookup and daily tracking only."
fndds_tangerine_juice_100,True,False,False,USDA_FNDDS_LOOKUP_TRACKING_ONLY,not_for_plan,"Official USDA nutrient data. Mazaj+ allergen, health-condition, mood, and plan-safety review has not been completed; use for lookup and daily tracking only."
fndds_orange_juice_100_freshly_squeezed,True,False,False,USDA_FNDDS_LOOKUP_TRACKING_ONLY,not_for_plan,"Official USDA nutrient data. Mazaj+ allergen, health-condition, mood, and plan-safety review has not been completed; use for lookup and daily tracking only."
fndds_grapefruit_juice_100_freshly_squeezed,True,False,False,USDA_FNDDS_LOOKUP_TRACKING_ONLY,not_for_plan,"Official USDA nutrient data. Mazaj+ allergen, health-condition, mood, and plan-safety review has not been completed; use for lookup and daily tracking only."
fndds_grapefruit_juice_100_with_calcium_added,True,False,False,USDA_FNDDS_LOOKUP_TRACKING_ONLY,not_for_plan,"Official USDA nutrient data. Mazaj+ allergen, health-condition, mood, and plan-safety review has not been completed; use for lookup and daily tracking only."
fndds_orange_juice_100_frozen_reconstituted,True,False,False,USDA_FNDDS_LOOKUP_TRACKING_ONLY,not_for_plan,"Official USDA nutrient data. Mazaj+ allergen, health-condition, mood, and plan-safety review has not been completed; use for lookup and daily tracking only."
fndds_apple_cider,True,False,False,USDA_FNDDS_LOOKUP_TRACKING_ONLY,not_for_plan,"Official USDA nutrient data. Mazaj+ allergen, health-condition, mood, and plan-safety review has not been completed; use for lookup and daily tracking only."
fndds_apple_juice_100,True,False,False,USDA_FNDDS_LOOKUP_TRACKING_ONLY,not_for_plan,"Official USDA nutrient data. Mazaj+ allergen, health-condition, mood, and plan-safety review has not been completed; use for lookup and daily tracking only."
fndds_apple_juice_100_with_calcium_added,True,False,False,USDA_FNDDS_LOOKUP_TRACKING_ONLY,not_for_plan,"Official USDA nutrient data. Mazaj+ allergen, health-condition, mood, and plan-safety review has not been completed; use for lookup and daily tracking only."
fndds_blueberry_juice,True,False,False,USDA_FNDDS_LOOKUP_TRACKING_ONLY,not_for_plan,"Official USDA nutrient data. Mazaj+ allergen, health-condition, mood, and plan-safety review has not been completed; use for lookup and daily tracking only."
fndds_grape_juice_100,True,False,False,USDA_FNDDS_LOOKUP_TRACKING_ONLY,not_for_plan,"Official USDA nutrient data. Mazaj+ allergen, health-condition, mood, and plan-safety review has not been completed; use for lookup and daily tracking only."
fndds_prune_juice_100,True,False,False,USDA_FNDDS_LOOKUP_TRACKING_ONLY,not_for_plan,"Official USDA nutrient data. Mazaj+ allergen, health-condition, mood, and plan-safety review has not been completed; use for lookup and daily tracking only."
fndds_aloe_vera_juice_drink,True,False,False,USDA_FNDDS_LOOKUP_TRACKING_ONLY,not_for_plan,"Official USDA nutrient data. Mazaj+ allergen, health-condition, mood, and plan-safety review has not been completed; use for lookup and daily tracking only."
fndds_strawberry_juice_100,True,False,False,USDA_FNDDS_LOOKUP_TRACKING_ONLY,not_for_plan,"Official USDA nutrient data. Mazaj+ allergen, health-condition, mood, and plan-safety review has not been completed; use for lookup and daily tracking only."
fndds_papaya_juice_100,True,False,False,USDA_FNDDS_LOOKUP_TRACKING_ONLY,not_for_plan,"Official USDA nutrient data. Mazaj+ allergen, health-condition, mood, and plan-safety review has not been completed; use for lookup and daily tracking only."
fndds_pineapple_juice_100,True,False,False,USDA_FNDDS_LOOKUP_TRACKING_ONLY,not_for_plan,"Official USDA nutrient data. Mazaj+ allergen, health-condition, mood, and plan-safety review has not been completed; use for lookup and daily tracking only."
fndds_beet_juice,True,False,False,USDA_FNDDS_LOOKUP_TRACKING_ONLY,not_for_plan,"Official USDA nutrient data. Mazaj+ allergen, health-condition, mood, and plan-safety review has not been completed; use for lookup and daily tracking only."
fndds_celery_juice,True,False,False,USDA_FNDDS_LOOKUP_TRACKING_ONLY,not_for_plan,"Official USDA nutrient data. Mazaj+ allergen, health-condition, mood, and plan-safety review has not been completed; use for lookup and daily tracking only."
fndds_tomato_juice_cocktail,True,False,False,USDA_FNDDS_LOOKUP_TRACKING_ONLY,not_for_plan,"Official USDA nutrient data. Mazaj+ allergen, health-condition, mood, and plan-safety review has not been completed; use for lookup and daily tracking only."
fndds_mixed_vegetable_juice,True,False,False,USDA_FNDDS_LOOKUP_TRACKING_ONLY,not_for_plan,"Official USDA nutrient data. Mazaj+ allergen, health-condition, mood, and plan-safety review has not been completed; use for lookup and daily tracking only."
fndds_carrot_juice_100,True,False,False,USDA_FNDDS_LOOKUP_TRACKING_ONLY,not_for_plan,"Official USDA nutrient data. Mazaj+ allergen, health-condition, mood, and plan-safety review has not been completed; use for lookup and daily tracking only."
fndds_soft_drink_cola_diet,True,False,False,USDA_FNDDS_LOOKUP_TRACKING_ONLY,not_for_plan,"Official USDA nutrient data. Mazaj+ allergen, health-condition, mood, and plan-safety review has not been completed; use for lookup and daily tracking only."
fndds_soft_drink_root_beer_diet,True,False,False,USDA_FNDDS_LOOKUP_TRACKING_ONLY,not_for_plan,"Official USDA nutrient data. Mazaj+ allergen, health-condition, mood, and plan-safety review has not been completed; use for lookup and daily tracking only."
fndds_soft_drink_cream_soda_diet,True,False,False,USDA_FNDDS_LOOKUP_TRACKING_ONLY,not_for_plan,"Official USDA nutrient data. Mazaj+ allergen, health-condition, mood, and plan-safety review has not been completed; use for lookup and daily tracking only."
fndds_soft_drink_ginger_ale_diet,True,False,False,USDA_FNDDS_LOOKUP_TRACKING_ONLY,not_for_plan,"Official USDA nutrient data. Mazaj+ allergen, health-condition, mood, and plan-safety review has not been completed; use for lookup and daily tracking only."
fndds_soft_drink_pepper_type_diet,True,False,False,USDA_FNDDS_LOOKUP_TRACKING_ONLY,not_for_plan,"Official USDA nutrient data. Mazaj+ allergen, health-condition, mood, and plan-safety review has not been completed; use for lookup and daily tracking only."
fndds_soft_drink_chocolate_flavored_diet,True,False,False,USDA_FNDDS_LOOKUP_TRACKING_ONLY,not_for_plan,"Official USDA nutrient data. Mazaj+ allergen, health-condition, mood, and plan-safety review has not been completed; use for lookup and daily tracking only."
fndds_energy_drink_sugar_free,True,False,False,USDA_FNDDS_LOOKUP_TRACKING_ONLY,not_for_plan,"Official USDA nutrient data. Mazaj+ allergen, health-condition, mood, and plan-safety review has not been completed; use for lookup and daily tracking only."
fndds_sports_drink_low_calorie,True,False,False,USDA_FNDDS_LOOKUP_TRACKING_ONLY,not_for_plan,"Official USDA nutrient data. Mazaj+ allergen, health-condition, mood, and plan-safety review has not been completed; use for lookup and daily tracking only."
fndds_energy_drink_sugar_free_nos,True,False,False,USDA_FNDDS_LOOKUP_TRACKING_ONLY,not_for_plan,"Official USDA nutrient data. Mazaj+ allergen, health-condition, mood, and plan-safety review has not been completed; use for lookup and daily tracking only."
fndds_energy_drink_sugar_free_vault,True,False,False,USDA_FNDDS_LOOKUP_TRACKING_ONLY,not_for_plan,"Official USDA nutrient data. Mazaj+ allergen, health-condition, mood, and plan-safety review has not been completed; use for lookup and daily tracking only."
fndds_energy_drink_sugar_free_monster,True,False,False,USDA_FNDDS_LOOKUP_TRACKING_ONLY,not_for_plan,"Official USDA nutrient data. Mazaj+ allergen, health-condition, mood, and plan-safety review has not been completed; use for lookup and daily tracking only."
fndds_energy_drink_sugar_free_no_fear,True,False,False,USDA_FNDDS_LOOKUP_TRACKING_ONLY,not_for_plan,"Official USDA nutrient data. Mazaj+ allergen, health-condition, mood, and plan-safety review has not been completed; use for lookup and daily tracking only."
fndds_fruit_flavored_drink_diet,True,False,False,USDA_FNDDS_LOOKUP_TRACKING_ONLY,not_for_plan,"Official USDA nutrient data. Mazaj+ allergen, health-condition, mood, and plan-safety review has not been completed; use for lookup and daily tracking only."
fndds_slush_frozen_drink_no_sugar_added,True,False,False,USDA_FNDDS_LOOKUP_TRACKING_ONLY,not_for_plan,"Official USDA nutrient data. Mazaj+ allergen, health-condition, mood, and plan-safety review has not been completed; use for lookup and daily tracking only."
fndds_fruit_flavored_drink_with_high_vitamin_c_diet,True,False,False,USDA_FNDDS_LOOKUP_TRACKING_ONLY,not_for_plan,"Official USDA nutrient data. Mazaj+ allergen, health-condition, mood, and plan-safety review has not been completed; use for lookup and daily tracking only."
fndds_fruit_flavored_drink_powdered_reconstituted_diet,True,False,False,USDA_FNDDS_LOOKUP_TRACKING_ONLY,not_for_plan,"Official USDA nutrient data. Mazaj+ allergen, health-condition, mood, and plan-safety review has not been completed; use for lookup and daily tracking only."
fndds_soft_drink_cola,True,False,False,USDA_FNDDS_LOOKUP_TRACKING_ONLY,not_for_plan,"Official USDA nutrient data. Mazaj+ allergen, health-condition, mood, and plan-safety review has not been completed; use for lookup and daily tracking only."
fndds_soft_drink_root_beer,True,False,False,USDA_FNDDS_LOOKUP_TRACKING_ONLY,not_for_plan,"Official USDA nutrient data. Mazaj+ allergen, health-condition, mood, and plan-safety review has not been completed; use for lookup and daily tracking only."
fndds_soft_drink_cream_soda,True,False,False,USDA_FNDDS_LOOKUP_TRACKING_ONLY,not_for_plan,"Official USDA nutrient data. Mazaj+ allergen, health-condition, mood, and plan-safety review has not been completed; use for lookup and daily tracking only."
fndds_soft_drink_ginger_ale,True,False,False,USDA_FNDDS_LOOKUP_TRACKING_ONLY,not_for_plan,"Official USDA nutrient data. Mazaj+ allergen, health-condition, mood, and plan-safety review has not been completed; use for lookup and daily tracking only."
fndds_soft_drink_pepper_type,True,False,False,USDA_FNDDS_LOOKUP_TRACKING_ONLY,not_for_plan,"Official USDA nutrient data. Mazaj+ allergen, health-condition, mood, and plan-safety review has not been completed; use for lookup and daily tracking only."
fndds_soft_drink_chocolate_flavored,True,False,False,USDA_FNDDS_LOOKUP_TRACKING_ONLY,not_for_plan,"Official USDA nutrient data. Mazaj+ allergen, health-condition, mood, and plan-safety review has not been completed; use for lookup and daily tracking only."
fndds_pear_nectar,True,False,False,USDA_FNDDS_LOOKUP_TRACKING_ONLY,not_for_plan,"Official USDA nutrient data. Mazaj+ allergen, health-condition, mood, and plan-safety review has not been completed; use for lookup and daily tracking only."
fndds_guava_nectar,True,False,False,USDA_FNDDS_LOOKUP_TRACKING_ONLY,not_for_plan,"Official USDA nutrient data. Mazaj+ allergen, health-condition, mood, and plan-safety review has not been completed; use for lookup and daily tracking only."
fndds_mango_nectar,True,False,False,USDA_FNDDS_LOOKUP_TRACKING_ONLY,not_for_plan,"Official USDA nutrient data. Mazaj+ allergen, health-condition, mood, and plan-safety review has not been completed; use for lookup and daily tracking only."
fndds_peach_nectar,True,False,False,USDA_FNDDS_LOOKUP_TRACKING_ONLY,not_for_plan,"Official USDA nutrient data. Mazaj+ allergen, health-condition, mood, and plan-safety review has not been completed; use for lookup and daily tracking only."
fndds_banana_nectar,True,False,False,USDA_FNDDS_LOOKUP_TRACKING_ONLY,not_for_plan,"Official USDA nutrient data. Mazaj+ allergen, health-condition, mood, and plan-safety review has not been completed; use for lookup and daily tracking only."
fndds_papaya_nectar,True,False,False,USDA_FNDDS_LOOKUP_TRACKING_ONLY,not_for_plan,"Official USDA nutrient data. Mazaj+ allergen, health-condition, mood, and plan-safety review has not been completed; use for lookup and daily tracking only."
fndds_apricot_nectar,True,False,False,USDA_FNDDS_LOOKUP_TRACKING_ONLY,not_for_plan,"Official USDA nutrient data. Mazaj+ allergen, health-condition, mood, and plan-safety review has not been completed; use for lookup and daily tracking only."
fndds_tamarind_drink,True,False,False,USDA_FNDDS_LOOKUP_TRACKING_ONLY,not_for_plan,"Official USDA nutrient data. Mazaj+ allergen, health-condition, mood, and plan-safety review has not been completed; use for lookup and daily tracking only."
fndds_shirley_temple,True,False,False,USDA_FNDDS_LOOKUP_TRACKING_ONLY,not_for_plan,"Official USDA nutrient data. Mazaj+ allergen, health-condition, mood, and plan-safety review has not been completed; use for lookup and daily tracking only."
fndds_cantaloupe_nectar,True,False,False,USDA_FNDDS_LOOKUP_TRACKING_ONLY,not_for_plan,"Official USDA nutrient data. Mazaj+ allergen, health-condition, mood, and plan-safety review has not been completed; use for lookup and daily tracking only."
fndds_fruit_juice_drink,True,False,False,USDA_FNDDS_LOOKUP_TRACKING_ONLY,not_for_plan,"Official USDA nutrient data. Mazaj+ allergen, health-condition, mood, and plan-safety review has not been completed; use for lookup and daily tracking only."
fndds_slush_frozen_drink,True,False,False,USDA_FNDDS_LOOKUP_TRACKING_ONLY,not_for_plan,"Official USDA nutrient data. Mazaj+ allergen, health-condition, mood, and plan-safety review has not been completed; use for lookup and daily tracking only."
fndds_energy_drink_xs,True,False,False,USDA_FNDDS_LOOKUP_TRACKING_ONLY,not_for_plan,"Official USDA nutrient data. Mazaj+ allergen, health-condition, mood, and plan-safety review has not been completed; use for lookup and daily tracking only."
fndds_energy_drink_nos,True,False,False,USDA_FNDDS_LOOKUP_TRACKING_ONLY,not_for_plan,"Official USDA nutrient data. Mazaj+ allergen, health-condition, mood, and plan-safety review has not been completed; use for lookup and daily tracking only."
fndds_energy_drink_vault,True,False,False,USDA_FNDDS_LOOKUP_TRACKING_ONLY,not_for_plan,"Official USDA nutrient data. Mazaj+ allergen, health-condition, mood, and plan-safety review has not been completed; use for lookup and daily tracking only."
fndds_energy_drink_monster,True,False,False,USDA_FNDDS_LOOKUP_TRACKING_ONLY,not_for_plan,"Official USDA nutrient data. Mazaj+ allergen, health-condition, mood, and plan-safety review has not been completed; use for lookup and daily tracking only."
fndds_energy_drink_no_fear,True,False,False,USDA_FNDDS_LOOKUP_TRACKING_ONLY,not_for_plan,"Official USDA nutrient data. Mazaj+ allergen, health-condition, mood, and plan-safety review has not been completed; use for lookup and daily tracking only."
fndds_energy_drink_red_bull,True,False,False,USDA_FNDDS_LOOKUP_TRACKING_ONLY,not_for_plan,"Official USDA nutrient data. Mazaj+ allergen, health-condition, mood, and plan-safety review has not been completed; use for lookup and daily tracking only."
fndds_energy_drink_rockstar,True,False,False,USDA_FNDDS_LOOKUP_TRACKING_ONLY,not_for_plan,"Official USDA nutrient data. Mazaj+ allergen, health-condition, mood, and plan-safety review has not been completed; use for lookup and daily tracking only."
fndds_nutritional_drink_or_shake_liquid_soy_based,True,False,False,USDA_FNDDS_LOOKUP_TRACKING_ONLY,not_for_plan,"Official USDA nutrient data. Mazaj+ allergen, health-condition, mood, and plan-safety review has not been completed; use for lookup and daily tracking only."
fndds_nutritional_drink_or_shake_ready_to_drink_boost,True,False,False,USDA_FNDDS_LOOKUP_TRACKING_ONLY,not_for_plan,"Official USDA nutrient data. Mazaj+ allergen, health-condition, mood, and plan-safety review has not been completed; use for lookup and daily tracking only."
fndds_nutritional_drink_or_shake_ready_to_drink_ensure,True,False,False,USDA_FNDDS_LOOKUP_TRACKING_ONLY,not_for_plan,"Official USDA nutrient data. Mazaj+ allergen, health-condition, mood, and plan-safety review has not been completed; use for lookup and daily tracking only."
fndds_nutritional_drink_or_shake_ready_to_drink_slim_fast,True,False,False,USDA_FNDDS_LOOKUP_TRACKING_ONLY,not_for_plan,"Official USDA nutrient data. Mazaj+ allergen, health-condition, mood, and plan-safety review has not been completed; use for lookup and daily tracking only."
fndds_nutritional_drink_or_shake_ready_to_drink_boost_plus,True,False,False,USDA_FNDDS_LOOKUP_TRACKING_ONLY,not_for_plan,"Official USDA nutrient data. Mazaj+ allergen, health-condition, mood, and plan-safety review has not been completed; use for lookup and daily tracking only."
fndds_nutritional_drink_or_shake_ready_to_drink_ensure_plus,True,False,False,USDA_FNDDS_LOOKUP_TRACKING_ONLY,not_for_plan,"Official USDA nutrient data. Mazaj+ allergen, health-condition, mood, and plan-safety review has not been completed; use for lookup and daily tracking only."
fndds_atole,True,False,False,USDA_FNDDS_LOOKUP_TRACKING_ONLY,not_for_plan,"Official USDA nutrient data. Mazaj+ allergen, health-condition, mood, and plan-safety review has not been completed; use for lookup and daily tracking only."
fndds_frescavena,True,False,False,USDA_FNDDS_LOOKUP_TRACKING_ONLY,not_for_plan,"Official USDA nutrient data. Mazaj+ allergen, health-condition, mood, and plan-safety review has not been completed; use for lookup and daily tracking only."
fndds_corn_beverage,True,False,False,USDA_FNDDS_LOOKUP_TRACKING_ONLY,not_for_plan,"Official USDA nutrient data. Mazaj+ allergen, health-condition, mood, and plan-safety review has not been completed; use for lookup and daily tracking only."
fndds_atole_de_avena,True,False,False,USDA_FNDDS_LOOKUP_TRACKING_ONLY,not_for_plan,"Official USDA nutrient data. Mazaj+ allergen, health-condition, mood, and plan-safety review has not been completed; use for lookup and daily tracking only."
fndds_licuado_or_batido,True,False,False,USDA_FNDDS_LOOKUP_TRACKING_ONLY,not_for_plan,"Official USDA nutrient data. Mazaj+ allergen, health-condition, mood, and plan-safety review has not been completed; use for lookup and daily tracking only."
fndds_vegetable_smoothie,True,False,False,USDA_FNDDS_LOOKUP_TRACKING_ONLY,not_for_plan,"Official USDA nutrient data. Mazaj+ allergen, health-condition, mood, and plan-safety review has not been completed; use for lookup and daily tracking only."
fndds_atole_de_chocolate,True,False,False,USDA_FNDDS_LOOKUP_TRACKING_ONLY,not_for_plan,"Official USDA nutrient data. Mazaj+ allergen, health-condition, mood, and plan-safety review has not been completed; use for lookup and daily tracking only."
fndds_fruit_smoothie_light,True,False,False,USDA_FNDDS_LOOKUP_TRACKING_ONLY,not_for_plan,"Official USDA nutrient data. Mazaj+ allergen, health-condition, mood, and plan-safety review has not been completed; use for lookup and daily tracking only."
fndds_chicory_beverage,True,False,False,USDA_FNDDS_LOOKUP_TRACKING_ONLY,not_for_plan,"Official USDA nutrient data. Mazaj+ allergen, health-condition, mood, and plan-safety review has not been completed; use for lookup and daily tracking only."
fndds_coffee_cuban,True,False,False,USDA_FNDDS_LOOKUP_TRACKING_ONLY,not_for_plan,"Official USDA nutrient data. Mazaj+ allergen, health-condition, mood, and plan-safety review has not been completed; use for lookup and daily tracking only."
fndds_coffee_latte,True,False,False,USDA_FNDDS_LOOKUP_TRACKING_ONLY,not_for_plan,"Official USDA nutrient data. Mazaj+ allergen, health-condition, mood, and plan-safety review has not been completed; use for lookup and daily tracking only."
fndds_coffee_substitute,True,False,False,USDA_FNDDS_LOOKUP_TRACKING_ONLY,not_for_plan,"Official USDA nutrient data. Mazaj+ allergen, health-condition, mood, and plan-safety review has not been completed; use for lookup and daily tracking only."
fndds_coffee_brewed,True,False,False,USDA_FNDDS_LOOKUP_TRACKING_ONLY,not_for_plan,"Official USDA nutrient data. Mazaj+ allergen, health-condition, mood, and plan-safety review has not been completed; use for lookup and daily tracking only."
fndds_coffee_turkish,True,False,False,USDA_FNDDS_LOOKUP_TRACKING_ONLY,not_for_plan,"Official USDA nutrient data. Mazaj+ allergen, health-condition, mood, and plan-safety review has not been completed; use for lookup and daily tracking only."
fndds_frozen_coffee_drink,True,False,False,USDA_FNDDS_LOOKUP_TRACKING_ONLY,not_for_plan,"Official USDA nutrient data. Mazaj+ allergen, health-condition, mood, and plan-safety review has not been completed; use for lookup and daily tracking only."
fndds_coffee_espresso,True,False,False,USDA_FNDDS_LOOKUP_TRACKING_ONLY,not_for_plan,"Official USDA nutrient data. Mazaj+ allergen, health-condition, mood, and plan-safety review has not been completed; use for lookup and daily tracking only."
fndds_coffee_macchiato,True,False,False,USDA_FNDDS_LOOKUP_TRACKING_ONLY,not_for_plan,"Official USDA nutrient data. Mazaj+ allergen, health-condition, mood, and plan-safety review has not been completed; use for lookup and daily tracking only."
fndds_coffee_cafe_mocha,True,False,False,USDA_FNDDS_LOOKUP_TRACKING_ONLY,not_for_plan,"Official USDA nutrient data. Mazaj+ allergen, health-condition, mood, and plan-safety review has not been completed; use for lookup and daily tracking only."
fndds_coffee_iced_latte,True,False,False,USDA_FNDDS_LOOKUP_TRACKING_ONLY,not_for_plan,"Official USDA nutrient data. Mazaj+ allergen, health-condition, mood, and plan-safety review has not been completed; use for lookup and daily tracking only."
fndds_coffee_cappuccino,True,False,False,USDA_FNDDS_LOOKUP_TRACKING_ONLY,not_for_plan,"Official USDA nutrient data. Mazaj+ allergen, health-condition, mood, and plan-safety review has not been completed; use for lookup and daily tracking only."
fndds_iced_coffee_brewed,True,False,False,USDA_FNDDS_LOOKUP_TRACKING_ONLY,not_for_plan,"Official USDA nutrient data. Mazaj+ allergen, health-condition, mood, and plan-safety review has not been completed; use for lookup and daily tracking only."
fndds_coffee_pre_lightened,True,False,False,USDA_FNDDS_LOOKUP_TRACKING_ONLY,not_for_plan,"Official USDA nutrient data. Mazaj+ allergen, health-condition, mood, and plan-safety review has not been completed; use for lookup and daily tracking only."
fndds_frozen_mocha_coffee_drink,True,False,False,USDA_FNDDS_LOOKUP_TRACKING_ONLY,not_for_plan,"Official USDA nutrient data. Mazaj+ allergen, health-condition, mood, and plan-safety review has not been completed; use for lookup and daily tracking only."
fndds_coffee_cafe_con_leche,True,False,False,USDA_FNDDS_LOOKUP_TRACKING_ONLY,not_for_plan,"Official USDA nutrient data. Mazaj+ allergen, health-condition, mood, and plan-safety review has not been completed; use for lookup and daily tracking only."
fndds_coffee_bottled_canned,True,False,False,USDA_FNDDS_LOOKUP_TRACKING_ONLY,not_for_plan,"Official USDA nutrient data. Mazaj+ allergen, health-condition, mood, and plan-safety review has not been completed; use for lookup and daily tracking only."
fndds_coffee_iced_cafe_mocha,True,False,False,USDA_FNDDS_LOOKUP_TRACKING_ONLY,not_for_plan,"Official USDA nutrient data. Mazaj+ allergen, health-condition, mood, and plan-safety review has not been completed; use for lookup and daily tracking only."
fndds_tea_ginger,True,False,False,USDA_FNDDS_LOOKUP_TRACKING_ONLY,not_for_plan,"Official USDA nutrient data. Mazaj+ allergen, health-condition, mood, and plan-safety review has not been completed; use for lookup and daily tracking only."
fndds_tea_bubble,True,False,False,USDA_FNDDS_LOOKUP_TRACKING_ONLY,not_for_plan,"Official USDA nutrient data. Mazaj+ allergen, health-condition, mood, and plan-safety review has not been completed; use for lookup and daily tracking only."
fndds_tea_kombucha,True,False,False,USDA_FNDDS_LOOKUP_TRACKING_ONLY,not_for_plan,"Official USDA nutrient data. Mazaj+ allergen, health-condition, mood, and plan-safety review has not been completed; use for lookup and daily tracking only."
fndds_tea_hot_herbal,True,False,False,USDA_FNDDS_LOOKUP_TRACKING_ONLY,not_for_plan,"Official USDA nutrient data. Mazaj+ allergen, health-condition, mood, and plan-safety review has not been completed; use for lookup and daily tracking only."
fndds_tea_hot_hibiscus,True,False,False,USDA_FNDDS_LOOKUP_TRACKING_ONLY,not_for_plan,"Official USDA nutrient data. Mazaj+ allergen, health-condition, mood, and plan-safety review has not been completed; use for lookup and daily tracking only."
fndds_tea_hot_chamomile,True,False,False,USDA_FNDDS_LOOKUP_TRACKING_ONLY,not_for_plan,"Official USDA nutrient data. Mazaj+ allergen, health-condition, mood, and plan-safety review has not been completed; use for lookup and daily tracking only."
fndds_tea_hot_with_milk,True,False,False,USDA_FNDDS_LOOKUP_TRACKING_ONLY,not_for_plan,"Official USDA nutrient data. Mazaj+ allergen, health-condition, mood, and plan-safety review has not been completed; use for lookup and daily tracking only."
fndds_iced_tea_lemonade_juice_drink,True,False,False,USDA_FNDDS_LOOKUP_TRACKING_ONLY,not_for_plan,"Official USDA nutrient data. Mazaj+ allergen, health-condition, mood, and plan-safety review has not been completed; use for lookup and daily tracking only."
fndds_tea_hot_leaf_black,True,False,False,USDA_FNDDS_LOOKUP_TRACKING_ONLY,not_for_plan,"Official USDA nutrient data. Mazaj+ allergen, health-condition, mood, and plan-safety review has not been completed; use for lookup and daily tracking only."
fndds_tea_hot_leaf_green,True,False,False,USDA_FNDDS_LOOKUP_TRACKING_ONLY,not_for_plan,"Official USDA nutrient data. Mazaj+ allergen, health-condition, mood, and plan-safety review has not been completed; use for lookup and daily tracking only."
fndds_tea_hot_leaf_oolong,True,False,False,USDA_FNDDS_LOOKUP_TRACKING_ONLY,not_for_plan,"Official USDA nutrient data. Mazaj+ allergen, health-condition, mood, and plan-safety review has not been completed; use for lookup and daily tracking only."
fndds_tea_iced_bottled_black,True,False,False,USDA_FNDDS_LOOKUP_TRACKING_ONLY,not_for_plan,"Official USDA nutrient data. Mazaj+ allergen, health-condition, mood, and plan-safety review has not been completed; use for lookup and daily tracking only."
fndds_water_tap,True,False,False,USDA_FNDDS_LOOKUP_TRACKING_ONLY,not_for_plan,"Official USDA nutrient data. Mazaj+ allergen, health-condition, mood, and plan-safety review has not been completed; use for lookup and daily tracking only."
fndds_water_bottled_plain,True,False,False,USDA_FNDDS_LOOKUP_TRACKING_ONLY,not_for_plan,"Official USDA nutrient data. Mazaj+ allergen, health-condition, mood, and plan-safety review has not been completed; use for lookup and daily tracking only."
fndds_water_tonic,True,False,False,USDA_FNDDS_LOOKUP_TRACKING_ONLY,not_for_plan,"Official USDA nutrient data. Mazaj+ allergen, health-condition, mood, and plan-safety review has not been completed; use for lookup and daily tracking only."
fndds_water_carbonated_plain,True,False,False,USDA_FNDDS_LOOKUP_TRACKING_ONLY,not_for_plan,"Official USDA nutrient data. Mazaj+ allergen, health-condition, mood, and plan-safety review has not been completed; use for lookup and daily tracking only."
fndds_water_beverage_fruit_flavored,True,False,False,USDA_FNDDS_LOOKUP_TRACKING_ONLY,not_for_plan,"Official USDA nutrient data. Mazaj+ allergen, health-condition, mood, and plan-safety review has not been completed; use for lookup and daily tracking only."
fndds_water_carbonated_flavored,True,False,False,USDA_FNDDS_LOOKUP_TRACKING_ONLY,not_for_plan,"Official USDA nutrient data. Mazaj+ allergen, health-condition, mood, and plan-safety review has not been completed; use for lookup and daily tracking only."
fndds_water_enhanced_diet,True,False,False,USDA_FNDDS_LOOKUP_TRACKING_ONLY,not_for_plan,"Official USDA nutrient data. Mazaj+ allergen, health-condition, mood, and plan-safety review has not been completed; use for lookup and daily tracking only."
fndds_water_enhanced_regular,True,False,False,USDA_FNDDS_LOOKUP_TRACKING_ONLY,not_for_plan,"Official USDA nutrient data. Mazaj+ allergen, health-condition, mood, and plan-safety review has not been completed; use for lookup and daily tracking only."
fndds_lard,True,False,False,USDA_FNDDS_LOOKUP_TRACKING_ONLY,not_for_plan,"Official USDA nutrient data. Mazaj+ allergen, health-condition, mood, and plan-safety review has not been completed; use for lookup and daily tracking only."
fndds_honey_butter,True,False,False,USDA_FNDDS_LOOKUP_TRACKING_ONLY,not_for_plan,"Official USDA nutrient data. Mazaj+ allergen, health-condition, mood, and plan-safety review has not been completed; use for lookup and daily tracking only."
fndds_butter_tub,True,False,False,USDA_FNDDS_LOOKUP_TRACKING_ONLY,not_for_plan,"Official USDA nutrient data. Mazaj+ allergen, health-condition, mood, and plan-safety review has not been completed; use for lookup and daily tracking only."
fndds_fat_back_cooked,True,False,False,USDA_FNDDS_LOOKUP_TRACKING_ONLY,not_for_plan,"Official USDA nutrient data. Mazaj+ allergen, health-condition, mood, and plan-safety review has not been completed; use for lookup and daily tracking only."
fndds_butter_stick,True,False,False,USDA_FNDDS_LOOKUP_TRACKING_ONLY,not_for_plan,"Official USDA nutrient data. Mazaj+ allergen, health-condition, mood, and plan-safety review has not been completed; use for lookup and daily tracking only."
fndds_margarine_tub,True,False,False,USDA_FNDDS_LOOKUP_TRACKING_ONLY,not_for_plan,"Official USDA nutrient data. Mazaj+ allergen, health-condition, mood, and plan-safety review has not been completed; use for lookup and daily tracking only."
fndds_margarine_stick,True,False,False,USDA_FNDDS_LOOKUP_TRACKING_ONLY,not_for_plan,"Official USDA nutrient data. Mazaj+ allergen, health-condition, mood, and plan-safety review has not been completed; use for lookup and daily tracking only."
fndds_margarine_light,True,False,False,USDA_FNDDS_LOOKUP_TRACKING_ONLY,not_for_plan,"Official USDA nutrient data. Mazaj+ allergen, health-condition, mood, and plan-safety review has not been completed; use for lookup and daily tracking only."
fndds_butter_replacement_liquid,True,False,False,USDA_FNDDS_LOOKUP_TRACKING_ONLY,not_for_plan,"Official USDA nutrient data. Mazaj+ allergen, health-condition, mood, and plan-safety review has not been completed; use for lookup and daily tracking only."
fndds_whipped_topping,True,False,False,USDA_FNDDS_LOOKUP_TRACKING_ONLY,not_for_plan,"Official USDA nutrient data. Mazaj+ allergen, health-condition, mood, and plan-safety review has not been completed; use for lookup and daily tracking only."
fndds_cream_whipped,True,False,False,USDA_FNDDS_LOOKUP_TRACKING_ONLY,not_for_plan,"Official USDA nutrient data. Mazaj+ allergen, health-condition, mood, and plan-safety review has not been completed; use for lookup and daily tracking only."
fndds_sour_cream_light,True,False,False,USDA_FNDDS_LOOKUP_TRACKING_ONLY,not_for_plan,"Official USDA nutrient data. Mazaj+ allergen, health-condition, mood, and plan-safety review has not been completed; use for lookup and daily tracking only."
fndds_sour_cream_regular,True,False,False,USDA_FNDDS_LOOKUP_TRACKING_ONLY,not_for_plan,"Official USDA nutrient data. Mazaj+ allergen, health-condition, mood, and plan-safety review has not been completed; use for lookup and daily tracking only."
fndds_cream_cheese_light,True,False,False,USDA_FNDDS_LOOKUP_TRACKING_ONLY,not_for_plan,"Official USDA nutrient data. Mazaj+ allergen, health-condition, mood, and plan-safety review has not been completed; use for lookup and daily tracking only."
fndds_sour_cream_fat_free,True,False,False,USDA_FNDDS_LOOKUP_TRACKING_ONLY,not_for_plan,"Official USDA nutrient data. Mazaj+ allergen, health-condition, mood, and plan-safety review has not been completed; use for lookup and daily tracking only."
fndds_cream_light,True,False,False,USDA_FNDDS_LOOKUP_TRACKING_ONLY,not_for_plan,"Official USDA nutrient data. Mazaj+ allergen, health-condition, mood, and plan-safety review has not been completed; use for lookup and daily tracking only."
fndds_cream_heavy,True,False,False,USDA_FNDDS_LOOKUP_TRACKING_ONLY,not_for_plan,"Official USDA nutrient data. Mazaj+ allergen, health-condition, mood, and plan-safety review has not been completed; use for lookup and daily tracking only."
fndds_cream_half_and_half,True,False,False,USDA_FNDDS_LOOKUP_TRACKING_ONLY,not_for_plan,"Official USDA nutrient data. Mazaj+ allergen, health-condition, mood, and plan-safety review has not been completed; use for lookup and daily tracking only."
fndds_coffee_creamer_liquid,True,False,False,USDA_FNDDS_LOOKUP_TRACKING_ONLY,not_for_plan,"Official USDA nutrient data. Mazaj+ allergen, health-condition, mood, and plan-safety review has not been completed; use for lookup and daily tracking only."
fndds_coffee_creamer_powder,True,False,False,USDA_FNDDS_LOOKUP_TRACKING_ONLY,not_for_plan,"Official USDA nutrient data. Mazaj+ allergen, health-condition, mood, and plan-safety review has not been completed; use for lookup and daily tracking only."
fndds_coffee_creamer_soy_liquid,True,False,False,USDA_FNDDS_LOOKUP_TRACKING_ONLY,not_for_plan,"Official USDA nutrient data. Mazaj+ allergen, health-condition, mood, and plan-safety review has not been completed; use for lookup and daily tracking only."
fndds_cream_half_and_half_flavored,True,False,False,USDA_FNDDS_LOOKUP_TRACKING_ONLY,not_for_plan,"Official USDA nutrient data. Mazaj+ allergen, health-condition, mood, and plan-safety review has not been completed; use for lookup and daily tracking only."
fndds_tartar_sauce,True,False,False,USDA_FNDDS_LOOKUP_TRACKING_ONLY,not_for_plan,"Official USDA nutrient data. Mazaj+ allergen, health-condition, mood, and plan-safety review has not been completed; use for lookup and daily tracking only."
fndds_sandwich_spread,True,False,False,USDA_FNDDS_LOOKUP_TRACKING_ONLY,not_for_plan,"Official USDA nutrient data. Mazaj+ allergen, health-condition, mood, and plan-safety review has not been completed; use for lookup and daily tracking only."
fndds_vegan_mayonnaise,True,False,False,USDA_FNDDS_LOOKUP_TRACKING_ONLY,not_for_plan,"Official USDA nutrient data. Mazaj+ allergen, health-condition, mood, and plan-safety review has not been completed; use for lookup and daily tracking only."
fndds_mayonnaise_light,True,False,False,USDA_FNDDS_LOOKUP_TRACKING_ONLY,not_for_plan,"Official USDA nutrient data. Mazaj+ allergen, health-condition, mood, and plan-safety review has not been completed; use for lookup and daily tracking only."
fndds_mayonnaise_regular,True,False,False,USDA_FNDDS_LOOKUP_TRACKING_ONLY,not_for_plan,"Official USDA nutrient data. Mazaj+ allergen, health-condition, mood, and plan-safety review has not been completed; use for lookup and daily tracking only."
fndds_corn_oil,True,False,False,USDA_FNDDS_LOOKUP_TRACKING_ONLY,not_for_plan,"Official USDA nutrient data. Mazaj+ allergen, health-condition, mood, and plan-safety review has not been completed; use for lookup and daily tracking only."
fndds_olive_oil,True,False,False,USDA_FNDDS_LOOKUP_TRACKING_ONLY,not_for_plan,"Official USDA nutrient data. Mazaj+ allergen, health-condition, mood, and plan-safety review has not been completed; use for lookup and daily tracking only."
fndds_almond_oil,True,False,False,USDA_FNDDS_LOOKUP_TRACKING_ONLY,not_for_plan,"Official USDA nutrient data. Mazaj+ allergen, health-condition, mood, and plan-safety review has not been completed; use for lookup and daily tracking only."
fndds_peanut_oil,True,False,False,USDA_FNDDS_LOOKUP_TRACKING_ONLY,not_for_plan,"Official USDA nutrient data. Mazaj+ allergen, health-condition, mood, and plan-safety review has not been completed; use for lookup and daily tracking only."
fndds_canola_oil,True,False,False,USDA_FNDDS_LOOKUP_TRACKING_ONLY,not_for_plan,"Official USDA nutrient data. Mazaj+ allergen, health-condition, mood, and plan-safety review has not been completed; use for lookup and daily tracking only."
fndds_sesame_oil,True,False,False,USDA_FNDDS_LOOKUP_TRACKING_ONLY,not_for_plan,"Official USDA nutrient data. Mazaj+ allergen, health-condition, mood, and plan-safety review has not been completed; use for lookup and daily tracking only."
fndds_walnut_oil,True,False,False,USDA_FNDDS_LOOKUP_TRACKING_ONLY,not_for_plan,"Official USDA nutrient data. Mazaj+ allergen, health-condition, mood, and plan-safety review has not been completed; use for lookup and daily tracking only."
fndds_soybean_oil,True,False,False,USDA_FNDDS_LOOKUP_TRACKING_ONLY,not_for_plan,"Official USDA nutrient data. Mazaj+ allergen, health-condition, mood, and plan-safety review has not been completed; use for lookup and daily tracking only."
fndds_flaxseed_oil,True,False,False,USDA_FNDDS_LOOKUP_TRACKING_ONLY,not_for_plan,"Official USDA nutrient data. Mazaj+ allergen, health-condition, mood, and plan-safety review has not been completed; use for lookup and daily tracking only."
fndds_safflower_oil,True,False,False,USDA_FNDDS_LOOKUP_TRACKING_ONLY,not_for_plan,"Official USDA nutrient data. Mazaj+ allergen, health-condition, mood, and plan-safety review has not been completed; use for lookup and daily tracking only."
fndds_sunflower_oil,True,False,False,USDA_FNDDS_LOOKUP_TRACKING_ONLY,not_for_plan,"Official USDA nutrient data. Mazaj+ allergen, health-condition, mood, and plan-safety review has not been completed; use for lookup and daily tracking only."
fndds_cottonseed_oil,True,False,False,USDA_FNDDS_LOOKUP_TRACKING_ONLY,not_for_plan,"Official USDA nutrient data. Mazaj+ allergen, health-condition, mood, and plan-safety review has not been completed; use for lookup and daily tracking only."
fndds_taco_sauce,True,False,False,USDA_FNDDS_LOOKUP_TRACKING_ONLY,not_for_plan,"Official USDA nutrient data. Mazaj+ allergen, health-condition, mood, and plan-safety review has not been completed; use for lookup and daily tracking only."
fndds_steak_sauce,True,False,False,USDA_FNDDS_LOOKUP_TRACKING_ONLY,not_for_plan,"Official USDA nutrient data. Mazaj+ allergen, health-condition, mood, and plan-safety review has not been completed; use for lookup and daily tracking only."
fndds_salsa_red,True,False,False,USDA_FNDDS_LOOKUP_TRACKING_ONLY,not_for_plan,"Official USDA nutrient data. Mazaj+ allergen, health-condition, mood, and plan-safety review has not been completed; use for lookup and daily tracking only."
fndds_barbecue_sauce,True,False,False,USDA_FNDDS_LOOKUP_TRACKING_ONLY,not_for_plan,"Official USDA nutrient data. Mazaj+ allergen, health-condition, mood, and plan-safety review has not been completed; use for lookup and daily tracking only."
fndds_cocktail_sauce,True,False,False,USDA_FNDDS_LOOKUP_TRACKING_ONLY,not_for_plan,"Official USDA nutrient data. Mazaj+ allergen, health-condition, mood, and plan-safety review has not been completed; use for lookup and daily tracking only."
fndds_miso,True,False,False,USDA_FNDDS_LOOKUP_TRACKING_ONLY,not_for_plan,"Official USDA nutrient data. Mazaj+ allergen, health-condition, mood, and plan-safety review has not been completed; use for lookup and daily tracking only."
fndds_natto,True,False,False,USDA_FNDDS_LOOKUP_TRACKING_ONLY,not_for_plan,"Official USDA nutrient data. Mazaj+ allergen, health-condition, mood, and plan-safety review has not been completed; use for lookup and daily tracking only."
fndds_soy_sauce,True,False,False,USDA_FNDDS_LOOKUP_TRACKING_ONLY,not_for_plan,"Official USDA nutrient data. Mazaj+ allergen, health-condition, mood, and plan-safety review has not been completed; use for lookup and daily tracking only."
fndds_fish_sauce,True,False,False,USDA_FNDDS_LOOKUP_TRACKING_ONLY,not_for_plan,"Official USDA nutrient data. Mazaj+ allergen, health-condition, mood, and plan-safety review has not been completed; use for lookup and daily tracking only."
fndds_miso_sauce,True,False,False,USDA_FNDDS_LOOKUP_TRACKING_ONLY,not_for_plan,"Official USDA nutrient data. Mazaj+ allergen, health-condition, mood, and plan-safety review has not been completed; use for lookup and daily tracking only."
fndds_chutney,True,False,False,USDA_FNDDS_LOOKUP_TRACKING_ONLY,not_for_plan,"Official USDA nutrient data. Mazaj+ allergen, health-condition, mood, and plan-safety review has not been completed; use for lookup and daily tracking only."
fndds_vinegar,True,False,False,USDA_FNDDS_LOOKUP_TRACKING_ONLY,not_for_plan,"Official USDA nutrient data. Mazaj+ allergen, health-condition, mood, and plan-safety review has not been completed; use for lookup and daily tracking only."
fndds_pimiento,True,False,False,USDA_FNDDS_LOOKUP_TRACKING_ONLY,not_for_plan,"Official USDA nutrient data. Mazaj+ allergen, health-condition, mood, and plan-safety review has not been completed; use for lookup and daily tracking only."
fndds_fry_sauce,True,False,False,USDA_FNDDS_LOOKUP_TRACKING_ONLY,not_for_plan,"Official USDA nutrient data. Mazaj+ allergen, health-condition, mood, and plan-safety review has not been completed; use for lookup and daily tracking only."
fndds_duck_sauce,True,False,False,USDA_FNDDS_LOOKUP_TRACKING_ONLY,not_for_plan,"Official USDA nutrient data. Mazaj+ allergen, health-condition, mood, and plan-safety review has not been completed; use for lookup and daily tracking only."
fndds_horseradish,True,False,False,USDA_FNDDS_LOOKUP_TRACKING_ONLY,not_for_plan,"Official USDA nutrient data. Mazaj+ allergen, health-condition, mood, and plan-safety review has not been completed; use for lookup and daily tracking only."
fndds_wasabi_paste,True,False,False,USDA_FNDDS_LOOKUP_TRACKING_ONLY,not_for_plan,"Official USDA nutrient data. Mazaj+ allergen, health-condition, mood, and plan-safety review has not been completed; use for lookup and daily tracking only."
fndds_buffalo_sauce,True,False,False,USDA_FNDDS_LOOKUP_TRACKING_ONLY,not_for_plan,"Official USDA nutrient data. Mazaj+ allergen, health-condition, mood, and plan-safety review has not been completed; use for lookup and daily tracking only."
fndds_kimchi,True,False,False,USDA_FNDDS_LOOKUP_TRACKING_ONLY,not_for_plan,"Official USDA nutrient data. Mazaj+ allergen, health-condition, mood, and plan-safety review has not been completed; use for lookup and daily tracking only."
fndds_sauerkraut,True,False,False,USDA_FNDDS_LOOKUP_TRACKING_ONLY,not_for_plan,"Official USDA nutrient data. Mazaj+ allergen, health-condition, mood, and plan-safety review has not been completed; use for lookup and daily tracking only."
fndds_olive_tapenade,True,False,False,USDA_FNDDS_LOOKUP_TRACKING_ONLY,not_for_plan,"Official USDA nutrient data. Mazaj+ allergen, health-condition, mood, and plan-safety review has not been completed; use for lookup and daily tracking only."
fndds_relish_corn,True,False,False,USDA_FNDDS_LOOKUP_TRACKING_ONLY,not_for_plan,"Official USDA nutrient data. Mazaj+ allergen, health-condition, mood, and plan-safety review has not been completed; use for lookup and daily tracking only."
fndds_pickles_dill,True,False,False,USDA_FNDDS_LOOKUP_TRACKING_ONLY,not_for_plan,"Official USDA nutrient data. Mazaj+ allergen, health-condition, mood, and plan-safety review has not been completed; use for lookup and daily tracking only."
fndds_okra_pickled,True,False,False,USDA_FNDDS_LOOKUP_TRACKING_ONLY,not_for_plan,"Official USDA nutrient data. Mazaj+ allergen, health-condition, mood, and plan-safety review has not been completed; use for lookup and daily tracking only."
fndds_olives_green,True,False,False,USDA_FNDDS_LOOKUP_TRACKING_ONLY,not_for_plan,"Official USDA nutrient data. Mazaj+ allergen, health-condition, mood, and plan-safety review has not been completed; use for lookup and daily tracking only."
fndds_olives_black,True,False,False,USDA_FNDDS_LOOKUP_TRACKING_ONLY,not_for_plan,"Official USDA nutrient data. Mazaj+ allergen, health-condition, mood, and plan-safety review has not been completed; use for lookup and daily tracking only."
fndds_beets_pickled,True,False,False,USDA_FNDDS_LOOKUP_TRACKING_ONLY,not_for_plan,"Official USDA nutrient data. Mazaj+ allergen, health-condition, mood, and plan-safety review has not been completed; use for lookup and daily tracking only."
fndds_spaghetti_sauce,True,False,False,USDA_FNDDS_LOOKUP_TRACKING_ONLY,not_for_plan,"Official USDA nutrient data. Mazaj+ allergen, health-condition, mood, and plan-safety review has not been completed; use for lookup and daily tracking only."
fndds_spaghetti_sauce_with_meat,True,False,False,USDA_FNDDS_LOOKUP_TRACKING_ONLY,not_for_plan,"Official USDA nutrient data. Mazaj+ allergen, health-condition, mood, and plan-safety review has not been completed; use for lookup and daily tracking only."
fndds_spaghetti_sauce_with_poultry,True,False,False,USDA_FNDDS_LOOKUP_TRACKING_ONLY,not_for_plan,"Official USDA nutrient data. Mazaj+ allergen, health-condition, mood, and plan-safety review has not been completed; use for lookup and daily tracking only."
fndds_spaghetti_sauce_with_seafood,True,False,False,USDA_FNDDS_LOOKUP_TRACKING_ONLY,not_for_plan,"Official USDA nutrient data. Mazaj+ allergen, health-condition, mood, and plan-safety review has not been completed; use for lookup and daily tracking only."
fndds_spaghetti_sauce_fat_free,True,False,False,USDA_FNDDS_LOOKUP_TRACKING_ONLY,not_for_plan,"Official USDA nutrient data. Mazaj+ allergen, health-condition, mood, and plan-safety review has not been completed; use for lookup and daily tracking only."
fndds_layer_dip,True,False,False,USDA_FNDDS_LOOKUP_TRACKING_ONLY,not_for_plan,"Official USDA nutrient data. Mazaj+ allergen, health-condition, mood, and plan-safety review has not been completed; use for lookup and daily tracking only."
fndds_cheese_dip,True,False,False,USDA_FNDDS_LOOKUP_TRACKING_ONLY,not_for_plan,"Official USDA nutrient data. Mazaj+ allergen, health-condition, mood, and plan-safety review has not been completed; use for lookup and daily tracking only."
fndds_mole_sauce,True,False,False,USDA_FNDDS_LOOKUP_TRACKING_ONLY,not_for_plan,"Official USDA nutrient data. Mazaj+ allergen, health-condition, mood, and plan-safety review has not been completed; use for lookup and daily tracking only."
fndds_seafood_dip,True,False,False,USDA_FNDDS_LOOKUP_TRACKING_ONLY,not_for_plan,"Official USDA nutrient data. Mazaj+ allergen, health-condition, mood, and plan-safety review has not been completed; use for lookup and daily tracking only."
fndds_pesto_sauce,True,False,False,USDA_FNDDS_LOOKUP_TRACKING_ONLY,not_for_plan,"Official USDA nutrient data. Mazaj+ allergen, health-condition, mood, and plan-safety review has not been completed; use for lookup and daily tracking only."
fndds_curry_sauce,True,False,False,USDA_FNDDS_LOOKUP_TRACKING_ONLY,not_for_plan,"Official USDA nutrient data. Mazaj+ allergen, health-condition, mood, and plan-safety review has not been completed; use for lookup and daily tracking only."
fndds_tzatziki_dip,True,False,False,USDA_FNDDS_LOOKUP_TRACKING_ONLY,not_for_plan,"Official USDA nutrient data. Mazaj+ allergen, health-condition, mood, and plan-safety review has not been completed; use for lookup and daily tracking only."
fndds_cheese_sauce,True,False,False,USDA_FNDDS_LOOKUP_TRACKING_ONLY,not_for_plan,"Official USDA nutrient data. Mazaj+ allergen, health-condition, mood, and plan-safety review has not been completed; use for lookup and daily tracking only."
fndds_peanut_sauce,True,False,False,USDA_FNDDS_LOOKUP_TRACKING_ONLY,not_for_plan,"Official USDA nutrient data. Mazaj+ allergen, health-condition, mood, and plan-safety review has not been completed; use for lookup and daily tracking only."
fndds_eggplant_dip,True,False,False,USDA_FNDDS_LOOKUP_TRACKING_ONLY,not_for_plan,"Official USDA nutrient data. Mazaj+ allergen, health-condition, mood, and plan-safety review has not been completed; use for lookup and daily tracking only."
fndds_garlic_sauce,True,False,False,USDA_FNDDS_LOOKUP_TRACKING_ONLY,not_for_plan,"Official USDA nutrient data. Mazaj+ allergen, health-condition, mood, and plan-safety review has not been completed; use for lookup and daily tracking only."
fndds_artichoke_dip,True,False,False,USDA_FNDDS_LOOKUP_TRACKING_ONLY,not_for_plan,"Official USDA nutrient data. Mazaj+ allergen, health-condition, mood, and plan-safety review has not been completed; use for lookup and daily tracking only."
fndds_cheese_fondue,True,False,False,USDA_FNDDS_LOOKUP_TRACKING_ONLY,not_for_plan,"Official USDA nutrient data. Mazaj+ allergen, health-condition, mood, and plan-safety review has not been completed; use for lookup and daily tracking only."
fndds_honey,True,False,False,USDA_FNDDS_LOOKUP_TRACKING_ONLY,not_for_plan,"Official USDA nutrient data. Mazaj+ allergen, health-condition, mood, and plan-safety review has not been completed; use for lookup and daily tracking only."
fndds_molasses,True,False,False,USDA_FNDDS_LOOKUP_TRACKING_ONLY,not_for_plan,"Official USDA nutrient data. Mazaj+ allergen, health-condition, mood, and plan-safety review has not been completed; use for lookup and daily tracking only."
fndds_sugar_brown,True,False,False,USDA_FNDDS_LOOKUP_TRACKING_ONLY,not_for_plan,"Official USDA nutrient data. Mazaj+ allergen, health-condition, mood, and plan-safety review has not been completed; use for lookup and daily tracking only."
fndds_sugar_cinnamon,True,False,False,USDA_FNDDS_LOOKUP_TRACKING_ONLY,not_for_plan,"Official USDA nutrient data. Mazaj+ allergen, health-condition, mood, and plan-safety review has not been completed; use for lookup and daily tracking only."
fndds_sugar_substitute_and_sugar_blend,True,False,False,USDA_FNDDS_LOOKUP_TRACKING_ONLY,not_for_plan,"Official USDA nutrient data. Mazaj+ allergen, health-condition, mood, and plan-safety review has not been completed; use for lookup and daily tracking only."
fndds_sugar_substitute_stevia_powder,True,False,False,USDA_FNDDS_LOOKUP_TRACKING_ONLY,not_for_plan,"Official USDA nutrient data. Mazaj+ allergen, health-condition, mood, and plan-safety review has not been completed; use for lookup and daily tracking only."
fndds_sugar_substitute_stevia_liquid,True,False,False,USDA_FNDDS_LOOKUP_TRACKING_ONLY,not_for_plan,"Official USDA nutrient data. Mazaj+ allergen, health-condition, mood, and plan-safety review has not been completed; use for lookup and daily tracking only."
fndds_sugar_substitute_sucralose_powder,True,False,False,USDA_FNDDS_LOOKUP_TRACKING_ONLY,not_for_plan,"Official USDA nutrient data. Mazaj+ allergen, health-condition, mood, and plan-safety review has not been completed; use for lookup and daily tracking only."
fndds_sugar_substitute_saccharin_powder,True,False,False,USDA_FNDDS_LOOKUP_TRACKING_ONLY,not_for_plan,"Official USDA nutrient data. Mazaj+ allergen, health-condition, mood, and plan-safety review has not been completed; use for lookup and daily tracking only."
fndds_jam,True,False,False,USDA_FNDDS_LOOKUP_TRACKING_ONLY,not_for_plan,"Official USDA nutrient data. Mazaj+ allergen, health-condition, mood, and plan-safety review has not been completed; use for lookup and daily tracking only."
fndds_jelly,True,False,False,USDA_FNDDS_LOOKUP_TRACKING_ONLY,not_for_plan,"Official USDA nutrient data. Mazaj+ allergen, health-condition, mood, and plan-safety review has not been completed; use for lookup and daily tracking only."
fndds_marmalade,True,False,False,USDA_FNDDS_LOOKUP_TRACKING_ONLY,not_for_plan,"Official USDA nutrient data. Mazaj+ allergen, health-condition, mood, and plan-safety review has not been completed; use for lookup and daily tracking only."
fndds_corn_syrup,True,False,False,USDA_FNDDS_LOOKUP_TRACKING_ONLY,not_for_plan,"Official USDA nutrient data. Mazaj+ allergen, health-condition, mood, and plan-safety review has not been completed; use for lookup and daily tracking only."
fndds_dessert_dip,True,False,False,USDA_FNDDS_LOOKUP_TRACKING_ONLY,not_for_plan,"Official USDA nutrient data. Mazaj+ allergen, health-condition, mood, and plan-safety review has not been completed; use for lookup and daily tracking only."
fndds_guava_paste,True,False,False,USDA_FNDDS_LOOKUP_TRACKING_ONLY,not_for_plan,"Official USDA nutrient data. Mazaj+ allergen, health-condition, mood, and plan-safety review has not been completed; use for lookup and daily tracking only."
fndds_simple_syrup,True,False,False,USDA_FNDDS_LOOKUP_TRACKING_ONLY,not_for_plan,"Official USDA nutrient data. Mazaj+ allergen, health-condition, mood, and plan-safety review has not been completed; use for lookup and daily tracking only."
fndds_fruit_butter,True,False,False,USDA_FNDDS_LOOKUP_TRACKING_ONLY,not_for_plan,"Official USDA nutrient data. Mazaj+ allergen, health-condition, mood, and plan-safety review has not been completed; use for lookup and daily tracking only."
fndds_pancake_syrup,True,False,False,USDA_FNDDS_LOOKUP_TRACKING_ONLY,not_for_plan,"Official USDA nutrient data. Mazaj+ allergen, health-condition, mood, and plan-safety review has not been completed; use for lookup and daily tracking only."
fndds_chocolate_dip,True,False,False,USDA_FNDDS_LOOKUP_TRACKING_ONLY,not_for_plan,"Official USDA nutrient data. Mazaj+ allergen, health-condition, mood, and plan-safety review has not been completed; use for lookup and daily tracking only."
fndds_nutritional_powder_mix_isopure,True,False,False,USDA_FNDDS_LOOKUP_TRACKING_ONLY,not_for_plan,"Official USDA nutrient data. Mazaj+ allergen, health-condition, mood, and plan-safety review has not been completed; use for lookup and daily tracking only."
fndds_nutritional_powder_mix_slim_fast,True,False,False,USDA_FNDDS_LOOKUP_TRACKING_ONLY,not_for_plan,"Official USDA nutrient data. Mazaj+ allergen, health-condition, mood, and plan-safety review has not been completed; use for lookup and daily tracking only."
fndds_nutritional_powder_mix_muscle_milk,True,False,False,USDA_FNDDS_LOOKUP_TRACKING_ONLY,not_for_plan,"Official USDA nutrient data. Mazaj+ allergen, health-condition, mood, and plan-safety review has not been completed; use for lookup and daily tracking only."
fndds_nutritional_powder_mix_light_muscle_milk,True,False,False,USDA_FNDDS_LOOKUP_TRACKING_ONLY,not_for_plan,"Official USDA nutrient data. Mazaj+ allergen, health-condition, mood, and plan-safety review has not been completed; use for lookup and daily tracking only."
fndds_nutritional_powder_mix_eas_soy_protein_powder,True,False,False,USDA_FNDDS_LOOKUP_TRACKING_ONLY,not_for_plan,"Official USDA nutrient data. Mazaj+ allergen, health-condition, mood, and plan-safety review has not been completed; use for lookup and daily tracking only."
