alias,food_key,language,source
أرز,rice_white_cooked,ar,manual
أرز باللبن,rice_pudding,ar,manual
أرز بني,rice_brown_cooked,ar,manual
أفوكادو,avocado,ar,manual
أناناس,pineapple,ar,manual
ارز باللبن,rice_pudding,ar,manual
اسباجتي,spaghetti_tomato_sauce,ar,manual
ايس كريم,ice_cream_vanilla,ar,manual
بار جرانولا,granola_bar,ar,manual
بذور دوار الشمس,sunflower_seeds,ar,manual
برتقال,orange,ar,manual
برجر,burger_beef,ar,manual
برجر لحم,burger_beef,ar,manual
برجر نباتي,veggie_burger,ar,manual
بروكلي,broccoli_raw,ar,manual
برياني,biryani_chicken,ar,manual
برياني دجاج,biryani_chicken,ar,manual
برياني فراخ,biryani_chicken,ar,manual
بسبوسة,basbousa,ar,manual
بسكويت شوكولاتة,cookies_chocolate_chip,ar,manual
بسلة,peas_cooked,ar,manual
بصل,yellow_onion_raw,ar,manual
بطاطا,sweet_potato_baked,ar,manual
بطاطس مشوية,potato_baked,ar,manual
بطاطس مقلية,french_fries,ar,manual
بطيخ,watermelon,ar,manual
بلطي,tilapia_grilled,ar,manual
بياض بيض,large_egg_white,ar,manual
بيتزا,pizza_slice,ar,manual
بيض,large_egg_whole,ar,manual
بيض مخفوق,scrambled_egg,ar,manual
بيضة مسلوقة,boiled_egg,ar,manual
تفاح,apple,ar,manual
تمر,dates,ar,manual
توت أزرق,blueberries,ar,manual
توفو,tofu_firm,ar,manual
تونة,tuna_canned,ar,manual
تين مجفف,figs_dried,ar,manual
ثوم,garlic_raw,ar,manual
جبنة فيتا,feta_cheese,ar,manual
جبنة كريمي,cream_cheese,ar,manual
جزر,carrots_frozen,ar,manual
جمبري,shrimp_cooked,ar,manual
حلوى,candy_gummy,ar,manual
حليب قليل الدسم,milk_2_percent,ar,manual
حمص,hummus,ar,manual
حمص حب,chickpeas_cooked,ar,manual
حواوشي,hawawshi,ar,manual
خبز أبيض,bread_white,ar,manual
خبز تورتيلا,tortilla_wrap,ar,manual
خبز قمح كامل,bread_whole_wheat,ar,manual
خس,romaine_lettuce,ar,manual
خوخ,peaches_raw,ar,manual
خيار,cucumber,ar,manual
دايت كولا,cola_diet,ar,manual
دبوس دجاج,chicken_drumstick_cooked,ar,manual
دجاج مع الأرز,chicken_with_rice,ar,manual
دونات,donut_glazed,ar,manual
ذرة,corn_cooked,ar,manual
رز,rice_white_cooked,ar,manual
رز بالسمك,fish_with_rice,ar,manual
رز بالفراخ,chicken_with_rice,ar,manual
رز باللحم,lamb_with_rice,ar,manual
زبادي بالفواكه,yogurt_fruit,ar,manual
زبادي يوناني,greek_yogurt_plain,ar,manual
زبدة فول سوداني,peanut_butter,ar,manual
ساندوتش تركي,sandwich_turkey,ar,manual
ساندوتش جبنة,sandwich_cheese,ar,manual
سبانخ,spinach,ar,manual
ستيك,beef_steak_grilled,ar,manual
سجق,sausage_beef,ar,manual
سردين,sardines_canned,ar,manual
سكر,granulated_sugar,ar,manual
سلطة,mixed_salad,ar,manual
سلمون,salmon_grilled,ar,manual
سمك,grilled_fish,ar,manual
سمك بالرز,fish_with_rice,ar,manual
سمك بالفرن,fish_baked,ar,manual
سمك بلطي,tilapia_grilled,ar,manual
سمك مشوي,grilled_fish,ar,manual
سمك مقلي,fish_fried,ar,manual
سموذي,smoothie_fruit,ar,manual
شاورما,chicken_shawarma,ar,manual
شاورما فراخ,chicken_shawarma,ar,manual
شاي,tea_unsweetened,ar,manual
شاي بسكر,tea_sweetened,ar,manual
شمام,cantaloupe_raw,ar,manual
شوربة العدس,lentil_soup,ar,manual
شوربة عدس,lentil_soup,ar,manual
شوربة فراخ,soup_chicken,ar,manual
شوفان,oats_cooked,ar,manual
شوكولاتة,chocolate_bar,ar,manual
شوكولاتة داكنة,dark_chocolate,ar,manual
شيبسي,potato_chips,ar,manual
صدر دجاج,chicken_breast_cooked,ar,manual
صدر فراخ مشوي,chicken_breast_grilled,ar,manual
صفار بيض,large_egg_yolk,ar,manual
طعمية,falafel_taameya,ar,manual
طماطم,tomatoes_grape,ar,manual
عدس,lentils_cooked,ar,manual
عصير برتقال,orange_juice,ar,manual
عصير تفاح,apple_juice,ar,manual
عنب,grapes,ar,manual
عيش أبيض,bread_white,ar,manual
عيش بلدي,baladi_bread,ar,manual
عيش سن,bread_whole_wheat,ar,manual
عيش شامي,pita_bread,ar,manual
فاصوليا حمراء,beans_kidney,ar,manual
فاصوليا سوداء,beans_black,ar,manual
فتة,fatta_egyptian,ar,manual
فتة مصرية,fatta_egyptian,ar,manual
فراخ بالرز,chicken_with_rice,ar,manual
فراخ مشوية,chicken_breast_grilled,ar,manual
فراخ مقلية,chicken_fried,ar,manual
فراولة,strawberries,ar,manual
فشار,popcorn_plain,ar,manual
فشار بالزبدة,popcorn_butter,ar,manual
فلافل,falafel,ar,manual
فول,foul_medames,ar,manual
فول سوداني,peanuts,ar,manual
فول مدمس,foul_medames,ar,manual
قطعة فراخ مقلية,fried_chicken_piece,ar,manual
قهوة,coffee_black,ar,manual
قهوة بلبن,coffee_milk_sugar,ar,manual
كباب,kebab_grilled,ar,manual
كباب لحم,beef_kebab,ar,manual
كبسة,kabsa_chicken,ar,manual
كبسة دجاج,kabsa_chicken,ar,manual
كبسة فراخ,kabsa_chicken,ar,manual
كرنب اجعد,kale_raw,ar,manual
كسكسي,couscous_cooked,ar,manual
كشري,koshari,ar,manual
كفتة,kofta_grilled,ar,manual
كفتة كرات,meatballs,ar,manual
كمثرى,pear,ar,manual
كنافة,kunafa,ar,manual
كورن فليكس,cereal_cornflakes,ar,manual
كوكاكولا,cola_regular,ar,manual
كولا,cola_regular,ar,manual
كيك شوكولاتة,cake_chocolate,ar,manual
كينوا,quinoa_cooked,ar,manual
كيوي,kiwi,ar,manual
لازانيا,lasagna,ar,manual
لبن قليل الدسم,milk_2_percent,ar,manual
لبنة,labneh,ar,manual
لحم بالرز,lamb_with_rice,ar,manual
لحم ضأن مشوي,lamb_chop_grilled,ar,manual
لحم ضاني مشوي,roasted_lamb,ar,manual
لحم مشوي,roasted_lamb,ar,manual
لحم مع رز,lamb_with_rice,ar,manual
لوز,almonds_dry_roasted,ar,manual
ليمونادة,lemonade,ar,manual
ماء,water,ar,manual
مانجو,mango,ar,manual
محشي,mahshi,ar,manual
مشروب رياضي,sports_drink,ar,manual
مشروب طاقة,energy_drink,ar,manual
مشروب غازي,cola_regular,ar,manual
مكرونة,pasta_cooked,ar,manual
مكرونة بشاميل,macaroni_bechamel,ar,manual
مكسرات,nuts_mixed,ar,manual
ملوخية,molokhia,ar,manual
مندي,mandi_chicken,ar,manual
مندي دجاج,mandi_chicken,ar,manual
مندي فراخ,mandi_chicken,ar,manual
موز,banana,ar,manual
موزة ضاني,lamb_shank_cooked,ar,manual
موزة لحم,lamb_shank_cooked,ar,manual
مياه,water,ar,manual
مياه غازية,sparkling_water,ar,manual
ناجتس,chicken_nuggets,ar,manual
هوت دوج,hot_dog,ar,manual
1 percent milk,milk_1_percent,en,manual
2 percent milk,milk_2_percent,en,manual
alfredo pasta,pasta_alfredo,en,manual
all purpose flour,flour_ap_unbleached,en,manual
all purpose flour bleached,flour_ap_bleached,en,auto_name
all purpose flour unbleached,flour_ap_unbleached,en,auto_name
all purpose flour unenriched,flour_ap_unenriched,en,auto_name
"all-purpose flour, bleached",flour_ap_bleached,en,generated_from_food_name
"all-purpose flour, unbleached",flour_ap_unbleached,en,generated_from_food_name
"all-purpose flour, unenriched",flour_ap_unenriched,en,generated_from_food_name
almond,almonds_dry_roasted,en,manual
almonds,almonds_dry_roasted,en,manual
almonds dry roasted,almonds_dry_roasted,en,generated_from_food_key
"almonds, dry roasted",almonds_dry_roasted,en,generated_from_food_name
american cheese,american_cheese,en,generated_from_food_key
american cheese (restaurant),american_cheese_restaurant,en,generated_from_food_name
american cheese processed,american_cheese,en,auto_name
american cheese restaurant,american_cheese_restaurant,en,generated_from_food_key
"american cheese, processed",american_cheese,en,generated_from_food_name
apple,apple,en,manual
apple fuji,apple_fuji,en,generated_from_food_key
apple gala,apple_gala,en,generated_from_food_key
apple granny smith,apple_granny_smith,en,generated_from_food_key
apple honeycrisp,apple_honeycrisp,en,generated_from_food_key
apple juice,apple_juice,en,manual
apple red delicious,apple_red_delicious,en,generated_from_food_key
"apple, fuji",apple_fuji,en,generated_from_food_name
"apple, gala",apple_gala,en,generated_from_food_name
"apple, granny smith",apple_granny_smith,en,generated_from_food_name
"apple, honeycrisp",apple_honeycrisp,en,generated_from_food_name
"apple, red delicious",apple_red_delicious,en,generated_from_food_name
avocado,avocado,en,manual
bacon,bacon_cooked,en,manual
bacon cooked,bacon_cooked,en,generated_from_food_key
"bacon, cooked",bacon_cooked,en,generated_from_food_name
baked cod,cod_baked,en,manual
baked fish,fish_baked,en,manual
baked potato,potato_baked,en,manual
baked sweet potato,sweet_potato_baked,en,manual
baladi bread,baladi_bread,en,manual
banana,banana,en,manual
banana overripe,banana_overripe,en,generated_from_food_key
banana ripe,banana_ripe,en,generated_from_food_key
"banana, overripe",banana_overripe,en,generated_from_food_name
"banana, ripe",banana_ripe,en,generated_from_food_name
basbousa,basbousa,en,manual
bean pupusa,bean_pupusas,en,manual
bean pupusas,bean_pupusas,en,generated_from_food_key
bean pupusas (latino),bean_pupusas,en,generated_from_food_name
bean pupusas latino,bean_pupusas,en,auto_name
beans black,beans_black,en,generated_from_food_key
beans kidney,beans_kidney,en,generated_from_food_key
bechamel pasta,macaroni_bechamel,en,manual
beef breakfast sausage,beef_breakfast_sausage,en,generated_from_food_name
beef burger,burger_beef,en,manual
beef burger sandwich,burger_beef,en,manual
beef eye of round roast,beef_eye_round_raw,en,auto_simplified
beef eye of round roast raw,beef_eye_round_raw,en,auto_name
"beef eye of round roast, raw",beef_eye_round_raw,en,generated_from_food_name
beef eye round raw,beef_eye_round_raw,en,generated_from_food_key
beef hot dog,beef_hot_dog,en,generated_from_food_name
beef kebab,beef_kebab,en,manual
beef sausage,sausage_beef,en,manual
beef steak grilled,beef_steak_grilled,en,generated_from_food_key
beef tenderloin,beef_tenderloin_roasted,en,auto_simplified
beef tenderloin roasted,beef_tenderloin_roasted,en,generated_from_food_key
"beef tenderloin, roasted",beef_tenderloin_roasted,en,generated_from_food_name
beef top loin steak,beef_top_loin_steak,en,generated_from_food_key
beef top loin steak raw,beef_top_loin_steak,en,auto_name
"beef top loin steak, raw",beef_top_loin_steak,en,generated_from_food_name
beef top round raw,beef_top_round_raw,en,generated_from_food_key
beef top round roast,beef_top_round_raw,en,auto_simplified
beef top round roast raw,beef_top_round_raw,en,auto_name
"beef top round roast, raw",beef_top_round_raw,en,generated_from_food_name
biryani,biryani_chicken,en,manual
biryani chicken,biryani_chicken,en,generated_from_food_key
black beans,beans_black,en,manual
black coffee,coffee_black,en,manual
blueberries,blueberries,en,manual
blueberry,blueberries,en,manual
boiled egg,boiled_egg,en,manual
bread,bread_white,en,manual
bread flour white,flour_bread_white,en,auto_name
"bread flour, white",flour_bread_white,en,generated_from_food_name
bread white,bread_white,en,generated_from_food_key
bread whole wheat,bread_whole_wheat,en,generated_from_food_key
broccoli,broccoli_raw,en,manual
broccoli raw,broccoli_raw,en,generated_from_food_key
broccoli steamed,broccoli_steamed,en,generated_from_food_key
"broccoli, raw",broccoli_raw,en,generated_from_food_name
brown bread,bread_whole_wheat,en,manual
brown rice,rice_brown_cooked,en,manual
brown rice flour,flour_rice_brown,en,generated_from_food_name
burger,burger_beef,en,manual
burger beef,burger_beef,en,generated_from_food_key
butter popcorn,popcorn_butter,en,manual
cake,cake_chocolate,en,manual
cake chocolate,cake_chocolate,en,generated_from_food_key
calamari,calamari_fried,en,manual
calamari fried,calamari_fried,en,generated_from_food_key
candy,candy_gummy,en,manual
candy gummy,candy_gummy,en,generated_from_food_key
canned sardines,sardines_canned,en,manual
canned tuna,tuna_canned,en,manual
cantaloupe,cantaloupe_raw,en,manual
cantaloupe raw,cantaloupe_raw,en,generated_from_food_key
"cantaloupe, raw",cantaloupe_raw,en,generated_from_food_name
carrot,carrots_frozen,en,manual
carrots,carrots_frozen,en,manual
carrots frozen,carrots_frozen,en,generated_from_food_key
carrots raw,carrots_raw,en,generated_from_food_key
"carrots, frozen",carrots_frozen,en,generated_from_food_name
cereal,cereal_cornflakes,en,manual
cereal cornflakes,cereal_cornflakes,en,generated_from_food_key
cheddar,cheddar_cheese,en,manual
cheddar cheese,cheddar_cheese,en,generated_from_food_name
cheese sandwich,sandwich_cheese,en,manual
chicken biryani,biryani_chicken,en,manual
chicken breast,chicken_breast_cooked,en,manual
chicken breast cooked,chicken_breast_cooked,en,generated_from_food_key
chicken breast grilled,chicken_breast_grilled,en,generated_from_food_key
chicken breast skinless boneless,chicken_breast_cooked,en,auto_name
"chicken breast, skinless boneless",chicken_breast_cooked,en,generated_from_food_name
chicken drumstick,chicken_drumstick_cooked,en,auto_simplified
chicken drumstick cooked,chicken_drumstick_cooked,en,generated_from_food_key
"chicken drumstick, cooked",chicken_drumstick_cooked,en,generated_from_food_name
chicken fried,chicken_fried,en,generated_from_food_key
chicken kabsa,kabsa_chicken,en,manual
chicken mandi,mandi_chicken,en,manual
chicken nuggets,chicken_nuggets,en,manual
chicken shawarma,chicken_shawarma,en,manual
chicken shawarma wrap,shawarma_chicken,en,manual
chicken soup,soup_chicken,en,manual
chicken with rice,chicken_with_rice,en,manual
chickpeas,chickpeas_cooked,en,manual
chickpeas cooked,chickpeas_cooked,en,generated_from_food_key
chinese fried rice,fried_rice_chinese,en,manual
chips,potato_chips,en,manual
chocolate,chocolate_bar,en,manual
chocolate bar,chocolate_bar,en,manual
chocolate cake,cake_chocolate,en,manual
chocolate chip cookies,cookies_chocolate_chip,en,manual
chorizo pork,chorizo_pork,en,generated_from_food_key
"chorizo, pork",chorizo_pork,en,generated_from_food_name
coconut oil,coconut_oil,en,generated_from_food_name
cod,cod_baked,en,manual
cod baked,cod_baked,en,generated_from_food_key
coffee,coffee_black,en,manual
coffee black,coffee_black,en,generated_from_food_key
coffee milk sugar,coffee_milk_sugar,en,generated_from_food_key
coffee with milk,coffee_milk_sugar,en,manual
coffee with milk and sugar,coffee_milk_sugar,en,generated_from_food_name
coke,cola_regular,en,manual
cola,cola_regular,en,manual
cola diet,cola_diet,en,generated_from_food_key
cola regular,cola_regular,en,generated_from_food_name
cooked brown rice,rice_brown_cooked,en,manual
cooked chicken breast,chicken_breast_cooked,en,manual
cooked chickpeas,chickpeas_cooked,en,generated_from_food_name
cooked corn,corn_cooked,en,manual
cooked couscous,couscous_cooked,en,generated_from_food_name
cooked fish,grilled_fish,en,manual
cooked lamb shank,lamb_shank_cooked,en,manual
cooked lentils,lentils_cooked,en,manual
cooked oats,oats_cooked,en,manual
cooked pasta,pasta_cooked,en,manual
cooked peas,peas_cooked,en,manual
cooked quinoa,quinoa_cooked,en,generated_from_food_name
cooked rice,rice_white_cooked,en,manual
cooked shrimp,shrimp_cooked,en,manual
cooked white rice,rice_white_cooked,en,generated_from_food_name
cookies,oatmeal_raisin_cookies,en,manual
cookies chocolate chip,cookies_chocolate_chip,en,generated_from_food_key
corn,corn_cooked,en,manual
corn cooked,corn_cooked,en,generated_from_food_key
corn flour,flour_corn_yellow,en,manual
corn flour yellow,flour_corn_yellow,en,auto_name
"corn flour, yellow",flour_corn_yellow,en,generated_from_food_name
cornflakes,cereal_cornflakes,en,manual
cornflakes cereal,cereal_cornflakes,en,generated_from_food_name
cottage cheese,cottage_cheese_lowfat,en,manual
cottage cheese 2 percent,cottage_cheese_lowfat,en,auto_simplified
cottage cheese 2 percent lowfat,cottage_cheese_lowfat,en,auto_name
cottage cheese lowfat,cottage_cheese_lowfat,en,generated_from_food_key
"cottage cheese, 2% lowfat",cottage_cheese_lowfat,en,generated_from_food_name
couscous,couscous_cooked,en,manual
couscous cooked,couscous_cooked,en,generated_from_food_key
cream cheese,cream_cheese,en,manual
crisps,potato_chips,en,manual
cucumber,cucumber,en,manual
dark chocolate,dark_chocolate,en,manual
dates,dates,en,manual
deli ham,deli_ham,en,generated_from_food_key
deli ham sliced,deli_ham,en,auto_name
"deli ham, sliced",deli_ham,en,generated_from_food_name
deli turkey,turkey_slices,en,manual
diced tomatoes,diced_tomatoes_canned,en,auto_simplified
diced tomatoes canned,diced_tomatoes_canned,en,generated_from_food_key
"diced tomatoes, canned",diced_tomatoes_canned,en,generated_from_food_name
diet coke,cola_diet,en,manual
diet cola,cola_diet,en,manual
dill pickles,dill_pickles,en,generated_from_food_name
donut,donut_glazed,en,manual
donut glazed,donut_glazed,en,generated_from_food_key
dried fig,figs_dried,en,manual
dried figs,figs_dried,en,manual
egg,large_egg_whole,en,manual
egg white,egg_white_raw,en,auto_simplified
egg white dried,egg_white_dried,en,generated_from_food_key
egg white raw,egg_white_raw,en,generated_from_food_key
"egg white, dried",egg_white_dried,en,generated_from_food_name
"egg white, raw",egg_white_raw,en,generated_from_food_name
egg whole dried,egg_whole_dried,en,generated_from_food_key
egg whole raw,egg_whole_raw,en,generated_from_food_key
egg yolk,egg_yolk_raw,en,auto_simplified
egg yolk dried,egg_yolk_dried,en,generated_from_food_key
egg yolk raw,egg_yolk_raw,en,generated_from_food_key
"egg yolk, dried",egg_yolk_dried,en,generated_from_food_name
"egg yolk, raw",egg_yolk_raw,en,generated_from_food_name
"egg, whole, dried",egg_whole_dried,en,generated_from_food_name
"egg, whole, raw",egg_whole_raw,en,generated_from_food_name
egyptian bread,baladi_bread,en,manual
egyptian fatta,fatta_egyptian,en,manual
energy drink,energy_drink,en,manual
falafel,falafel,en,manual
falafel / taameya,falafel_taameya,en,generated_from_food_name
falafel egyptian,falafel_taameya,en,manual
falafel taameya,falafel_taameya,en,generated_from_food_key
fatta,fatta_egyptian,en,manual
fatta egyptian,fatta_egyptian,en,generated_from_food_key
fava beans,foul_medames,en,manual
feta cheese,feta_cheese,en,manual
fig,figs_dried,en,manual
figs dried,figs_dried,en,generated_from_food_key
"figs, dried",figs_dried,en,generated_from_food_name
firm tofu,tofu_firm,en,manual
fish,grilled_fish,en,manual
fish baked,fish_baked,en,generated_from_food_key
fish fried,fish_fried,en,generated_from_food_key
fish with rice,fish_with_rice,en,manual
flour ap bleached,flour_ap_bleached,en,generated_from_food_key
flour ap unbleached,flour_ap_unbleached,en,generated_from_food_key
flour ap unenriched,flour_ap_unenriched,en,generated_from_food_key
flour bread white,flour_bread_white,en,generated_from_food_key
flour corn yellow,flour_corn_yellow,en,generated_from_food_key
flour pastry,flour_pastry,en,generated_from_food_key
flour rice brown,flour_rice_brown,en,generated_from_food_key
flour rice glutinous,flour_rice_glutinous,en,generated_from_food_key
flour rice white,flour_rice_white,en,generated_from_food_key
flour soy defatted,flour_soy_defatted,en,generated_from_food_key
flour soy full fat,flour_soy_full_fat,en,generated_from_food_key
flour whole wheat,flour_whole_wheat,en,generated_from_food_key
foul,foul_medames,en,manual
foul medames,foul_medames,en,generated_from_food_name
french fries,french_fries,en,manual
fried calamari,calamari_fried,en,manual
fried chicken,chicken_fried,en,manual
fried chicken piece,fried_chicken_piece,en,manual
fried fish,fish_fried,en,manual
fried rice,fried_rice_chinese,en,manual
fried rice chinese,fried_rice_chinese,en,generated_from_food_key
fried rice no meat chinese,fried_rice_chinese,en,auto_name
"fried rice, no meat (chinese)",fried_rice_chinese,en,generated_from_food_name
fries,french_fries,en,manual
fruit smoothie,smoothie_fruit,en,manual
fruit yogurt,yogurt_fruit,en,manual
fuji apple,apple_fuji,en,manual
full fat milk,milk_whole,en,manual
gala apple,apple_gala,en,manual
garlic,garlic_raw,en,manual
garlic raw,garlic_raw,en,generated_from_food_key
"garlic, raw",garlic_raw,en,generated_from_food_name
glazed donut,donut_glazed,en,manual
glutinous rice flour,flour_rice_glutinous,en,generated_from_food_name
granny smith apple,apple_granny_smith,en,manual
granola bar,granola_bar,en,manual
granulated sugar,granulated_sugar,en,generated_from_food_name
grape tomato,tomatoes_grape,en,manual
grape tomatoes,tomatoes_grape,en,manual
grapefruit juice,grapefruit_juice,en,generated_from_food_name
grapes,grapes,en,manual
greek yogurt,greek_yogurt_plain,en,auto_simplified
greek yogurt plain,greek_yogurt_plain,en,generated_from_food_key
greek yogurt plain nonfat,greek_yogurt_plain,en,auto_name
greek yogurt strawberry,greek_yogurt_strawberry,en,generated_from_food_key
greek yogurt strawberry nonfat,greek_yogurt_strawberry,en,auto_name
"greek yogurt, plain nonfat",greek_yogurt_plain,en,generated_from_food_name
"greek yogurt, strawberry nonfat",greek_yogurt_strawberry,en,generated_from_food_name
green apple,apple_granny_smith,en,manual
green beans,green_beans_canned,en,auto_simplified
green beans canned,green_beans_canned,en,generated_from_food_key
"green beans, canned",green_beans_canned,en,generated_from_food_name
green olive,green_olives,en,manual
green olives,green_olives,en,generated_from_food_key
green olives stuffed,green_olives,en,auto_name
"green olives, stuffed",green_olives,en,generated_from_food_name
grilled beef kebab,beef_kebab,en,generated_from_food_name
grilled beef steak,beef_steak_grilled,en,generated_from_food_name
grilled chicken breast,chicken_breast_cooked,en,manual
grilled fish,grilled_fish,en,manual
grilled kebab,kebab_grilled,en,manual
grilled kofta,kofta_grilled,en,manual
grilled lamb,lamb_chop_grilled,en,manual
grilled lamb chop,lamb_chop_grilled,en,generated_from_food_name
grilled salmon,salmon_grilled,en,manual
grilled sea bass,sea_bass_grilled,en,manual
grilled steak,beef_steak_grilled,en,manual
grilled tilapia,tilapia_grilled,en,manual
ground turkey,ground_turkey_93_lean,en,manual
ground turkey 93 lean,ground_turkey_93_lean,en,generated_from_food_key
ground turkey 93 percent lean,ground_turkey_93_lean,en,auto_name
"ground turkey, 93% lean",ground_turkey_93_lean,en,generated_from_food_name
gummy candy,candy_gummy,en,manual
haddock,haddock_raw,en,manual
haddock raw,haddock_raw,en,generated_from_food_key
"haddock, raw",haddock_raw,en,generated_from_food_name
ham,deli_ham,en,manual
ham restaurant,ham_restaurant,en,generated_from_food_key
ham sliced restaurant,ham_restaurant,en,auto_name
"ham, sliced (restaurant)",ham_restaurant,en,generated_from_food_name
hamburger,burger_beef,en,manual
hawawshi,hawawshi,en,manual
honeycrisp apple,apple_honeycrisp,en,manual
hot dog,beef_hot_dog,en,manual
hummus,hummus,en,generated_from_food_name
ice cream,ice_cream_vanilla,en,manual
ice cream vanilla,ice_cream_vanilla,en,generated_from_food_key
italian pork sausage,italian_pork_sausage,en,generated_from_food_name
kabsa,kabsa_chicken,en,manual
kabsa chicken,kabsa_chicken,en,generated_from_food_key
kale,kale_raw,en,manual
kale frozen cooked,kale_frozen_cooked,en,generated_from_food_key
kale raw,kale_raw,en,generated_from_food_key
"kale, frozen cooked",kale_frozen_cooked,en,generated_from_food_name
"kale, raw",kale_raw,en,generated_from_food_name
kebab,kebab_grilled,en,manual
kebab grilled,kebab_grilled,en,generated_from_food_key
ketchup,ketchup,en,generated_from_food_name
kidney beans,beans_kidney,en,manual
kiwi,kiwi,en,manual
kiwi raw,kiwi_raw,en,generated_from_food_key
"kiwi, raw",kiwi_raw,en,generated_from_food_name
kofta,kofta_grilled,en,manual
kofta grilled,kofta_grilled,en,generated_from_food_key
koshari,koshari,en,manual
kunafa,kunafa,en,manual
kushari,koshari,en,manual
labneh,labneh,en,manual
lamb,roasted_lamb,en,manual
lamb chop,lamb_chop_grilled,en,manual
lamb chop grilled,lamb_chop_grilled,en,generated_from_food_key
lamb shank,lamb_shank_cooked,en,manual
lamb shank cooked,lamb_shank_cooked,en,generated_from_food_key
"lamb shank, cooked",lamb_shank_cooked,en,generated_from_food_name
lamb with rice,lamb_with_rice,en,manual
large egg,large_egg_whole,en,auto_simplified
large egg white,large_egg_white,en,generated_from_food_name
large egg whole,large_egg_whole,en,generated_from_food_key
large egg yolk,large_egg_yolk,en,generated_from_food_name
"large egg, whole",large_egg_whole,en,generated_from_food_name
lasagna,lasagna,en,manual
lean turkey,ground_turkey_93_lean,en,manual
lemonade,lemonade,en,manual
lentil soup,lentil_soup,en,manual
lentils,lentils_cooked,en,manual
lentils cooked,lentils_cooked,en,generated_from_food_key
lettuce,romaine_lettuce,en,manual
low fat milk,milk_1_percent,en,manual
macaroni bechamel,macaroni_bechamel,en,manual
mahshi,mahshi,en,manual
mandi,mandi_chicken,en,manual
mandi chicken,mandi_chicken,en,generated_from_food_key
mango,mango,en,manual
marinara,marinara_sauce,en,manual
marinara pasta sauce,marinara_sauce,en,generated_from_food_name
marinara sauce,marinara_sauce,en,generated_from_food_key
meat with rice,lamb_with_rice,en,manual
meatballs,meatballs,en,manual
milk 1 percent,milk_1_percent,en,generated_from_food_key
milk 1 percent lowfat,milk_1_percent,en,auto_name
milk 2 percent,milk_2_percent,en,generated_from_food_key
milk 2 percent reduced fat,milk_2_percent,en,auto_name
milk skim,milk_skim,en,generated_from_food_key
milk skim nonfat,milk_skim,en,auto_name
milk whole,milk_whole,en,generated_from_food_key
"milk, 1% lowfat",milk_1_percent,en,generated_from_food_name
"milk, 2% reduced fat",milk_2_percent,en,generated_from_food_name
"milk, skim (nonfat)",milk_skim,en,generated_from_food_name
"milk, whole",milk_whole,en,generated_from_food_name
mixed nuts,nuts_mixed,en,manual
mixed salad,mixed_salad,en,manual
molokhia,molokhia,en,manual
mozzarella,mozzarella_cheese,en,manual
mozzarella cheese,mozzarella_cheese,en,generated_from_food_key
mozzarella cheese part skim,mozzarella_cheese,en,auto_name
"mozzarella cheese, part-skim",mozzarella_cheese,en,generated_from_food_name
mustard,yellow_mustard,en,manual
nectarine,nectarines_raw,en,manual
nectarines,nectarines_raw,en,manual
nectarines raw,nectarines_raw,en,generated_from_food_key
"nectarines, raw",nectarines_raw,en,generated_from_food_name
nonfat milk,milk_skim,en,manual
nuggets,chicken_nuggets,en,manual
nuts,nuts_mixed,en,manual
nuts mixed,nuts_mixed,en,generated_from_food_key
oatmeal,oats_cooked,en,manual
oatmeal cookie,oatmeal_raisin_cookies,en,manual
oatmeal raisin cookie,oatmeal_raisin_cookies,en,manual
oatmeal raisin cookies,oatmeal_raisin_cookies,en,generated_from_food_name
oats,oats_cooked,en,manual
oats cooked,oats_cooked,en,generated_from_food_key
olive,green_olives,en,manual
olives,green_olives,en,manual
onion,yellow_onion_raw,en,manual
onion rings baked,onion_rings_baked,en,generated_from_food_key
onion rings frozen baked,onion_rings_baked,en,auto_name
"onion rings, frozen baked",onion_rings_baked,en,generated_from_food_name
orange,orange,en,manual
orange juice,orange_juice,en,manual
oranges,oranges_raw,en,manual
oranges raw,oranges_raw,en,generated_from_food_key
"oranges, raw",oranges_raw,en,generated_from_food_name
overripe banana,banana_overripe,en,manual
parmesan,parmesan_cheese,en,manual
parmesan cheese,parmesan_cheese,en,generated_from_food_key
parmesan cheese grated,parmesan_cheese,en,auto_name
"parmesan cheese, grated",parmesan_cheese,en,generated_from_food_name
pasta,pasta_cooked,en,manual
pasta alfredo,pasta_alfredo,en,manual
pasta cooked,pasta_cooked,en,generated_from_food_key
pastry flour,flour_pastry,en,generated_from_food_name
peach,peaches_raw,en,manual
peaches,peaches_raw,en,manual
peaches raw,peaches_raw,en,generated_from_food_key
"peaches, raw",peaches_raw,en,generated_from_food_name
peanut butter,peanut_butter,en,generated_from_food_key
peanut butter smooth,peanut_butter,en,auto_name
"peanut butter, smooth",peanut_butter,en,generated_from_food_name
peanuts,peanuts,en,manual
pear,pear,en,manual
pears,pears_raw,en,manual
pears raw,pears_raw,en,generated_from_food_key
"pears, raw",pears_raw,en,generated_from_food_name
peas,peas_cooked,en,manual
peas cooked,peas_cooked,en,generated_from_food_key
pickle,dill_pickles,en,manual
pickles,dill_pickles,en,manual
pineapple,pineapple,en,manual
pita,pita_bread,en,manual
pita bread,pita_bread,en,manual
pizza,pizza_slice,en,manual
pizza slice,pizza_slice,en,manual
plain chicken breast,chicken_breast_cooked,en,manual
plain greek yogurt,greek_yogurt_plain,en,manual
plain popcorn,popcorn_plain,en,manual
pollock,pollock_raw,en,manual
pollock raw,pollock_raw,en,generated_from_food_key
"pollock, raw",pollock_raw,en,generated_from_food_name
popcorn,popcorn_plain,en,manual
popcorn butter,popcorn_butter,en,generated_from_food_key
popcorn plain,popcorn_plain,en,generated_from_food_key
pork tamale,pork_tamale,en,generated_from_food_key
pork tamale (latino),pork_tamale,en,generated_from_food_name
pork tamale latino,pork_tamale,en,auto_name
porterhouse steak,porterhouse_steak,en,generated_from_food_key
porterhouse steak raw,porterhouse_steak,en,auto_name
"porterhouse steak, raw",porterhouse_steak,en,generated_from_food_name
potato,potato_baked,en,manual
potato baked,potato_baked,en,generated_from_food_key
potato chips,potato_chips,en,manual
queso seco,queso_seco,en,generated_from_food_key
queso seco (dry white cheese),queso_seco,en,generated_from_food_name
queso seco dry white cheese,queso_seco,en,auto_name
quinoa,quinoa_cooked,en,manual
quinoa cooked,quinoa_cooked,en,generated_from_food_key
raw carrot,carrots_raw,en,manual
raw carrots,carrots_raw,en,generated_from_food_name
red apple,apple_red_delicious,en,manual
red onion,red_onion_raw,en,auto_simplified
red onion raw,red_onion_raw,en,generated_from_food_key
"red onion, raw",red_onion_raw,en,generated_from_food_name
reduced fat milk,milk_2_percent,en,manual
rice,rice_white_cooked,en,manual
rice brown cooked,rice_brown_cooked,en,generated_from_food_key
rice flour white,flour_rice_white,en,auto_name
"rice flour, white",flour_rice_white,en,generated_from_food_name
rice pudding,rice_pudding,en,manual
rice white cooked,rice_white_cooked,en,generated_from_food_key
rice with chicken,chicken_with_rice,en,manual
rice with fish,fish_with_rice,en,manual
rice with lamb,lamb_with_rice,en,manual
ricotta,ricotta_cheese,en,manual
ricotta cheese,ricotta_cheese,en,generated_from_food_key
ricotta cheese milk,ricotta_cheese,en,auto_simplified
ricotta cheese whole milk,ricotta_cheese,en,auto_name
"ricotta cheese, whole milk",ricotta_cheese,en,generated_from_food_name
ripe banana,banana_ripe,en,manual
roasted lamb,roasted_lamb,en,manual
romaine,romaine_lettuce,en,manual
romaine lettuce,romaine_lettuce,en,generated_from_food_key
romaine lettuce raw,romaine_lettuce,en,auto_name
"romaine lettuce, raw",romaine_lettuce,en,generated_from_food_name
salad,mixed_salad,en,manual
salmon,salmon_grilled,en,manual
salmon grilled,salmon_grilled,en,generated_from_food_key
salsa,salsa,en,generated_from_food_key
salsa sauce,salsa,en,generated_from_food_name
sandwich cheese,sandwich_cheese,en,generated_from_food_key
sandwich turkey,sandwich_turkey,en,generated_from_food_key
sardines,sardines_canned,en,manual
sardines canned,sardines_canned,en,generated_from_food_key
sausage,sausage_beef,en,manual
sausage beef,sausage_beef,en,generated_from_food_key
scrambled egg,scrambled_egg,en,manual
sea bass,sea_bass_grilled,en,manual
sea bass grilled,sea_bass_grilled,en,generated_from_food_key
shawarma,chicken_shawarma,en,manual
shawarma chicken,shawarma_chicken,en,generated_from_food_key
shawarma wrap,shawarma_chicken,en,manual
shrimp,shrimp_cooked,en,manual
shrimp cooked,shrimp_cooked,en,generated_from_food_key
skim milk,milk_skim,en,manual
slice of pizza,pizza_slice,en,manual
smoothie,smoothie_fruit,en,manual
smoothie fruit,smoothie_fruit,en,generated_from_food_key
soda,cola_regular,en,manual
soda water,sparkling_water,en,manual
soft drink,cola_regular,en,manual
soup chicken,soup_chicken,en,generated_from_food_key
soy flour,flour_soy_full_fat,en,manual
soy flour defatted,flour_soy_defatted,en,auto_name
soy flour full fat,flour_soy_full_fat,en,auto_name
"soy flour, defatted",flour_soy_defatted,en,generated_from_food_name
"soy flour, full-fat",flour_soy_full_fat,en,generated_from_food_name
spaghetti,spaghetti_tomato_sauce,en,manual
spaghetti tomato sauce,spaghetti_tomato_sauce,en,manual
spaghetti with tomato sauce,spaghetti_tomato_sauce,en,generated_from_food_name
sparkling water,sparkling_water,en,manual
spinach,spinach,en,manual
sports drink,sports_drink,en,manual
steak,beef_steak_grilled,en,manual
steamed broccoli,broccoli_steamed,en,manual
strawberries,strawberries,en,manual
strawberries raw,strawberries_raw,en,generated_from_food_key
"strawberries, raw",strawberries_raw,en,generated_from_food_name
strawberry,strawberries,en,manual
strawberry greek yogurt,greek_yogurt_strawberry,en,manual
stuffed vegetables,mahshi,en,manual
sugar,granulated_sugar,en,manual
sunflower seed,sunflower_seeds,en,manual
sunflower seeds,sunflower_seeds,en,generated_from_food_key
sunflower seeds dry roasted,sunflower_seeds,en,auto_name
"sunflower seeds, dry roasted",sunflower_seeds,en,generated_from_food_name
sweet and sour pork,sweet_sour_pork,en,manual
sweet and sour pork (chinese),sweet_sour_pork,en,generated_from_food_name
sweet and sour pork chinese,sweet_sour_pork,en,auto_name
sweet coffee,coffee_milk_sugar,en,manual
sweet potato,sweet_potato_baked,en,manual
sweet potato baked,sweet_potato_baked,en,generated_from_food_key
sweet sour pork,sweet_sour_pork,en,generated_from_food_key
sweet tea,tea_sweetened,en,manual
sweetened tea,tea_sweetened,en,generated_from_food_name
swiss cheese,swiss_cheese,en,generated_from_food_name
t bone steak grilled,tbone_steak_grilled,en,auto_name
"t-bone steak, grilled",tbone_steak_grilled,en,generated_from_food_name
taameya,falafel_taameya,en,manual
tbone steak grilled,tbone_steak_grilled,en,generated_from_food_key
tea,tea_unsweetened,en,manual
tea sweetened,tea_sweetened,en,generated_from_food_key
tea unsweetened,tea_unsweetened,en,generated_from_food_key
tilapia,tilapia_grilled,en,manual
tilapia grilled,tilapia_grilled,en,generated_from_food_key
tofu,tofu_firm,en,manual
tofu firm,tofu_firm,en,generated_from_food_key
tomato,tomato,en,manual
tomatoes grape,tomatoes_grape,en,generated_from_food_key
"tomatoes, grape",tomatoes_grape,en,generated_from_food_name
tortilla,tortilla_wrap,en,manual
tortilla wrap,tortilla_wrap,en,generated_from_food_name
tuna,tuna_canned,en,manual
tuna canned,tuna_canned,en,generated_from_food_key
tuna canned in water,tuna_canned,en,auto_name
tuna in water,tuna_canned,en,auto_simplified
"tuna, canned in water",tuna_canned,en,generated_from_food_name
turkey breakfast sausage,turkey_breakfast_sausage,en,generated_from_food_name
turkey sandwich,sandwich_turkey,en,manual
turkey sausage,turkey_breakfast_sausage,en,manual
turkey slices,turkey_slices,en,manual
unsweetened tea,tea_unsweetened,en,manual
vanilla ice cream,ice_cream_vanilla,en,manual
veggie burger,veggie_burger,en,manual
water,water,en,manual
watermelon,watermelon,en,manual
wheat bread,bread_whole_wheat,en,auto_simplified
wheat flour,flour_whole_wheat,en,auto_simplified
white bread,bread_white,en,generated_from_food_name
white flour,flour_ap_unbleached,en,manual
white onion,white_onion_raw,en,auto_simplified
white onion raw,white_onion_raw,en,generated_from_food_key
"white onion, raw",white_onion_raw,en,generated_from_food_name
white rice,rice_white_cooked,en,manual
white rice flour,flour_rice_white,en,manual
white sugar,granulated_sugar,en,manual
whole egg,large_egg_whole,en,manual
whole grain bread,bread_whole_wheat,en,manual
whole milk,milk_whole,en,manual
whole wheat bread,bread_whole_wheat,en,generated_from_food_name
whole wheat flour,flour_whole_wheat,en,generated_from_food_name
wrap,tortilla_wrap,en,manual
yellow mustard,yellow_mustard,en,generated_from_food_name
yellow onion,yellow_onion_raw,en,auto_simplified
yellow onion raw,yellow_onion_raw,en,generated_from_food_key
"yellow onion, raw",yellow_onion_raw,en,generated_from_food_name
yogurt fruit,yogurt_fruit,en,generated_from_food_key
yogurt with fruit,yogurt_fruit,en,manual
Goat milk,fndds_goat_milk,en,usda_fndds_exact
Buttermilk,fndds_buttermilk,en,usda_fndds_exact
"Milk, evaporated, whole",fndds_milk_evaporated_whole,en,usda_fndds_exact
Milk evaporated whole,fndds_milk_evaporated_whole,en,usda_fndds_generated
whole evaporated Milk,fndds_milk_evaporated_whole,en,usda_fndds_generated
"Milk, lactose free, whole",fndds_milk_lactose_free_whole,en,usda_fndds_exact
Milk lactose free whole,fndds_milk_lactose_free_whole,en,usda_fndds_generated
whole lactose free Milk,fndds_milk_lactose_free_whole,en,usda_fndds_generated
"Milk, reduced fat (2%)",fndds_milk_reduced_fat_2,en,usda_fndds_exact
Milk reduced fat 2%,fndds_milk_reduced_fat_2,en,usda_fndds_generated
"Milk, evaporated, reduced fat (2%)",fndds_milk_evaporated_reduced_fat_2,en,usda_fndds_exact
Milk evaporated reduced fat 2%,fndds_milk_evaporated_reduced_fat_2,en,usda_fndds_generated
"Milk, lactose free, reduced fat (2%)",fndds_milk_lactose_free_reduced_fat_2,en,usda_fndds_exact
Milk lactose free reduced fat 2%,fndds_milk_lactose_free_reduced_fat_2,en,usda_fndds_generated
Kefir,fndds_kefir,en,usda_fndds_exact
"Milk, low fat (1%)",fndds_milk_low_fat_1,en,usda_fndds_exact
Milk low fat 1%,fndds_milk_low_fat_1,en,usda_fndds_generated
"Milk, lactose free, low fat (1%)",fndds_milk_lactose_free_low_fat_1,en,usda_fndds_exact
Milk lactose free low fat 1%,fndds_milk_lactose_free_low_fat_1,en,usda_fndds_generated
"Milk, fat free (skim)",fndds_milk_fat_free_skim,en,usda_fndds_exact
Milk fat free skim,fndds_milk_fat_free_skim,en,usda_fndds_generated
"Milk, dry, reconstituted, nonfat",fndds_milk_dry_reconstituted_nonfat,en,usda_fndds_exact
Milk dry reconstituted nonfat,fndds_milk_dry_reconstituted_nonfat,en,usda_fndds_generated
nonfat reconstituted dry Milk,fndds_milk_dry_reconstituted_nonfat,en,usda_fndds_generated
"Milk, evaporated, fat free (skim)",fndds_milk_evaporated_fat_free_skim,en,usda_fndds_exact
Milk evaporated fat free skim,fndds_milk_evaporated_fat_free_skim,en,usda_fndds_generated
"Milk, lactose free, fat free (skim)",fndds_milk_lactose_free_fat_free_skim,en,usda_fndds_exact
Milk lactose free fat free skim,fndds_milk_lactose_free_fat_free_skim,en,usda_fndds_generated
"Strawberry milk, whole",fndds_strawberry_milk_whole,en,usda_fndds_exact
Strawberry milk whole,fndds_strawberry_milk_whole,en,usda_fndds_generated
whole Strawberry milk,fndds_strawberry_milk_whole,en,usda_fndds_generated
"Chocolate milk, whole",fndds_chocolate_milk_whole,en,usda_fndds_exact
Chocolate milk whole,fndds_chocolate_milk_whole,en,usda_fndds_generated
whole Chocolate milk,fndds_chocolate_milk_whole,en,usda_fndds_generated
"Milk, condensed, sweetened",fndds_milk_condensed_sweetened,en,usda_fndds_exact
Milk condensed sweetened,fndds_milk_condensed_sweetened,en,usda_fndds_generated
sweetened condensed Milk,fndds_milk_condensed_sweetened,en,usda_fndds_generated
"Chocolate milk, reduced sugar, whole",fndds_chocolate_milk_reduced_sugar_whole,en,usda_fndds_exact
Chocolate milk reduced sugar whole,fndds_chocolate_milk_reduced_sugar_whole,en,usda_fndds_generated
whole reduced sugar Chocolate milk,fndds_chocolate_milk_reduced_sugar_whole,en,usda_fndds_generated
"Milk, malted",fndds_milk_malted,en,usda_fndds_exact
Milk malted,fndds_milk_malted,en,usda_fndds_generated
malted Milk,fndds_milk_malted,en,usda_fndds_generated
"Strawberry milk, reduced fat (2%)",fndds_strawberry_milk_reduced_fat_2,en,usda_fndds_exact
Strawberry milk reduced fat 2%,fndds_strawberry_milk_reduced_fat_2,en,usda_fndds_generated
"Chocolate milk, reduced fat (2%)",fndds_chocolate_milk_reduced_fat_2,en,usda_fndds_exact
Chocolate milk reduced fat 2%,fndds_chocolate_milk_reduced_fat_2,en,usda_fndds_generated
"Hot chocolate / cocoa, with whipped cream",fndds_hot_chocolate_cocoa_with_whipped_cream,en,usda_fndds_exact
Hot chocolate / cocoa with whipped cream,fndds_hot_chocolate_cocoa_with_whipped_cream,en,usda_fndds_generated
"Chocolate milk, reduced sugar, reduced fat (2%)",fndds_chocolate_milk_reduced_sugar_reduced_fat_2,en,usda_fndds_exact
Chocolate milk reduced sugar reduced fat 2%,fndds_chocolate_milk_reduced_sugar_reduced_fat_2,en,usda_fndds_generated
"Strawberry milk, reduced sugar",fndds_strawberry_milk_reduced_sugar,en,usda_fndds_exact
Strawberry milk reduced sugar,fndds_strawberry_milk_reduced_sugar,en,usda_fndds_generated
reduced sugar Strawberry milk,fndds_strawberry_milk_reduced_sugar,en,usda_fndds_generated
"Strawberry milk, low fat (1%)",fndds_strawberry_milk_low_fat_1,en,usda_fndds_exact
Strawberry milk low fat 1%,fndds_strawberry_milk_low_fat_1,en,usda_fndds_generated
"Chocolate milk, low fat (1%)",fndds_chocolate_milk_low_fat_1,en,usda_fndds_exact
Chocolate milk low fat 1%,fndds_chocolate_milk_low_fat_1,en,usda_fndds_generated
"Chocolate milk, reduced sugar, low fat (1%)",fndds_chocolate_milk_reduced_sugar_low_fat_1,en,usda_fndds_exact
Chocolate milk reduced sugar low fat 1%,fndds_chocolate_milk_reduced_sugar_low_fat_1,en,usda_fndds_generated
"Strawberry milk, fat free  (skim)",fndds_strawberry_milk_fat_free_skim,en,usda_fndds_exact
Strawberry milk fat free skim,fndds_strawberry_milk_fat_free_skim,en,usda_fndds_generated
"Chocolate milk, fat free (skim)",fndds_chocolate_milk_fat_free_skim,en,usda_fndds_exact
Chocolate milk fat free skim,fndds_chocolate_milk_fat_free_skim,en,usda_fndds_generated
"Hot chocolate / cocoa, dry mix, made with water",fndds_hot_chocolate_cocoa_dry_mix_made_with_water,en,usda_fndds_exact
Hot chocolate / cocoa dry mix made with water,fndds_hot_chocolate_cocoa_dry_mix_made_with_water,en,usda_fndds_generated
"Chocolate milk, reduced sugar, fat free (skim)",fndds_chocolate_milk_reduced_sugar_fat_free_skim,en,usda_fndds_exact
Chocolate milk reduced sugar fat free skim,fndds_chocolate_milk_reduced_sugar_fat_free_skim,en,usda_fndds_generated
"Hot chocolate / cocoa, dry mix, reduced sugar, made with water",fndds_hot_chocolate_cocoa_dry_mix_reduced_sugar_made_with_water,en,usda_fndds_exact
Hot chocolate / cocoa dry mix reduced sugar made with water,fndds_hot_chocolate_cocoa_dry_mix_reduced_sugar_made_with_water,en,usda_fndds_generated
Eggnog,fndds_eggnog,en,usda_fndds_exact
Milk shake with malt,fndds_milk_shake_with_malt,en,usda_fndds_exact
Chocolate milk drink,fndds_chocolate_milk_drink,en,usda_fndds_exact
"Ice cream soda, chocolate",fndds_ice_cream_soda_chocolate,en,usda_fndds_exact
Ice cream soda chocolate,fndds_ice_cream_soda_chocolate,en,usda_fndds_generated
chocolate Ice cream soda,fndds_ice_cream_soda_chocolate,en,usda_fndds_generated
"Milk shake, bottled, chocolate",fndds_milk_shake_bottled_chocolate,en,usda_fndds_exact
Milk shake bottled chocolate,fndds_milk_shake_bottled_chocolate,en,usda_fndds_generated
chocolate bottled Milk shake,fndds_milk_shake_bottled_chocolate,en,usda_fndds_generated
"Milk shake, home recipe, chocolate",fndds_milk_shake_home_recipe_chocolate,en,usda_fndds_exact
Milk shake home recipe chocolate,fndds_milk_shake_home_recipe_chocolate,en,usda_fndds_generated
chocolate home recipe Milk shake,fndds_milk_shake_home_recipe_chocolate,en,usda_fndds_generated
Cheese ball,fndds_cheese_ball,en,usda_fndds_exact
Queso Fresco,fndds_queso_fresco,en,usda_fndds_exact
Queso cotija,fndds_queso_cotija,en,usda_fndds_exact
Queso Asadero,fndds_queso_asadero,en,usda_fndds_exact
"Cheese, Brie",fndds_cheese_brie,en,usda_fndds_exact
Cheese Brie,fndds_cheese_brie,en,usda_fndds_generated
Brie Cheese,fndds_cheese_brie,en,usda_fndds_generated
"Cheese, Feta",fndds_cheese_feta,en,usda_fndds_exact
Cheese Feta,fndds_cheese_feta,en,usda_fndds_generated
"Cheese, goat",fndds_cheese_goat,en,usda_fndds_exact
Cheese goat,fndds_cheese_goat,en,usda_fndds_generated
goat Cheese,fndds_cheese_goat,en,usda_fndds_generated
Imitation cheese,fndds_imitation_cheese,en,usda_fndds_exact
"Cheese, Brick",fndds_cheese_brick,en,usda_fndds_exact
Cheese Brick,fndds_cheese_brick,en,usda_fndds_generated
Brick Cheese,fndds_cheese_brick,en,usda_fndds_generated
"Cheese, Colby",fndds_cheese_colby,en,usda_fndds_exact
Cheese Colby,fndds_cheese_colby,en,usda_fndds_generated
Colby Cheese,fndds_cheese_colby,en,usda_fndds_generated
"Cheese, Swiss",fndds_cheese_swiss,en,usda_fndds_exact
Cheese Swiss,fndds_cheese_swiss,en,usda_fndds_generated
"Cheese, paneer",fndds_cheese_paneer,en,usda_fndds_exact
Cheese paneer,fndds_cheese_paneer,en,usda_fndds_generated
paneer Cheese,fndds_cheese_paneer,en,usda_fndds_generated
"Cheese, Cheddar",fndds_cheese_cheddar,en,usda_fndds_exact
Cheese Cheddar,fndds_cheese_cheddar,en,usda_fndds_generated
"Cheese, Ricotta",fndds_cheese_ricotta,en,usda_fndds_exact
Cheese Ricotta,fndds_cheese_ricotta,en,usda_fndds_generated
Puerto Rican white cheese,fndds_puerto_rican_white_cheese,en,usda_fndds_exact
"Cottage cheese, farmer's",fndds_cottage_cheese_farmer_s,en,usda_fndds_exact
Cottage cheese farmer's,fndds_cottage_cheese_farmer_s,en,usda_fndds_generated
farmer's Cottage cheese,fndds_cottage_cheese_farmer_s,en,usda_fndds_generated
"Cheese, cottage, low fat",fndds_cheese_cottage_low_fat,en,usda_fndds_exact
Cheese cottage low fat,fndds_cheese_cottage_low_fat,en,usda_fndds_generated
low fat cottage Cheese,fndds_cheese_cottage_low_fat,en,usda_fndds_generated
"Cheese, cottage, dry curd",fndds_cheese_cottage_dry_curd,en,usda_fndds_exact
Cheese cottage dry curd,fndds_cheese_cottage_dry_curd,en,usda_fndds_generated
dry curd cottage Cheese,fndds_cheese_cottage_dry_curd,en,usda_fndds_generated
"Cheese, cottage, with fruit",fndds_cheese_cottage_with_fruit,en,usda_fndds_exact
Cheese cottage with fruit,fndds_cheese_cottage_with_fruit,en,usda_fndds_generated
"Cheese, cottage, with vegetables",fndds_cheese_cottage_with_vegetables,en,usda_fndds_exact
Cheese cottage with vegetables,fndds_cheese_cottage_with_vegetables,en,usda_fndds_generated
Yogurt tube,fndds_yogurt_tube,en,usda_fndds_exact
"Yogurt, liquid",fndds_yogurt_liquid,en,usda_fndds_exact
Yogurt liquid,fndds_yogurt_liquid,en,usda_fndds_generated
liquid Yogurt,fndds_yogurt_liquid,en,usda_fndds_generated
"Yogurt, whole milk, plain",fndds_yogurt_whole_milk_plain,en,usda_fndds_exact
Yogurt whole milk plain,fndds_yogurt_whole_milk_plain,en,usda_fndds_generated
plain whole milk Yogurt,fndds_yogurt_whole_milk_plain,en,usda_fndds_generated
"Yogurt, nonfat milk, plain",fndds_yogurt_nonfat_milk_plain,en,usda_fndds_exact
Yogurt nonfat milk plain,fndds_yogurt_nonfat_milk_plain,en,usda_fndds_generated
plain nonfat milk Yogurt,fndds_yogurt_nonfat_milk_plain,en,usda_fndds_generated
"Yogurt parfait, with fruit",fndds_yogurt_parfait_with_fruit,en,usda_fndds_exact
Yogurt parfait with fruit,fndds_yogurt_parfait_with_fruit,en,usda_fndds_generated
"Yogurt, low fat milk, plain",fndds_yogurt_low_fat_milk_plain,en,usda_fndds_exact
Yogurt low fat milk plain,fndds_yogurt_low_fat_milk_plain,en,usda_fndds_generated
plain low fat milk Yogurt,fndds_yogurt_low_fat_milk_plain,en,usda_fndds_generated
"Yogurt, Greek, with oats",fndds_yogurt_greek_with_oats,en,usda_fndds_exact
Yogurt Greek with oats,fndds_yogurt_greek_with_oats,en,usda_fndds_generated
"Yogurt, Greek, whole milk, plain",fndds_yogurt_greek_whole_milk_plain,en,usda_fndds_exact
Yogurt Greek whole milk plain,fndds_yogurt_greek_whole_milk_plain,en,usda_fndds_generated
plain whole milk Greek Yogurt,fndds_yogurt_greek_whole_milk_plain,en,usda_fndds_generated
"Yogurt, Greek, nonfat milk, plain",fndds_yogurt_greek_nonfat_milk_plain,en,usda_fndds_exact
Yogurt Greek nonfat milk plain,fndds_yogurt_greek_nonfat_milk_plain,en,usda_fndds_generated
plain nonfat milk Greek Yogurt,fndds_yogurt_greek_nonfat_milk_plain,en,usda_fndds_generated
"Yogurt, Greek, low fat milk, plain",fndds_yogurt_greek_low_fat_milk_plain,en,usda_fndds_exact
Yogurt Greek low fat milk plain,fndds_yogurt_greek_low_fat_milk_plain,en,usda_fndds_generated
plain low fat milk Greek Yogurt,fndds_yogurt_greek_low_fat_milk_plain,en,usda_fndds_generated
"Yogurt, Greek, whole milk, fruit",fndds_yogurt_greek_whole_milk_fruit,en,usda_fndds_exact
Yogurt Greek whole milk fruit,fndds_yogurt_greek_whole_milk_fruit,en,usda_fndds_generated
fruit whole milk Greek Yogurt,fndds_yogurt_greek_whole_milk_fruit,en,usda_fndds_generated
Oat milk,fndds_oat_milk,en,usda_fndds_exact
Rice milk,fndds_rice_milk,en,usda_fndds_exact
Coconut milk,fndds_coconut_milk,en,usda_fndds_exact
"Soy milk, sweetened",fndds_soy_milk_sweetened,en,usda_fndds_exact
Soy milk sweetened,fndds_soy_milk_sweetened,en,usda_fndds_generated
sweetened Soy milk,fndds_soy_milk_sweetened,en,usda_fndds_generated
"Soy milk, chocolate",fndds_soy_milk_chocolate,en,usda_fndds_exact
Soy milk chocolate,fndds_soy_milk_chocolate,en,usda_fndds_generated
chocolate Soy milk,fndds_soy_milk_chocolate,en,usda_fndds_generated
"Soy milk, unsweetened",fndds_soy_milk_unsweetened,en,usda_fndds_exact
Soy milk unsweetened,fndds_soy_milk_unsweetened,en,usda_fndds_generated
unsweetened Soy milk,fndds_soy_milk_unsweetened,en,usda_fndds_generated
"Almond milk, sweetened",fndds_almond_milk_sweetened,en,usda_fndds_exact
Almond milk sweetened,fndds_almond_milk_sweetened,en,usda_fndds_generated
sweetened Almond milk,fndds_almond_milk_sweetened,en,usda_fndds_generated
"Yogurt, soy",fndds_yogurt_soy,en,usda_fndds_exact
Yogurt soy,fndds_yogurt_soy,en,usda_fndds_generated
soy Yogurt,fndds_yogurt_soy,en,usda_fndds_generated
"Yogurt, almond milk",fndds_yogurt_almond_milk,en,usda_fndds_exact
Yogurt almond milk,fndds_yogurt_almond_milk,en,usda_fndds_generated
almond milk Yogurt,fndds_yogurt_almond_milk,en,usda_fndds_generated
"Yogurt, coconut milk",fndds_yogurt_coconut_milk,en,usda_fndds_exact
Yogurt coconut milk,fndds_yogurt_coconut_milk,en,usda_fndds_generated
coconut milk Yogurt,fndds_yogurt_coconut_milk,en,usda_fndds_generated
"Veal, chop",fndds_veal_chop,en,usda_fndds_exact
Veal chop,fndds_veal_chop,en,usda_fndds_generated
chop Veal,fndds_veal_chop,en,usda_fndds_generated
"Beef, roast",fndds_beef_roast,en,usda_fndds_exact
Beef roast,fndds_beef_roast,en,usda_fndds_generated
roast Beef,fndds_beef_roast,en,usda_fndds_generated
"Beef, oxtails",fndds_beef_oxtails,en,usda_fndds_exact
Beef oxtails,fndds_beef_oxtails,en,usda_fndds_generated
oxtails Beef,fndds_beef_oxtails,en,usda_fndds_generated
"Beef, brisket",fndds_beef_brisket,en,usda_fndds_exact
Beef brisket,fndds_beef_brisket,en,usda_fndds_generated
brisket Beef,fndds_beef_brisket,en,usda_fndds_generated
"Beef, shortribs",fndds_beef_shortribs,en,usda_fndds_exact
Beef shortribs,fndds_beef_shortribs,en,usda_fndds_generated
shortribs Beef,fndds_beef_shortribs,en,usda_fndds_generated
"Beef, pot roast",fndds_beef_pot_roast,en,usda_fndds_exact
Beef pot roast,fndds_beef_pot_roast,en,usda_fndds_generated
pot roast Beef,fndds_beef_pot_roast,en,usda_fndds_generated
"Beef, stew meat",fndds_beef_stew_meat,en,usda_fndds_exact
Beef stew meat,fndds_beef_stew_meat,en,usda_fndds_generated
stew meat Beef,fndds_beef_stew_meat,en,usda_fndds_generated
"Beef, neck bones",fndds_beef_neck_bones,en,usda_fndds_exact
Beef neck bones,fndds_beef_neck_bones,en,usda_fndds_generated
neck bones Beef,fndds_beef_neck_bones,en,usda_fndds_generated
"Beef, sandwich steak",fndds_beef_sandwich_steak,en,usda_fndds_exact
Beef sandwich steak,fndds_beef_sandwich_steak,en,usda_fndds_generated
sandwich steak Beef,fndds_beef_sandwich_steak,en,usda_fndds_generated
"Beef, ground",fndds_beef_ground,en,usda_fndds_exact
Beef ground,fndds_beef_ground,en,usda_fndds_generated
ground Beef,fndds_beef_ground,en,usda_fndds_generated
"Veal, ground",fndds_veal_ground,en,usda_fndds_exact
Veal ground,fndds_veal_ground,en,usda_fndds_generated
ground Veal,fndds_veal_ground,en,usda_fndds_generated
"Beef, ground, raw",fndds_beef_ground_raw,en,usda_fndds_exact
Beef ground raw,fndds_beef_ground_raw,en,usda_fndds_generated
raw ground Beef,fndds_beef_ground_raw,en,usda_fndds_generated
"Beef, ground, patty",fndds_beef_ground_patty,en,usda_fndds_exact
Beef ground patty,fndds_beef_ground_patty,en,usda_fndds_generated
patty ground Beef,fndds_beef_ground_patty,en,usda_fndds_generated
"Pork, ribs",fndds_pork_ribs,en,usda_fndds_exact
Pork ribs,fndds_pork_ribs,en,usda_fndds_generated
ribs Pork,fndds_pork_ribs,en,usda_fndds_generated
"Pork, ears",fndds_pork_ears,en,usda_fndds_exact
Pork ears,fndds_pork_ears,en,usda_fndds_generated
ears Pork,fndds_pork_ears,en,usda_fndds_generated
"Pork, roast",fndds_pork_roast,en,usda_fndds_exact
Pork roast,fndds_pork_roast,en,usda_fndds_generated
roast Pork,fndds_pork_roast,en,usda_fndds_generated
"Pork, bones",fndds_pork_bones,en,usda_fndds_exact
Pork bones,fndds_pork_bones,en,usda_fndds_generated
bones Pork,fndds_pork_bones,en,usda_fndds_generated
"Pork, belly",fndds_pork_belly,en,usda_fndds_exact
Pork belly,fndds_pork_belly,en,usda_fndds_generated
belly Pork,fndds_pork_belly,en,usda_fndds_generated
Pork skin rinds,fndds_pork_skin_rinds,en,usda_fndds_exact
"Pork, ground",fndds_pork_ground,en,usda_fndds_exact
Pork ground,fndds_pork_ground,en,usda_fndds_generated
ground Pork,fndds_pork_ground,en,usda_fndds_generated
"Pork, carnitas",fndds_pork_carnitas,en,usda_fndds_exact
Pork carnitas,fndds_pork_carnitas,en,usda_fndds_generated
carnitas Pork,fndds_pork_carnitas,en,usda_fndds_generated
Goat,fndds_goat,en,usda_fndds_exact
Bear,fndds_bear,en,usda_fndds_exact
Moose,fndds_moose,en,usda_fndds_exact
Bison,fndds_bison,en,usda_fndds_exact
Rabbit,fndds_rabbit,en,usda_fndds_exact
Beaver,fndds_beaver,en,usda_fndds_exact
Caribou,fndds_caribou,en,usda_fndds_exact
Heart,fndds_heart,en,usda_fndds_exact
Tripe,fndds_tripe,en,usda_fndds_exact
Kidney,fndds_kidney,en,usda_fndds_exact
Brains,fndds_brains,en,usda_fndds_exact
Tongue,fndds_tongue,en,usda_fndds_exact
Gizzard,fndds_gizzard,en,usda_fndds_exact
Chicken skin,fndds_chicken_skin,en,usda_fndds_exact
"Chicken, back",fndds_chicken_back,en,usda_fndds_exact
Chicken back,fndds_chicken_back,en,usda_fndds_generated
back Chicken,fndds_chicken_back,en,usda_fndds_generated
"Chicken, tail",fndds_chicken_tail,en,usda_fndds_exact
Chicken tail,fndds_chicken_tail,en,usda_fndds_generated
tail Chicken,fndds_chicken_tail,en,usda_fndds_generated
"Chicken, ground",fndds_chicken_ground,en,usda_fndds_exact
Chicken ground,fndds_chicken_ground,en,usda_fndds_generated
ground Chicken,fndds_chicken_ground,en,usda_fndds_generated
"Chicken wing, stewed",fndds_chicken_wing_stewed,en,usda_fndds_exact
Chicken wing stewed,fndds_chicken_wing_stewed,en,usda_fndds_generated
stewed Chicken wing,fndds_chicken_wing_stewed,en,usda_fndds_generated
"Chicken wing, sauteed",fndds_chicken_wing_sauteed,en,usda_fndds_exact
Chicken wing sauteed,fndds_chicken_wing_sauteed,en,usda_fndds_generated
sauteed Chicken wing,fndds_chicken_wing_sauteed,en,usda_fndds_generated
"Chicken wing, rotisserie",fndds_chicken_wing_rotisserie,en,usda_fndds_exact
Chicken wing rotisserie,fndds_chicken_wing_rotisserie,en,usda_fndds_generated
rotisserie Chicken wing,fndds_chicken_wing_rotisserie,en,usda_fndds_generated
"Chicken wing, baked, coated",fndds_chicken_wing_baked_coated,en,usda_fndds_exact
Chicken wing baked coated,fndds_chicken_wing_baked_coated,en,usda_fndds_generated
coated baked Chicken wing,fndds_chicken_wing_baked_coated,en,usda_fndds_generated
Chicken feet,fndds_chicken_feet,en,usda_fndds_exact
"Chicken wing, grilled with sauce",fndds_chicken_wing_grilled_with_sauce,en,usda_fndds_exact
Chicken wing grilled with sauce,fndds_chicken_wing_grilled_with_sauce,en,usda_fndds_generated
"Chicken, chicken roll, roasted",fndds_chicken_chicken_roll_roasted,en,usda_fndds_exact
Chicken chicken roll roasted,fndds_chicken_chicken_roll_roasted,en,usda_fndds_generated
roasted chicken roll Chicken,fndds_chicken_chicken_roll_roasted,en,usda_fndds_generated
"Chicken, canned, meat only",fndds_chicken_canned_meat_only,en,usda_fndds_exact
Chicken canned meat only,fndds_chicken_canned_meat_only,en,usda_fndds_generated
meat only canned Chicken,fndds_chicken_canned_meat_only,en,usda_fndds_generated
"Chicken wing, grilled without sauce",fndds_chicken_wing_grilled_without_sauce,en,usda_fndds_exact
Chicken wing grilled without sauce,fndds_chicken_wing_grilled_without_sauce,en,usda_fndds_generated
"Chicken ""wings"", plain, from precooked",fndds_chicken_wings_plain_from_precooked,en,usda_fndds_exact
"Chicken ""wings"" plain from precooked",fndds_chicken_wings_plain_from_precooked,en,usda_fndds_generated
"Chicken, neck or ribs",fndds_chicken_neck_or_ribs,en,usda_fndds_exact
Chicken neck or ribs,fndds_chicken_neck_or_ribs,en,usda_fndds_generated
"Chicken thigh, stewed, skin eaten",fndds_chicken_thigh_stewed_skin_eaten,en,usda_fndds_exact
Chicken thigh stewed skin eaten,fndds_chicken_thigh_stewed_skin_eaten,en,usda_fndds_generated
skin eaten stewed Chicken thigh,fndds_chicken_thigh_stewed_skin_eaten,en,usda_fndds_generated
"Chicken breast, stewed, skin eaten",fndds_chicken_breast_stewed_skin_eaten,en,usda_fndds_exact
Chicken breast stewed skin eaten,fndds_chicken_breast_stewed_skin_eaten,en,usda_fndds_generated
skin eaten stewed Chicken breast,fndds_chicken_breast_stewed_skin_eaten,en,usda_fndds_generated
"Chicken thigh, sauteed, skin eaten",fndds_chicken_thigh_sauteed_skin_eaten,en,usda_fndds_exact
Chicken thigh sauteed skin eaten,fndds_chicken_thigh_sauteed_skin_eaten,en,usda_fndds_generated
skin eaten sauteed Chicken thigh,fndds_chicken_thigh_sauteed_skin_eaten,en,usda_fndds_generated
"Chicken breast, sauteed, skin eaten",fndds_chicken_breast_sauteed_skin_eaten,en,usda_fndds_exact
Chicken breast sauteed skin eaten,fndds_chicken_breast_sauteed_skin_eaten,en,usda_fndds_generated
skin eaten sauteed Chicken breast,fndds_chicken_breast_sauteed_skin_eaten,en,usda_fndds_generated
"Chicken wing, fried, coated, from raw",fndds_chicken_wing_fried_coated_from_raw,en,usda_fndds_exact
Chicken wing fried coated from raw,fndds_chicken_wing_fried_coated_from_raw,en,usda_fndds_generated
"Chicken fillet, grilled",fndds_chicken_fillet_grilled,en,usda_fndds_exact
Chicken fillet grilled,fndds_chicken_fillet_grilled,en,usda_fndds_generated
grilled Chicken fillet,fndds_chicken_fillet_grilled,en,usda_fndds_generated
"Chicken patty, breaded",fndds_chicken_patty_breaded,en,usda_fndds_exact
Chicken patty breaded,fndds_chicken_patty_breaded,en,usda_fndds_generated
breaded Chicken patty,fndds_chicken_patty_breaded,en,usda_fndds_generated
"Chicken fillet, breaded",fndds_chicken_fillet_breaded,en,usda_fndds_exact
Chicken fillet breaded,fndds_chicken_fillet_breaded,en,usda_fndds_generated
breaded Chicken fillet,fndds_chicken_fillet_breaded,en,usda_fndds_generated
"Chicken nuggets, from frozen",fndds_chicken_nuggets_from_frozen,en,usda_fndds_exact
Chicken nuggets from frozen,fndds_chicken_nuggets_from_frozen,en,usda_fndds_generated
"Chicken nuggets, from other sources",fndds_chicken_nuggets_from_other_sources,en,usda_fndds_exact
Chicken nuggets from other sources,fndds_chicken_nuggets_from_other_sources,en,usda_fndds_generated
"Chicken nuggets, from fast food",fndds_chicken_nuggets_from_fast_food,en,usda_fndds_exact
Chicken nuggets from fast food,fndds_chicken_nuggets_from_fast_food,en,usda_fndds_generated
Ostrich,fndds_ostrich,en,usda_fndds_exact
"Quail, cooked",fndds_quail_cooked,en,usda_fndds_exact
Quail cooked,fndds_quail_cooked,en,usda_fndds_generated
cooked Quail,fndds_quail_cooked,en,usda_fndds_generated
"Dove, fried",fndds_dove_fried,en,usda_fndds_exact
Dove fried,fndds_dove_fried,en,usda_fndds_generated
fried Dove,fndds_dove_fried,en,usda_fndds_generated
"Pheasant, cooked",fndds_pheasant_cooked,en,usda_fndds_exact
Pheasant cooked,fndds_pheasant_cooked,en,usda_fndds_generated
cooked Pheasant,fndds_pheasant_cooked,en,usda_fndds_generated
"Turkey, neck",fndds_turkey_neck,en,usda_fndds_exact
Turkey neck,fndds_turkey_neck,en,usda_fndds_generated
neck Turkey,fndds_turkey_neck,en,usda_fndds_generated
"Turkey, tail",fndds_turkey_tail,en,usda_fndds_exact
Turkey tail,fndds_turkey_tail,en,usda_fndds_generated
tail Turkey,fndds_turkey_tail,en,usda_fndds_generated
"Turkey, back",fndds_turkey_back,en,usda_fndds_exact
Turkey back,fndds_turkey_back,en,usda_fndds_generated
back Turkey,fndds_turkey_back,en,usda_fndds_generated
"Duck, Peking",fndds_duck_peking,en,usda_fndds_exact
Duck Peking,fndds_duck_peking,en,usda_fndds_generated
Peking Duck,fndds_duck_peking,en,usda_fndds_generated
"Turkey, canned",fndds_turkey_canned,en,usda_fndds_exact
Turkey canned,fndds_turkey_canned,en,usda_fndds_generated
canned Turkey,fndds_turkey_canned,en,usda_fndds_generated
"Turkey, ground",fndds_turkey_ground,en,usda_fndds_exact
Turkey ground,fndds_turkey_ground,en,usda_fndds_generated
"Turkey, nuggets",fndds_turkey_nuggets,en,usda_fndds_exact
Turkey nuggets,fndds_turkey_nuggets,en,usda_fndds_generated
nuggets Turkey,fndds_turkey_nuggets,en,usda_fndds_generated
Caviar,fndds_caviar,en,usda_fndds_exact
"Fish, raw",fndds_fish_raw,en,usda_fndds_exact
Fish raw,fndds_fish_raw,en,usda_fndds_generated
raw Fish,fndds_fish_raw,en,usda_fndds_generated
"Fish, eel",fndds_fish_eel,en,usda_fndds_exact
Fish eel,fndds_fish_eel,en,usda_fndds_generated
eel Fish,fndds_fish_eel,en,usda_fndds_generated
"Fish, carp",fndds_fish_carp,en,usda_fndds_exact
Fish carp,fndds_fish_carp,en,usda_fndds_generated
carp Fish,fndds_fish_carp,en,usda_fndds_generated
"Fish, pike",fndds_fish_pike,en,usda_fndds_exact
Fish pike,fndds_fish_pike,en,usda_fndds_generated
pike Fish,fndds_fish_pike,en,usda_fndds_generated
"Fish, stick",fndds_fish_stick,en,usda_fndds_exact
Fish stick,fndds_fish_stick,en,usda_fndds_generated
stick Fish,fndds_fish_stick,en,usda_fndds_generated
"Fish, shark",fndds_fish_shark,en,usda_fndds_exact
Fish shark,fndds_fish_shark,en,usda_fndds_generated
shark Fish,fndds_fish_shark,en,usda_fndds_generated
"Fish, canned",fndds_fish_canned,en,usda_fndds_exact
Fish canned,fndds_fish_canned,en,usda_fndds_generated
canned Fish,fndds_fish_canned,en,usda_fndds_generated
"Fish, smoked",fndds_fish_smoked,en,usda_fndds_exact
Fish smoked,fndds_fish_smoked,en,usda_fndds_generated
smoked Fish,fndds_fish_smoked,en,usda_fndds_generated
"Fish, mullet",fndds_fish_mullet,en,usda_fndds_exact
Fish mullet,fndds_fish_mullet,en,usda_fndds_generated
mullet Fish,fndds_fish_mullet,en,usda_fndds_generated
"Fish, anchovy",fndds_fish_anchovy,en,usda_fndds_exact
Fish anchovy,fndds_fish_anchovy,en,usda_fndds_generated
anchovy Fish,fndds_fish_anchovy,en,usda_fndds_generated
"Fish, croaker",fndds_fish_croaker,en,usda_fndds_exact
Fish croaker,fndds_fish_croaker,en,usda_fndds_generated
croaker Fish,fndds_fish_croaker,en,usda_fndds_generated
"Fish, halibut",fndds_fish_halibut,en,usda_fndds_exact
Fish halibut,fndds_fish_halibut,en,usda_fndds_generated
halibut Fish,fndds_fish_halibut,en,usda_fndds_generated
"Fish, herring",fndds_fish_herring,en,usda_fndds_exact
Fish herring,fndds_fish_herring,en,usda_fndds_generated
herring Fish,fndds_fish_herring,en,usda_fndds_generated
"Fish, pickled",fndds_fish_pickled,en,usda_fndds_exact
Fish pickled,fndds_fish_pickled,en,usda_fndds_generated
pickled Fish,fndds_fish_pickled,en,usda_fndds_generated
"Fish, snapper",fndds_fish_snapper,en,usda_fndds_exact
Fish snapper,fndds_fish_snapper,en,usda_fndds_generated
snapper Fish,fndds_fish_snapper,en,usda_fndds_generated
"Fish, tuna, raw",fndds_fish_tuna_raw,en,usda_fndds_exact
Fish tuna raw,fndds_fish_tuna_raw,en,usda_fndds_generated
raw tuna Fish,fndds_fish_tuna_raw,en,usda_fndds_generated
Crab,fndds_crab,en,usda_fndds_exact
Turtle,fndds_turtle,en,usda_fndds_exact
Octopus,fndds_octopus,en,usda_fndds_exact
Abalone,fndds_abalone,en,usda_fndds_exact
Lobster,fndds_lobster,en,usda_fndds_exact
Mussels,fndds_mussels,en,usda_fndds_exact
Escargot,fndds_escargot,en,usda_fndds_exact
Frog legs,fndds_frog_legs,en,usda_fndds_exact
"Clams, raw",fndds_clams_raw,en,usda_fndds_exact
Clams raw,fndds_clams_raw,en,usda_fndds_generated
raw Clams,fndds_clams_raw,en,usda_fndds_generated
"Oysters, raw",fndds_oysters_raw,en,usda_fndds_exact
Oysters raw,fndds_oysters_raw,en,usda_fndds_generated
raw Oysters,fndds_oysters_raw,en,usda_fndds_generated
Cheese souffle,fndds_cheese_souffle,en,usda_fndds_exact
"Duck egg, cooked",fndds_duck_egg_cooked,en,usda_fndds_exact
Duck egg cooked,fndds_duck_egg_cooked,en,usda_fndds_generated
cooked Duck egg,fndds_duck_egg_cooked,en,usda_fndds_generated
"Egg, creamed",fndds_egg_creamed,en,usda_fndds_exact
Egg creamed,fndds_egg_creamed,en,usda_fndds_generated
creamed Egg,fndds_egg_creamed,en,usda_fndds_generated
"Egg, deviled",fndds_egg_deviled,en,usda_fndds_exact
Egg deviled,fndds_egg_deviled,en,usda_fndds_generated
deviled Egg,fndds_egg_deviled,en,usda_fndds_generated
Huevos rancheros,fndds_huevos_rancheros,en,usda_fndds_exact
"Goose egg, cooked",fndds_goose_egg_cooked,en,usda_fndds_exact
Goose egg cooked,fndds_goose_egg_cooked,en,usda_fndds_generated
cooked Goose egg,fndds_goose_egg_cooked,en,usda_fndds_generated
"Egg, Benedict",fndds_egg_benedict,en,usda_fndds_exact
Egg Benedict,fndds_egg_benedict,en,usda_fndds_generated
Benedict Egg,fndds_egg_benedict,en,usda_fndds_generated
"Quail egg, canned",fndds_quail_egg_canned,en,usda_fndds_exact
Quail egg canned,fndds_quail_egg_canned,en,usda_fndds_generated
canned Quail egg,fndds_quail_egg_canned,en,usda_fndds_generated
"Egg, yolk only, raw",fndds_egg_yolk_only_raw,en,usda_fndds_exact
Egg yolk only raw,fndds_egg_yolk_only_raw,en,usda_fndds_generated
raw yolk only Egg,fndds_egg_yolk_only_raw,en,usda_fndds_generated
"Egg, white only, raw",fndds_egg_white_only_raw,en,usda_fndds_exact
Egg white only raw,fndds_egg_white_only_raw,en,usda_fndds_generated
raw white only Egg,fndds_egg_white_only_raw,en,usda_fndds_generated
"Egg, whole, pickled",fndds_egg_whole_pickled,en,usda_fndds_exact
Egg whole pickled,fndds_egg_whole_pickled,en,usda_fndds_generated
pickled whole Egg,fndds_egg_whole_pickled,en,usda_fndds_generated
"Egg, whole, boiled or poached",fndds_egg_whole_boiled_or_poached,en,usda_fndds_exact
Egg whole boiled or poached,fndds_egg_whole_boiled_or_poached,en,usda_fndds_generated
"Egg, whole, fried with oil",fndds_egg_whole_fried_with_oil,en,usda_fndds_exact
Egg whole fried with oil,fndds_egg_whole_fried_with_oil,en,usda_fndds_generated
"Egg, whole, baked, fat added",fndds_egg_whole_baked_fat_added,en,usda_fndds_exact
Egg whole baked fat added,fndds_egg_whole_baked_fat_added,en,usda_fndds_generated
"Egg salad, made with mayonnaise",fndds_egg_salad_made_with_mayonnaise,en,usda_fndds_exact
Egg salad made with mayonnaise,fndds_egg_salad_made_with_mayonnaise,en,usda_fndds_generated
"Egg, white, cooked, fat added",fndds_egg_white_cooked_fat_added,en,usda_fndds_exact
Egg white cooked fat added,fndds_egg_white_cooked_fat_added,en,usda_fndds_generated
"Egg, whole, fried with butter",fndds_egg_whole_fried_with_butter,en,usda_fndds_exact
Egg whole fried with butter,fndds_egg_whole_fried_with_butter,en,usda_fndds_generated
"Egg, whole, fried no added fat",fndds_egg_whole_fried_no_added_fat,en,usda_fndds_exact
Egg whole fried no added fat,fndds_egg_whole_fried_no_added_fat,en,usda_fndds_generated
"Egg, whole, baked, no added fat",fndds_egg_whole_baked_no_added_fat,en,usda_fndds_exact
Egg whole baked no added fat,fndds_egg_whole_baked_no_added_fat,en,usda_fndds_generated
Spam,fndds_spam,en,usda_fndds_exact
Bologna,fndds_bologna,en,usda_fndds_exact
Beef jerky,fndds_beef_jerky,en,usda_fndds_exact
Pork jerky,fndds_pork_jerky,en,usda_fndds_exact
Mortadella,fndds_mortadella,en,usda_fndds_exact
Liverwurst,fndds_liverwurst,en,usda_fndds_exact
Head cheese,fndds_head_cheese,en,usda_fndds_exact
"Pork, roll",fndds_pork_roll,en,usda_fndds_exact
Pork roll,fndds_pork_roll,en,usda_fndds_generated
roll Pork,fndds_pork_roll,en,usda_fndds_generated
"Ham, canned",fndds_ham_canned,en,usda_fndds_exact
Ham canned,fndds_ham_canned,en,usda_fndds_generated
canned Ham,fndds_ham_canned,en,usda_fndds_generated
"Ham, ground",fndds_ham_ground,en,usda_fndds_exact
Ham ground,fndds_ham_ground,en,usda_fndds_generated
ground Ham,fndds_ham_ground,en,usda_fndds_generated
Venison sausage,fndds_venison_sausage,en,usda_fndds_exact
Bacon bits,fndds_bacon_bits,en,usda_fndds_exact
"Turkey bacon, cooked",fndds_turkey_bacon_cooked,en,usda_fndds_exact
Turkey bacon cooked,fndds_turkey_bacon_cooked,en,usda_fndds_generated
cooked Turkey bacon,fndds_turkey_bacon_cooked,en,usda_fndds_generated
"Beef, bacon, cooked",fndds_beef_bacon_cooked,en,usda_fndds_exact
Beef bacon cooked,fndds_beef_bacon_cooked,en,usda_fndds_generated
cooked bacon Beef,fndds_beef_bacon_cooked,en,usda_fndds_generated
"Bacon or side pork, fresh, cooked",fndds_bacon_or_side_pork_fresh_cooked,en,usda_fndds_exact
Bacon or side pork fresh cooked,fndds_bacon_or_side_pork_fresh_cooked,en,usda_fndds_generated
"Pork bacon, smoked or cured, cooked",fndds_pork_bacon_smoked_or_cured_cooked,en,usda_fndds_exact
Pork bacon smoked or cured cooked,fndds_pork_bacon_smoked_or_cured_cooked,en,usda_fndds_generated
"Hot dog, beef",fndds_hot_dog_beef,en,usda_fndds_exact
Hot dog beef,fndds_hot_dog_beef,en,usda_fndds_generated
"Hot dog, turkey",fndds_hot_dog_turkey,en,usda_fndds_exact
Hot dog turkey,fndds_hot_dog_turkey,en,usda_fndds_generated
turkey Hot dog,fndds_hot_dog_turkey,en,usda_fndds_generated
"Hot dog, reduced fat",fndds_hot_dog_reduced_fat,en,usda_fndds_exact
Hot dog reduced fat,fndds_hot_dog_reduced_fat,en,usda_fndds_generated
reduced fat Hot dog,fndds_hot_dog_reduced_fat,en,usda_fndds_generated
"Hot dog, meat and poultry",fndds_hot_dog_meat_and_poultry,en,usda_fndds_exact
Hot dog meat and poultry,fndds_hot_dog_meat_and_poultry,en,usda_fndds_generated
Chorizo,fndds_chorizo,en,usda_fndds_exact
Bratwurst,fndds_bratwurst,en,usda_fndds_exact
Thuringer,fndds_thuringer,en,usda_fndds_exact
Knockwurst,fndds_knockwurst,en,usda_fndds_exact
Pork sausage,fndds_pork_sausage,en,usda_fndds_exact
Blood sausage,fndds_blood_sausage,en,usda_fndds_exact
Polish sausage,fndds_polish_sausage,en,usda_fndds_exact
Dal,fndds_dal,en,usda_fndds_exact
Baked beans,fndds_baked_beans,en,usda_fndds_exact
Soy nuts,fndds_soy_nuts,en,usda_fndds_exact
Wasabi peas,fndds_wasabi_peas,en,usda_fndds_exact
Refried beans,fndds_refried_beans,en,usda_fndds_exact
Pork and beans,fndds_pork_and_beans,en,usda_fndds_exact
"Edamame, cooked",fndds_edamame_cooked,en,usda_fndds_exact
Edamame cooked,fndds_edamame_cooked,en,usda_fndds_generated
cooked Edamame,fndds_edamame_cooked,en,usda_fndds_generated
"Soybeans, cooked",fndds_soybeans_cooked,en,usda_fndds_exact
Soybeans cooked,fndds_soybeans_cooked,en,usda_fndds_generated
cooked Soybeans,fndds_soybeans_cooked,en,usda_fndds_generated
Beans and franks,fndds_beans_and_franks,en,usda_fndds_exact
"Fava beans, cooked",fndds_fava_beans_cooked,en,usda_fndds_exact
Fava beans cooked,fndds_fava_beans_cooked,en,usda_fndds_generated
cooked Fava beans,fndds_fava_beans_cooked,en,usda_fndds_generated
"Pink beans, cooked",fndds_pink_beans_cooked,en,usda_fndds_exact
Pink beans cooked,fndds_pink_beans_cooked,en,usda_fndds_generated
cooked Pink beans,fndds_pink_beans_cooked,en,usda_fndds_generated
"Mung beans, cooked",fndds_mung_beans_cooked,en,usda_fndds_exact
Mung beans cooked,fndds_mung_beans_cooked,en,usda_fndds_generated
cooked Mung beans,fndds_mung_beans_cooked,en,usda_fndds_generated
Black beans with meat,fndds_black_beans_with_meat,en,usda_fndds_exact
Pinto beans with meat,fndds_pinto_beans_with_meat,en,usda_fndds_exact
Tahini,fndds_tahini,en,usda_fndds_exact
Chestnuts,fndds_chestnuts,en,usda_fndds_exact
Hazelnuts,fndds_hazelnuts,en,usda_fndds_exact
Pine nuts,fndds_pine_nuts,en,usda_fndds_exact
Flax seeds,fndds_flax_seeds,en,usda_fndds_exact
Chia seeds,fndds_chia_seeds,en,usda_fndds_exact
Brazil nuts,fndds_brazil_nuts,en,usda_fndds_exact
Mixed seeds,fndds_mixed_seeds,en,usda_fndds_exact
Almond paste,fndds_almond_paste,en,usda_fndds_exact
Sesame seeds,fndds_sesame_seeds,en,usda_fndds_exact
Almond butter,fndds_almond_butter,en,usda_fndds_exact
Cashew butter,fndds_cashew_butter,en,usda_fndds_exact
"Coconut, fresh",fndds_coconut_fresh,en,usda_fndds_exact
Coconut fresh,fndds_coconut_fresh,en,usda_fndds_generated
fresh Coconut,fndds_coconut_fresh,en,usda_fndds_generated
Macadamia nuts,fndds_macadamia_nuts,en,usda_fndds_exact
Soybean curd,fndds_soybean_curd,en,usda_fndds_exact
Soy nut butter,fndds_soy_nut_butter,en,usda_fndds_exact
Soybean curd cheese,fndds_soybean_curd_cheese,en,usda_fndds_exact
"Meatball, meatless",fndds_meatball_meatless,en,usda_fndds_exact
Meatball meatless,fndds_meatball_meatless,en,usda_fndds_generated
meatless Meatball,fndds_meatball_meatless,en,usda_fndds_generated
"Vegetarian, fillet",fndds_vegetarian_fillet,en,usda_fndds_exact
Vegetarian fillet,fndds_vegetarian_fillet,en,usda_fndds_generated
fillet Vegetarian,fndds_vegetarian_fillet,en,usda_fndds_generated
"Hot dog, vegetarian",fndds_hot_dog_vegetarian,en,usda_fndds_exact
Hot dog vegetarian,fndds_hot_dog_vegetarian,en,usda_fndds_generated
vegetarian Hot dog,fndds_hot_dog_vegetarian,en,usda_fndds_generated
"Bacon strip, meatless",fndds_bacon_strip_meatless,en,usda_fndds_exact
Bacon strip meatless,fndds_bacon_strip_meatless,en,usda_fndds_generated
meatless Bacon strip,fndds_bacon_strip_meatless,en,usda_fndds_generated
Pork hash,fndds_pork_hash,en,usda_fndds_exact
Beef curry,fndds_beef_curry,en,usda_fndds_exact
Beef salad,fndds_beef_salad,en,usda_fndds_exact
Swiss steak,fndds_swiss_steak,en,usda_fndds_exact
Veal Marsala,fndds_veal_marsala,en,usda_fndds_exact
Pepper steak,fndds_pepper_steak,en,usda_fndds_exact
Beef burgundy,fndds_beef_burgundy,en,usda_fndds_exact
Steak tartare,fndds_steak_tartare,en,usda_fndds_exact
Sausage gravy,fndds_sausage_gravy,en,usda_fndds_exact
Ham croquette,fndds_ham_croquette,en,usda_fndds_exact
"Stew, pork",fndds_stew_pork,en,usda_fndds_exact
Stew pork,fndds_stew_pork,en,usda_fndds_generated
pork Stew,fndds_stew_pork,en,usda_fndds_generated
"Stew, beef",fndds_stew_beef,en,usda_fndds_exact
Stew beef,fndds_stew_beef,en,usda_fndds_generated
beef Stew,fndds_stew_beef,en,usda_fndds_generated
"Stew, lamb",fndds_stew_lamb,en,usda_fndds_exact
Stew lamb,fndds_stew_lamb,en,usda_fndds_generated
lamb Stew,fndds_stew_lamb,en,usda_fndds_generated
Ham stroganoff,fndds_ham_stroganoff,en,usda_fndds_exact
Shepherd's pie,fndds_shepherd_s_pie,en,usda_fndds_exact
Chili with meat,fndds_chili_with_meat,en,usda_fndds_exact
Beef with gravy,fndds_beef_with_gravy,en,usda_fndds_exact
Beef stroganoff,fndds_beef_stroganoff,en,usda_fndds_exact
Veal scallopini,fndds_veal_scallopini,en,usda_fndds_exact
Veal parmigiana,fndds_veal_parmigiana,en,usda_fndds_exact
Chicken kiev,fndds_chicken_kiev,en,usda_fndds_exact
Chicken curry,fndds_chicken_curry,en,usda_fndds_exact
"Chili, white",fndds_chili_white,en,usda_fndds_exact
Chili white,fndds_chili_white,en,usda_fndds_generated
white Chili,fndds_chili_white,en,usda_fndds_generated
Barbecue chicken,fndds_barbecue_chicken,en,usda_fndds_exact
"Stew, chicken",fndds_stew_chicken,en,usda_fndds_exact
Stew chicken,fndds_stew_chicken,en,usda_fndds_generated
chicken Stew,fndds_stew_chicken,en,usda_fndds_generated
Turkey with gravy,fndds_turkey_with_gravy,en,usda_fndds_exact
Chicken cornbread,fndds_chicken_cornbread,en,usda_fndds_exact
Chili with chicken,fndds_chili_with_chicken,en,usda_fndds_exact
Chicken with gravy,fndds_chicken_with_gravy,en,usda_fndds_exact
"Pot pie, chicken",fndds_pot_pie_chicken,en,usda_fndds_exact
Pot pie chicken,fndds_pot_pie_chicken,en,usda_fndds_generated
chicken Pot pie,fndds_pot_pie_chicken,en,usda_fndds_generated
"Adobo, with rice",fndds_adobo_with_rice,en,usda_fndds_exact
Adobo with rice,fndds_adobo_with_rice,en,usda_fndds_generated
Chicken or turkey hash,fndds_chicken_or_turkey_hash,en,usda_fndds_exact
"Adobo, with noodles",fndds_adobo_with_noodles,en,usda_fndds_exact
Adobo with noodles,fndds_adobo_with_noodles,en,usda_fndds_generated
Chicken curry with rice,fndds_chicken_curry_with_rice,en,usda_fndds_exact
Chicken with mole sauce,fndds_chicken_with_mole_sauce,en,usda_fndds_exact
Chicken or turkey divan,fndds_chicken_or_turkey_divan,en,usda_fndds_exact
Chicken or turkey souffle,fndds_chicken_or_turkey_souffle,en,usda_fndds_exact
Chicken or turkey fricassee,fndds_chicken_or_turkey_fricassee,en,usda_fndds_exact
Chicken or turkey cacciatore,fndds_chicken_or_turkey_cacciatore,en,usda_fndds_exact
Chili with chicken and beans,fndds_chili_with_chicken_and_beans,en,usda_fndds_exact
Ceviche,fndds_ceviche,en,usda_fndds_exact
Lau lau,fndds_lau_lau,en,usda_fndds_exact
Fish curry,fndds_fish_curry,en,usda_fndds_exact
Crab salad,fndds_crab_salad,en,usda_fndds_exact
Lomi salmon,fndds_lomi_salmon,en,usda_fndds_exact
Gefilte fish,fndds_gefilte_fish,en,usda_fndds_exact
Clams Casino,fndds_clams_casino,en,usda_fndds_exact
Shrimp toast,fndds_shrimp_toast,en,usda_fndds_exact
Salmon salad,fndds_salmon_salad,en,usda_fndds_exact
Shrimp salad,fndds_shrimp_salad,en,usda_fndds_exact
Shrimp gumbo,fndds_shrimp_gumbo,en,usda_fndds_exact
Lobster salad,fndds_lobster_salad,en,usda_fndds_exact
Seafood salad,fndds_seafood_salad,en,usda_fndds_exact
Lobster gumbo,fndds_lobster_gumbo,en,usda_fndds_exact
"Stew, fish",fndds_stew_fish,en,usda_fndds_exact
Stew fish,fndds_stew_fish,en,usda_fndds_generated
fish Stew,fndds_stew_fish,en,usda_fndds_generated
"Crab, cake",fndds_crab_cake,en,usda_fndds_exact
Crab cake,fndds_crab_cake,en,usda_fndds_generated
cake Crab,fndds_crab_cake,en,usda_fndds_generated
Seafood souffle,fndds_seafood_souffle,en,usda_fndds_exact
Bean cake,fndds_bean_cake,en,usda_fndds_exact
Lentil curry,fndds_lentil_curry,en,usda_fndds_exact
Black bean salad,fndds_black_bean_salad,en,usda_fndds_exact
"Pot pie, no meat",fndds_pot_pie_no_meat,en,usda_fndds_exact
Pot pie no meat,fndds_pot_pie_no_meat,en,usda_fndds_generated
no meat Pot pie,fndds_pot_pie_no_meat,en,usda_fndds_generated
Beans and white rice,fndds_beans_and_white_rice,en,usda_fndds_exact
Beans and brown rice,fndds_beans_and_brown_rice,en,usda_fndds_exact
"Chili, vegetarian",fndds_chili_vegetarian,en,usda_fndds_exact
Chili vegetarian,fndds_chili_vegetarian,en,usda_fndds_generated
vegetarian Chili,fndds_chili_vegetarian,en,usda_fndds_generated
Vegetarian stroganoff,fndds_vegetarian_stroganoff,en,usda_fndds_exact
Channa Saag,fndds_channa_saag,en,usda_fndds_exact
Ratatouille,fndds_ratatouille,en,usda_fndds_exact
Palak Paneer,fndds_palak_paneer,en,usda_fndds_exact
Vegetarian stew,fndds_vegetarian_stew,en,usda_fndds_exact
Spinach souffle,fndds_spinach_souffle,en,usda_fndds_exact
Vegetable curry,fndds_vegetable_curry,en,usda_fndds_exact
"Stew, vegetable",fndds_stew_vegetable,en,usda_fndds_exact
Stew vegetable,fndds_stew_vegetable,en,usda_fndds_generated
vegetable Stew,fndds_stew_vegetable,en,usda_fndds_generated
Green bean casserole,fndds_green_bean_casserole,en,usda_fndds_exact
"Mushrooms, stuffed",fndds_mushrooms_stuffed,en,usda_fndds_exact
Mushrooms stuffed,fndds_mushrooms_stuffed,en,usda_fndds_generated
stuffed Mushrooms,fndds_mushrooms_stuffed,en,usda_fndds_generated
"Tomatoes, scalloped",fndds_tomatoes_scalloped,en,usda_fndds_exact
Tomatoes scalloped,fndds_tomatoes_scalloped,en,usda_fndds_generated
scalloped Tomatoes,fndds_tomatoes_scalloped,en,usda_fndds_generated
Idli,fndds_idli,en,usda_fndds_exact
Rice pilaf,fndds_rice_pilaf,en,usda_fndds_exact
Dirty rice,fndds_dirty_rice,en,usda_fndds_exact
Rice dressing,fndds_rice_dressing,en,usda_fndds_exact
Rice croquette,fndds_rice_croquette,en,usda_fndds_exact
Biryani with meat,fndds_biryani_with_meat,en,usda_fndds_exact
Rice with raisins,fndds_rice_with_raisins,en,usda_fndds_exact
Paella with seafood,fndds_paella_with_seafood,en,usda_fndds_exact
"Bibimbap, Korean",fndds_bibimbap_korean,en,usda_fndds_exact
Bibimbap Korean,fndds_bibimbap_korean,en,usda_fndds_generated
Korean Bibimbap,fndds_bibimbap_korean,en,usda_fndds_generated
"Congee, with egg",fndds_congee_with_egg,en,usda_fndds_exact
Congee with egg,fndds_congee_with_egg,en,usda_fndds_generated
Biryani with chicken,fndds_biryani_with_chicken,en,usda_fndds_exact
Flavored rice mixture,fndds_flavored_rice_mixture,en,usda_fndds_exact
Biryani with vegetables,fndds_biryani_with_vegetables,en,usda_fndds_exact
"Congee, with vegetables",fndds_congee_with_vegetables,en,usda_fndds_exact
Congee with vegetables,fndds_congee_with_vegetables,en,usda_fndds_generated
"Spanish rice, fat added",fndds_spanish_rice_fat_added,en,usda_fndds_exact
Spanish rice fat added,fndds_spanish_rice_fat_added,en,usda_fndds_generated
Jambalaya with meat and rice,fndds_jambalaya_with_meat_and_rice,en,usda_fndds_exact
Cake made with glutinous rice,fndds_cake_made_with_glutinous_rice,en,usda_fndds_exact
Flavored pasta,fndds_flavored_pasta,en,usda_fndds_exact
Noodle pudding,fndds_noodle_pudding,en,usda_fndds_exact
Lasagna with meat,fndds_lasagna_with_meat,en,usda_fndds_exact
"Gnocchi, cheese",fndds_gnocchi_cheese,en,usda_fndds_exact
Gnocchi cheese,fndds_gnocchi_cheese,en,usda_fndds_generated
cheese Gnocchi,fndds_gnocchi_cheese,en,usda_fndds_generated
"Gnocchi, potato",fndds_gnocchi_potato,en,usda_fndds_exact
Gnocchi potato,fndds_gnocchi_potato,en,usda_fndds_generated
potato Gnocchi,fndds_gnocchi_potato,en,usda_fndds_generated
"Lasagna, meatless",fndds_lasagna_meatless,en,usda_fndds_exact
Lasagna meatless,fndds_lasagna_meatless,en,usda_fndds_generated
meatless Lasagna,fndds_lasagna_meatless,en,usda_fndds_generated
"Lasagna with meat, canned",fndds_lasagna_with_meat_canned,en,usda_fndds_exact
Lasagna with meat canned,fndds_lasagna_with_meat_canned,en,usda_fndds_generated
"Lasagna with meat, frozen",fndds_lasagna_with_meat_frozen,en,usda_fndds_exact
Lasagna with meat frozen,fndds_lasagna_with_meat_frozen,en,usda_fndds_generated
Lasagna with meat and spinach,fndds_lasagna_with_meat_and_spinach,en,usda_fndds_exact
Lasagna with chicken or turkey,fndds_lasagna_with_chicken_or_turkey,en,usda_fndds_exact
Macaroni or pasta salad with egg,fndds_macaroni_or_pasta_salad_with_egg,en,usda_fndds_exact
Macaroni or pasta salad with tuna,fndds_macaroni_or_pasta_salad_with_tuna,en,usda_fndds_exact
Macaroni or pasta salad with meat,fndds_macaroni_or_pasta_salad_with_meat,en,usda_fndds_exact
"Lasagna with meat, home recipe",fndds_lasagna_with_meat_home_recipe,en,usda_fndds_exact
Lasagna with meat home recipe,fndds_lasagna_with_meat_home_recipe,en,usda_fndds_generated
Macaroni or pasta salad with shrimp,fndds_macaroni_or_pasta_salad_with_shrimp,en,usda_fndds_exact
Macaroni or pasta salad with cheese,fndds_macaroni_or_pasta_salad_with_cheese,en,usda_fndds_exact
Macaroni or pasta salad with chicken,fndds_macaroni_or_pasta_salad_with_chicken,en,usda_fndds_exact
"Ravioli, meat-filled, no sauce",fndds_ravioli_meat_filled_no_sauce,en,usda_fndds_exact
Ravioli meat-filled no sauce,fndds_ravioli_meat_filled_no_sauce,en,usda_fndds_generated
no sauce meat-filled Ravioli,fndds_ravioli_meat_filled_no_sauce,en,usda_fndds_generated
Macaroni or pasta salad with crab meat,fndds_macaroni_or_pasta_salad_with_crab_meat,en,usda_fndds_exact
"Pasta with cream sauce, home recipe",fndds_pasta_with_cream_sauce_home_recipe,en,usda_fndds_exact
Pasta with cream sauce home recipe,fndds_pasta_with_cream_sauce_home_recipe,en,usda_fndds_generated
Macaroni or noodles with cheese,fndds_macaroni_or_noodles_with_cheese,en,usda_fndds_exact
Macaroni or noodles with cheese and egg,fndds_macaroni_or_noodles_with_cheese_and_egg,en,usda_fndds_exact
Macaroni or noodles with cheese and tuna,fndds_macaroni_or_noodles_with_cheese_and_tuna,en,usda_fndds_exact
Macaroni or noodles with cheese and meat,fndds_macaroni_or_noodles_with_cheese_and_meat,en,usda_fndds_exact
Macaroni or noodles with cheese and tomato,fndds_macaroni_or_noodles_with_cheese_and_tomato,en,usda_fndds_exact
"Macaroni or noodles with cheese, canned",fndds_macaroni_or_noodles_with_cheese_canned,en,usda_fndds_exact
Macaroni or noodles with cheese canned,fndds_macaroni_or_noodles_with_cheese_canned,en,usda_fndds_generated
"Macaroni or noodles with cheese, whole grain",fndds_macaroni_or_noodles_with_cheese_whole_grain,en,usda_fndds_exact
Macaroni or noodles with cheese whole grain,fndds_macaroni_or_noodles_with_cheese_whole_grain,en,usda_fndds_generated
Vada,fndds_vada,en,usda_fndds_exact
Knish,fndds_knish,en,usda_fndds_exact
Samosa,fndds_samosa,en,usda_fndds_exact
Pierogi,fndds_pierogi,en,usda_fndds_exact
Tabbouleh,fndds_tabbouleh,en,usda_fndds_exact
Spanakopita,fndds_spanakopita,en,usda_fndds_exact
Bread stuffing,fndds_bread_stuffing,en,usda_fndds_exact
"Empanada, beef",fndds_empanada_beef,en,usda_fndds_exact
Empanada beef,fndds_empanada_beef,en,usda_fndds_generated
beef Empanada,fndds_empanada_beef,en,usda_fndds_generated
Cornbread stuffing,fndds_cornbread_stuffing,en,usda_fndds_exact
"Crepe, with meat",fndds_crepe_with_meat,en,usda_fndds_exact
Crepe with meat,fndds_crepe_with_meat,en,usda_fndds_generated
Pad Thai with meat,fndds_pad_thai_with_meat,en,usda_fndds_exact
"Lo mein, meatless",fndds_lo_mein_meatless,en,usda_fndds_exact
Lo mein meatless,fndds_lo_mein_meatless,en,usda_fndds_generated
meatless Lo mein,fndds_lo_mein_meatless,en,usda_fndds_generated
Pad Thai with chicken,fndds_pad_thai_with_chicken,en,usda_fndds_exact
Pad Thai with seafood,fndds_pad_thai_with_seafood,en,usda_fndds_exact
"Lo mein, with pork",fndds_lo_mein_with_pork,en,usda_fndds_exact
Lo mein with pork,fndds_lo_mein_with_pork,en,usda_fndds_generated
"Lo mein, with beef",fndds_lo_mein_with_beef,en,usda_fndds_exact
Lo mein with beef,fndds_lo_mein_with_beef,en,usda_fndds_generated
"Pad Thai, meatless",fndds_pad_thai_meatless,en,usda_fndds_exact
Pad Thai meatless,fndds_pad_thai_meatless,en,usda_fndds_generated
meatless Pad Thai,fndds_pad_thai_meatless,en,usda_fndds_generated
"Lo mein, with shrimp",fndds_lo_mein_with_shrimp,en,usda_fndds_exact
Lo mein with shrimp,fndds_lo_mein_with_shrimp,en,usda_fndds_generated
"Lo mein, with chicken",fndds_lo_mein_with_chicken,en,usda_fndds_exact
Lo mein with chicken,fndds_lo_mein_with_chicken,en,usda_fndds_generated
"Rice, fried, meatless",fndds_rice_fried_meatless,en,usda_fndds_exact
Rice fried meatless,fndds_rice_fried_meatless,en,usda_fndds_generated
meatless fried Rice,fndds_rice_fried_meatless,en,usda_fndds_generated
Hunan beef,fndds_hunan_beef,en,usda_fndds_exact
Szechuan beef,fndds_szechuan_beef,en,usda_fndds_exact
Kung Pao beef,fndds_kung_pao_beef,en,usda_fndds_exact
Kung Pao pork,fndds_kung_pao_pork,en,usda_fndds_exact
Steak teriyaki,fndds_steak_teriyaki,en,usda_fndds_exact
Orange chicken,fndds_orange_chicken,en,usda_fndds_exact
Sesame chicken,fndds_sesame_chicken,en,usda_fndds_exact
Almond chicken,fndds_almond_chicken,en,usda_fndds_exact
Shrimp teriyaki,fndds_shrimp_teriyaki,en,usda_fndds_exact
Moo Goo Gai Pan,fndds_moo_goo_gai_pan,en,usda_fndds_exact
Kung Pao shrimp,fndds_kung_pao_shrimp,en,usda_fndds_exact
Kung pao chicken,fndds_kung_pao_chicken,en,usda_fndds_exact
Beef and broccoli,fndds_beef_and_broccoli,en,usda_fndds_exact
Pork egg foo yung,fndds_pork_egg_foo_yung,en,usda_fndds_exact
Bao bun,fndds_bao_bun,en,usda_fndds_exact
Sushi roll tuna,fndds_sushi_roll_tuna,en,usda_fndds_exact
"Sushi roll, eel",fndds_sushi_roll_eel,en,usda_fndds_exact
Sushi roll eel,fndds_sushi_roll_eel,en,usda_fndds_generated
eel Sushi roll,fndds_sushi_roll_eel,en,usda_fndds_generated
"Bao bun, no meat",fndds_bao_bun_no_meat,en,usda_fndds_exact
Bao bun no meat,fndds_bao_bun_no_meat,en,usda_fndds_generated
no meat Bao bun,fndds_bao_bun_no_meat,en,usda_fndds_generated
"Egg roll, meatless",fndds_egg_roll_meatless,en,usda_fndds_exact
Egg roll meatless,fndds_egg_roll_meatless,en,usda_fndds_generated
meatless Egg roll,fndds_egg_roll_meatless,en,usda_fndds_generated
"Sushi roll, salmon",fndds_sushi_roll_salmon,en,usda_fndds_exact
Sushi roll salmon,fndds_sushi_roll_salmon,en,usda_fndds_generated
salmon Sushi roll,fndds_sushi_roll_salmon,en,usda_fndds_generated
"Sushi roll, shrimp",fndds_sushi_roll_shrimp,en,usda_fndds_exact
Sushi roll shrimp,fndds_sushi_roll_shrimp,en,usda_fndds_generated
shrimp Sushi roll,fndds_sushi_roll_shrimp,en,usda_fndds_generated
"Sushi roll, avocado",fndds_sushi_roll_avocado,en,usda_fndds_exact
Sushi roll avocado,fndds_sushi_roll_avocado,en,usda_fndds_generated
avocado Sushi roll,fndds_sushi_roll_avocado,en,usda_fndds_generated
"Taco, fish",fndds_taco_fish,en,usda_fndds_exact
Taco fish,fndds_taco_fish,en,usda_fndds_generated
fish Taco,fndds_taco_fish,en,usda_fndds_generated
"Taco, cheese only",fndds_taco_cheese_only,en,usda_fndds_exact
Taco cheese only,fndds_taco_cheese_only,en,usda_fndds_generated
cheese only Taco,fndds_taco_cheese_only,en,usda_fndds_generated
"Burrito, cheese only",fndds_burrito_cheese_only,en,usda_fndds_exact
Burrito cheese only,fndds_burrito_cheese_only,en,usda_fndds_generated
cheese only Burrito,fndds_burrito_cheese_only,en,usda_fndds_generated
"Taco, meat, no cheese",fndds_taco_meat_no_cheese,en,usda_fndds_exact
Taco meat no cheese,fndds_taco_meat_no_cheese,en,usda_fndds_generated
no cheese meat Taco,fndds_taco_meat_no_cheese,en,usda_fndds_generated
"Burrito, beef, cheese",fndds_burrito_beef_cheese,en,usda_fndds_exact
Burrito beef cheese,fndds_burrito_beef_cheese,en,usda_fndds_generated
cheese beef Burrito,fndds_burrito_beef_cheese,en,usda_fndds_generated
"Burrito, pork, cheese",fndds_burrito_pork_cheese,en,usda_fndds_exact
Burrito pork cheese,fndds_burrito_pork_cheese,en,usda_fndds_generated
cheese pork Burrito,fndds_burrito_pork_cheese,en,usda_fndds_generated
Taco or tostada salad with meat,fndds_taco_or_tostada_salad_with_meat,en,usda_fndds_exact
"Burrito, chicken, cheese",fndds_burrito_chicken_cheese,en,usda_fndds_exact
Burrito chicken cheese,fndds_burrito_chicken_cheese,en,usda_fndds_generated
cheese chicken Burrito,fndds_burrito_chicken_cheese,en,usda_fndds_generated
"Burrito, meat, no cheese",fndds_burrito_meat_no_cheese,en,usda_fndds_exact
Burrito meat no cheese,fndds_burrito_meat_no_cheese,en,usda_fndds_generated
no cheese meat Burrito,fndds_burrito_meat_no_cheese,en,usda_fndds_generated
Taco or tostada salad with chicken,fndds_taco_or_tostada_salad_with_chicken,en,usda_fndds_exact
"Taco, with beans, no cheese",fndds_taco_with_beans_no_cheese,en,usda_fndds_exact
Taco with beans no cheese,fndds_taco_with_beans_no_cheese,en,usda_fndds_generated
"Burrito, with beans, cheese",fndds_burrito_with_beans_cheese,en,usda_fndds_exact
Burrito with beans cheese,fndds_burrito_with_beans_cheese,en,usda_fndds_generated
"Nachos, chicken",fndds_nachos_chicken,en,usda_fndds_exact
Nachos chicken,fndds_nachos_chicken,en,usda_fndds_generated
chicken Nachos,fndds_nachos_chicken,en,usda_fndds_generated
"Nachos, with beans",fndds_nachos_with_beans,en,usda_fndds_exact
Nachos with beans,fndds_nachos_with_beans,en,usda_fndds_generated
"Nachos, cheese only",fndds_nachos_cheese_only,en,usda_fndds_exact
Nachos cheese only,fndds_nachos_cheese_only,en,usda_fndds_generated
cheese only Nachos,fndds_nachos_cheese_only,en,usda_fndds_generated
"Nachos, beef or pork",fndds_nachos_beef_or_pork,en,usda_fndds_exact
Nachos beef or pork,fndds_nachos_beef_or_pork,en,usda_fndds_generated
Frito pie,fndds_frito_pie,en,usda_fndds_exact
Chilaquiles,fndds_chilaquiles,en,usda_fndds_exact
Mexican pizza,fndds_mexican_pizza,en,usda_fndds_exact
"Tamale, beef",fndds_tamale_beef,en,usda_fndds_exact
Tamale beef,fndds_tamale_beef,en,usda_fndds_generated
beef Tamale,fndds_tamale_beef,en,usda_fndds_generated
"Tamale, pork",fndds_tamale_pork,en,usda_fndds_exact
Tamale pork,fndds_tamale_pork,en,usda_fndds_generated
"Pupusa, meat",fndds_pupusa_meat,en,usda_fndds_exact
Pupusa meat,fndds_pupusa_meat,en,usda_fndds_generated
meat Pupusa,fndds_pupusa_meat,en,usda_fndds_generated
"Gordita, meat",fndds_gordita_meat,en,usda_fndds_exact
Gordita meat,fndds_gordita_meat,en,usda_fndds_generated
meat Gordita,fndds_gordita_meat,en,usda_fndds_generated
"Fajita, shrimp",fndds_fajita_shrimp,en,usda_fndds_exact
Fajita shrimp,fndds_fajita_shrimp,en,usda_fndds_generated
shrimp Fajita,fndds_fajita_shrimp,en,usda_fndds_generated
"Enchilada, beef",fndds_enchilada_beef,en,usda_fndds_exact
Enchilada beef,fndds_enchilada_beef,en,usda_fndds_generated
beef Enchilada,fndds_enchilada_beef,en,usda_fndds_generated
"Enchilada, pork",fndds_enchilada_pork,en,usda_fndds_exact
Enchilada pork,fndds_enchilada_pork,en,usda_fndds_generated
pork Enchilada,fndds_enchilada_pork,en,usda_fndds_generated
"Tamale, chicken",fndds_tamale_chicken,en,usda_fndds_exact
Tamale chicken,fndds_tamale_chicken,en,usda_fndds_generated
chicken Tamale,fndds_tamale_chicken,en,usda_fndds_generated
"Tamale, no meat",fndds_tamale_no_meat,en,usda_fndds_exact
Tamale no meat,fndds_tamale_no_meat,en,usda_fndds_generated
no meat Tamale,fndds_tamale_no_meat,en,usda_fndds_generated
Pizza rolls,fndds_pizza_rolls,en,usda_fndds_exact
Topping from meat pizza,fndds_topping_from_meat_pizza,en,usda_fndds_exact
Topping from cheese pizza,fndds_topping_from_cheese_pizza,en,usda_fndds_exact
Topping from vegetable pizza,fndds_topping_from_vegetable_pizza,en,usda_fndds_exact
"Calzone, with meat and cheese",fndds_calzone_with_meat_and_cheese,en,usda_fndds_exact
Calzone with meat and cheese,fndds_calzone_with_meat_and_cheese,en,usda_fndds_generated
"Pizza, cheese, stuffed crust",fndds_pizza_cheese_stuffed_crust,en,usda_fndds_exact
Pizza cheese stuffed crust,fndds_pizza_cheese_stuffed_crust,en,usda_fndds_generated
stuffed crust cheese Pizza,fndds_pizza_cheese_stuffed_crust,en,usda_fndds_generated
"Pizza, no cheese, thin crust",fndds_pizza_no_cheese_thin_crust,en,usda_fndds_exact
Pizza no cheese thin crust,fndds_pizza_no_cheese_thin_crust,en,usda_fndds_generated
thin crust no cheese Pizza,fndds_pizza_no_cheese_thin_crust,en,usda_fndds_generated
"Pizza, no cheese, thick crust",fndds_pizza_no_cheese_thick_crust,en,usda_fndds_exact
Pizza no cheese thick crust,fndds_pizza_no_cheese_thick_crust,en,usda_fndds_generated
thick crust no cheese Pizza,fndds_pizza_no_cheese_thick_crust,en,usda_fndds_generated
"Pizza with extra meat, thin crust",fndds_pizza_with_extra_meat_thin_crust,en,usda_fndds_exact
Pizza with extra meat thin crust,fndds_pizza_with_extra_meat_thin_crust,en,usda_fndds_generated
Topping from meat and vegetable pizza,fndds_topping_from_meat_and_vegetable_pizza,en,usda_fndds_exact
"Calzone, with cheese, meatless",fndds_calzone_with_cheese_meatless,en,usda_fndds_exact
Calzone with cheese meatless,fndds_calzone_with_cheese_meatless,en,usda_fndds_generated
"Pizza with extra meat, thick crust",fndds_pizza_with_extra_meat_thick_crust,en,usda_fndds_exact
Pizza with extra meat thick crust,fndds_pizza_with_extra_meat_thick_crust,en,usda_fndds_generated
"Pizza, extra cheese, thin crust",fndds_pizza_extra_cheese_thin_crust,en,usda_fndds_exact
Pizza extra cheese thin crust,fndds_pizza_extra_cheese_thin_crust,en,usda_fndds_generated
thin crust extra cheese Pizza,fndds_pizza_extra_cheese_thin_crust,en,usda_fndds_generated
"White pizza, cheese, thin crust",fndds_white_pizza_cheese_thin_crust,en,usda_fndds_exact
White pizza cheese thin crust,fndds_white_pizza_cheese_thin_crust,en,usda_fndds_generated
thin crust cheese White pizza,fndds_white_pizza_cheese_thin_crust,en,usda_fndds_generated
"Pizza with pepperoni, stuffed crust",fndds_pizza_with_pepperoni_stuffed_crust,en,usda_fndds_exact
Pizza with pepperoni stuffed crust,fndds_pizza_with_pepperoni_stuffed_crust,en,usda_fndds_generated
"Pizza with extra meat, medium crust",fndds_pizza_with_extra_meat_medium_crust,en,usda_fndds_exact
Pizza with extra meat medium crust,fndds_pizza_with_extra_meat_medium_crust,en,usda_fndds_generated
Hamburger slider,fndds_hamburger_slider,en,usda_fndds_exact
Cheeseburger slider,fndds_cheeseburger_slider,en,usda_fndds_exact
Big Mac (McDonalds),fndds_big_mac_mcdonalds,en,usda_fndds_exact
Big Mac McDonalds,fndds_big_mac_mcdonalds,en,usda_fndds_generated
McDouble (McDonalds),fndds_mcdouble_mcdonalds,en,usda_fndds_exact
McDouble McDonalds,fndds_mcdouble_mcdonalds,en,usda_fndds_generated
Hamburger (McDonalds),fndds_hamburger_mcdonalds,en,usda_fndds_exact
Hamburger McDonalds,fndds_hamburger_mcdonalds,en,usda_fndds_generated
Whopper (Burger King),fndds_whopper_burger_king,en,usda_fndds_exact
Whopper Burger King,fndds_whopper_burger_king,en,usda_fndds_generated
Hamburger (Burger King),fndds_hamburger_burger_king,en,usda_fndds_exact
Hamburger Burger King,fndds_hamburger_burger_king,en,usda_fndds_generated
Cheeseburger (McDonalds),fndds_cheeseburger_mcdonalds,en,usda_fndds_exact
Cheeseburger McDonalds,fndds_cheeseburger_mcdonalds,en,usda_fndds_generated
Whopper Jr (Burger King),fndds_whopper_jr_burger_king,en,usda_fndds_exact
Whopper Jr Burger King,fndds_whopper_jr_burger_king,en,usda_fndds_generated
Cheeseburger (Burger King),fndds_cheeseburger_burger_king,en,usda_fndds_exact
Cheeseburger Burger King,fndds_cheeseburger_burger_king,en,usda_fndds_generated
Quarter Pounder (McDonalds),fndds_quarter_pounder_mcdonalds,en,usda_fndds_exact
Quarter Pounder McDonalds,fndds_quarter_pounder_mcdonalds,en,usda_fndds_generated
Double cheeseburger (McDonalds),fndds_double_cheeseburger_mcdonalds,en,usda_fndds_exact
Double cheeseburger McDonalds,fndds_double_cheeseburger_mcdonalds,en,usda_fndds_generated
Whopper with cheese (Burger King),fndds_whopper_with_cheese_burger_king,en,usda_fndds_exact
Whopper with cheese Burger King,fndds_whopper_with_cheese_burger_king,en,usda_fndds_generated
Double cheeseburger (Burger King),fndds_double_cheeseburger_burger_king,en,usda_fndds_exact
Double cheeseburger Burger King,fndds_double_cheeseburger_burger_king,en,usda_fndds_generated
Corn dog,fndds_corn_dog,en,usda_fndds_exact
Pig in a blanket,fndds_pig_in_a_blanket,en,usda_fndds_exact
Italian sausage sandwich on white,fndds_italian_sausage_sandwich_on_white,en,usda_fndds_exact
"Chili hot dog sandwich, on white bun",fndds_chili_hot_dog_sandwich_on_white_bun,en,usda_fndds_exact
Chili hot dog sandwich on white bun,fndds_chili_hot_dog_sandwich_on_white_bun,en,usda_fndds_generated
on white bun Chili hot dog sandwich,fndds_chili_hot_dog_sandwich_on_white_bun,en,usda_fndds_generated
"Chili hot dog sandwich, on wheat bun",fndds_chili_hot_dog_sandwich_on_wheat_bun,en,usda_fndds_exact
Chili hot dog sandwich on wheat bun,fndds_chili_hot_dog_sandwich_on_wheat_bun,en,usda_fndds_generated
on wheat bun Chili hot dog sandwich,fndds_chili_hot_dog_sandwich_on_wheat_bun,en,usda_fndds_generated
"Chili hot dog sandwich, on white bread",fndds_chili_hot_dog_sandwich_on_white_bread,en,usda_fndds_exact
Chili hot dog sandwich on white bread,fndds_chili_hot_dog_sandwich_on_white_bread,en,usda_fndds_generated
on white bread Chili hot dog sandwich,fndds_chili_hot_dog_sandwich_on_white_bread,en,usda_fndds_generated
"Chili hot dog sandwich, on wheat bread",fndds_chili_hot_dog_sandwich_on_wheat_bread,en,usda_fndds_exact
Chili hot dog sandwich on wheat bread,fndds_chili_hot_dog_sandwich_on_wheat_bread,en,usda_fndds_generated
on wheat bread Chili hot dog sandwich,fndds_chili_hot_dog_sandwich_on_wheat_bread,en,usda_fndds_generated
"Hot dog sandwich, beef, on white bun",fndds_hot_dog_sandwich_beef_on_white_bun,en,usda_fndds_exact
Hot dog sandwich beef on white bun,fndds_hot_dog_sandwich_beef_on_white_bun,en,usda_fndds_generated
on white bun beef Hot dog sandwich,fndds_hot_dog_sandwich_beef_on_white_bun,en,usda_fndds_generated
"Hot dog sandwich, beef, on wheat bun",fndds_hot_dog_sandwich_beef_on_wheat_bun,en,usda_fndds_exact
Hot dog sandwich beef on wheat bun,fndds_hot_dog_sandwich_beef_on_wheat_bun,en,usda_fndds_generated
on wheat bun beef Hot dog sandwich,fndds_hot_dog_sandwich_beef_on_wheat_bun,en,usda_fndds_generated
Chicken salad sandwich wrap,fndds_chicken_salad_sandwich_wrap,en,usda_fndds_exact
Chicken salad sandwich on white,fndds_chicken_salad_sandwich_on_white,en,usda_fndds_exact
Chicken salad sandwich on wheat,fndds_chicken_salad_sandwich_on_wheat,en,usda_fndds_exact
"Chicken fillet sandwich, grilled, on white bun",fndds_chicken_fillet_sandwich_grilled_on_white_bun,en,usda_fndds_exact
Chicken fillet sandwich grilled on white bun,fndds_chicken_fillet_sandwich_grilled_on_white_bun,en,usda_fndds_generated
on white bun grilled Chicken fillet sandwich,fndds_chicken_fillet_sandwich_grilled_on_white_bun,en,usda_fndds_generated
"Chicken fillet sandwich, grilled, on wheat bun",fndds_chicken_fillet_sandwich_grilled_on_wheat_bun,en,usda_fndds_exact
Chicken fillet sandwich grilled on wheat bun,fndds_chicken_fillet_sandwich_grilled_on_wheat_bun,en,usda_fndds_generated
on wheat bun grilled Chicken fillet sandwich,fndds_chicken_fillet_sandwich_grilled_on_wheat_bun,en,usda_fndds_generated
"Chicken fillet biscuit, from fast food",fndds_chicken_fillet_biscuit_from_fast_food,en,usda_fndds_exact
Chicken fillet biscuit from fast food,fndds_chicken_fillet_biscuit_from_fast_food,en,usda_fndds_generated
"Chicken fillet sandwich, fried, on white bun",fndds_chicken_fillet_sandwich_fried_on_white_bun,en,usda_fndds_exact
Chicken fillet sandwich fried on white bun,fndds_chicken_fillet_sandwich_fried_on_white_bun,en,usda_fndds_generated
on white bun fried Chicken fillet sandwich,fndds_chicken_fillet_sandwich_fried_on_white_bun,en,usda_fndds_generated
Egg burrito,fndds_egg_burrito,en,usda_fndds_exact
"Taquito, egg",fndds_taquito_egg,en,usda_fndds_exact
Taquito egg,fndds_taquito_egg,en,usda_fndds_generated
egg Taquito,fndds_taquito_egg,en,usda_fndds_generated
Egg white sandwich,fndds_egg_white_sandwich,en,usda_fndds_exact
Biscuit with gravy,fndds_biscuit_with_gravy,en,usda_fndds_exact
"Quesadilla, egg",fndds_quesadilla_egg,en,usda_fndds_exact
Quesadilla egg,fndds_quesadilla_egg,en,usda_fndds_generated
egg Quesadilla,fndds_quesadilla_egg,en,usda_fndds_generated
Ham biscuit sandwich,fndds_ham_biscuit_sandwich,en,usda_fndds_exact
Egg sandwich on bagel,fndds_egg_sandwich_on_bagel,en,usda_fndds_exact
Bacon biscuit sandwich,fndds_bacon_biscuit_sandwich,en,usda_fndds_exact
Egg sandwich on biscuit,fndds_egg_sandwich_on_biscuit,en,usda_fndds_exact
Sausage biscuit sandwich,fndds_sausage_biscuit_sandwich,en,usda_fndds_exact
Breakfast pizza with egg,fndds_breakfast_pizza_with_egg,en,usda_fndds_exact
"Egg burrito, with ham",fndds_egg_burrito_with_ham,en,usda_fndds_exact
Egg burrito with ham,fndds_egg_burrito_with_ham,en,usda_fndds_generated
"Cheese sandwich, cheddar cheese, on white bread",fndds_cheese_sandwich_cheddar_cheese_on_white_bread,en,usda_fndds_exact
Cheese sandwich cheddar cheese on white bread,fndds_cheese_sandwich_cheddar_cheese_on_white_bread,en,usda_fndds_generated
on white bread cheddar cheese Cheese sandwich,fndds_cheese_sandwich_cheddar_cheese_on_white_bread,en,usda_fndds_generated
"Cheese sandwich, cheddar cheese, on wheat bread",fndds_cheese_sandwich_cheddar_cheese_on_wheat_bread,en,usda_fndds_exact
Cheese sandwich cheddar cheese on wheat bread,fndds_cheese_sandwich_cheddar_cheese_on_wheat_bread,en,usda_fndds_generated
on wheat bread cheddar cheese Cheese sandwich,fndds_cheese_sandwich_cheddar_cheese_on_wheat_bread,en,usda_fndds_generated
"Cheese sandwich, American cheese, on white bread",fndds_cheese_sandwich_american_cheese_on_white_bread,en,usda_fndds_exact
Cheese sandwich American cheese on white bread,fndds_cheese_sandwich_american_cheese_on_white_bread,en,usda_fndds_generated
on white bread American cheese Cheese sandwich,fndds_cheese_sandwich_american_cheese_on_white_bread,en,usda_fndds_generated
"Cheese sandwich, American cheese, on wheat bread",fndds_cheese_sandwich_american_cheese_on_wheat_bread,en,usda_fndds_exact
Cheese sandwich American cheese on wheat bread,fndds_cheese_sandwich_american_cheese_on_wheat_bread,en,usda_fndds_generated
on wheat bread American cheese Cheese sandwich,fndds_cheese_sandwich_american_cheese_on_wheat_bread,en,usda_fndds_generated
"Grilled cheese sandwich, cheddar cheese, on white bread",fndds_grilled_cheese_sandwich_cheddar_cheese_on_white_bread,en,usda_fndds_exact
Grilled cheese sandwich cheddar cheese on white bread,fndds_grilled_cheese_sandwich_cheddar_cheese_on_white_bread,en,usda_fndds_generated
on white bread cheddar cheese Grilled cheese sandwich,fndds_grilled_cheese_sandwich_cheddar_cheese_on_white_bread,en,usda_fndds_generated
"Grilled cheese sandwich, cheddar cheese, on wheat bread",fndds_grilled_cheese_sandwich_cheddar_cheese_on_wheat_bread,en,usda_fndds_exact
Grilled cheese sandwich cheddar cheese on wheat bread,fndds_grilled_cheese_sandwich_cheddar_cheese_on_wheat_bread,en,usda_fndds_generated
on wheat bread cheddar cheese Grilled cheese sandwich,fndds_grilled_cheese_sandwich_cheddar_cheese_on_wheat_bread,en,usda_fndds_generated
Nutella sandwich on white bread,fndds_nutella_sandwich_on_white_bread,en,usda_fndds_exact
Nutella sandwich on wheat bread,fndds_nutella_sandwich_on_wheat_bread,en,usda_fndds_exact
"Jelly sandwich, on white bread",fndds_jelly_sandwich_on_white_bread,en,usda_fndds_exact
Jelly sandwich on white bread,fndds_jelly_sandwich_on_white_bread,en,usda_fndds_generated
on white bread Jelly sandwich,fndds_jelly_sandwich_on_white_bread,en,usda_fndds_generated
"Jelly sandwich, on wheat bread",fndds_jelly_sandwich_on_wheat_bread,en,usda_fndds_exact
Jelly sandwich on wheat bread,fndds_jelly_sandwich_on_wheat_bread,en,usda_fndds_generated
on wheat bread Jelly sandwich,fndds_jelly_sandwich_on_wheat_bread,en,usda_fndds_generated
"Almond butter sandwich, on white bread",fndds_almond_butter_sandwich_on_white_bread,en,usda_fndds_exact
Almond butter sandwich on white bread,fndds_almond_butter_sandwich_on_white_bread,en,usda_fndds_generated
on white bread Almond butter sandwich,fndds_almond_butter_sandwich_on_white_bread,en,usda_fndds_generated
"Almond butter sandwich, on wheat bread",fndds_almond_butter_sandwich_on_wheat_bread,en,usda_fndds_exact
Almond butter sandwich on wheat bread,fndds_almond_butter_sandwich_on_wheat_bread,en,usda_fndds_generated
on wheat bread Almond butter sandwich,fndds_almond_butter_sandwich_on_wheat_bread,en,usda_fndds_generated
"Almond butter and jelly sandwich, on white bread",fndds_almond_butter_and_jelly_sandwich_on_white_bread,en,usda_fndds_exact
Almond butter and jelly sandwich on white bread,fndds_almond_butter_and_jelly_sandwich_on_white_bread,en,usda_fndds_generated
Sardine sandwich,fndds_sardine_sandwich,en,usda_fndds_exact
Crab cake sandwich,fndds_crab_cake_sandwich,en,usda_fndds_exact
Fish wrap sandwich,fndds_fish_wrap_sandwich,en,usda_fndds_exact
Salmon cake sandwich,fndds_salmon_cake_sandwich,en,usda_fndds_exact
"Fish sandwich, grilled",fndds_fish_sandwich_grilled,en,usda_fndds_exact
Fish sandwich grilled,fndds_fish_sandwich_grilled,en,usda_fndds_generated
grilled Fish sandwich,fndds_fish_sandwich_grilled,en,usda_fndds_generated
Fried seafood sandwich,fndds_fried_seafood_sandwich,en,usda_fndds_exact
Seafood salad sandwich,fndds_seafood_salad_sandwich,en,usda_fndds_exact
Spam sandwich,fndds_spam_sandwich,en,usda_fndds_exact
Reuben sandwich,fndds_reuben_sandwich,en,usda_fndds_exact
Ham sandwich wrap,fndds_ham_sandwich_wrap,en,usda_fndds_exact
French dip sandwich,fndds_french_dip_sandwich,en,usda_fndds_exact
Turkey sandwich wrap,fndds_turkey_sandwich_wrap,en,usda_fndds_exact
Ham sandwich on white,fndds_ham_sandwich_on_white,en,usda_fndds_exact
Ham sandwich on wheat,fndds_ham_sandwich_on_wheat,en,usda_fndds_exact
Club sandwich on white,fndds_club_sandwich_on_white,en,usda_fndds_exact
Club sandwich on wheat,fndds_club_sandwich_on_wheat,en,usda_fndds_exact
Turkey sandwich on white,fndds_turkey_sandwich_on_white,en,usda_fndds_exact
Turkey sandwich on wheat,fndds_turkey_sandwich_on_wheat,en,usda_fndds_exact
Salami sandwich on white,fndds_salami_sandwich_on_white,en,usda_fndds_exact
Salami sandwich on wheat,fndds_salami_sandwich_on_wheat,en,usda_fndds_exact
Bologna sandwich on white,fndds_bologna_sandwich_on_white,en,usda_fndds_exact
Gyro sandwich,fndds_gyro_sandwich,en,usda_fndds_exact
Pork sandwich,fndds_pork_sandwich,en,usda_fndds_exact
Cuban sandwich,fndds_cuban_sandwich,en,usda_fndds_exact
Meatloaf sandwich,fndds_meatloaf_sandwich,en,usda_fndds_exact
Barbecue rib sandwich,fndds_barbecue_rib_sandwich,en,usda_fndds_exact
Meatball sandwich or sub,fndds_meatball_sandwich_or_sub,en,usda_fndds_exact
"Pork sandwich, with cheese",fndds_pork_sandwich_with_cheese,en,usda_fndds_exact
Pork sandwich with cheese,fndds_pork_sandwich_with_cheese,en,usda_fndds_generated
Bruschetta,fndds_bruschetta,en,usda_fndds_exact
Falafel sandwich,fndds_falafel_sandwich,en,usda_fndds_exact
Vegetable sandwich wrap,fndds_vegetable_sandwich_wrap,en,usda_fndds_exact
Tomato sandwich on white,fndds_tomato_sandwich_on_white,en,usda_fndds_exact
Tomato sandwich on wheat,fndds_tomato_sandwich_on_wheat,en,usda_fndds_exact
"Soup, bean",fndds_soup_bean,en,usda_fndds_exact
Soup bean,fndds_soup_bean,en,usda_fndds_generated
bean Soup,fndds_soup_bean,en,usda_fndds_generated
"Soup, rice",fndds_soup_rice,en,usda_fndds_exact
Soup rice,fndds_soup_rice,en,usda_fndds_generated
rice Soup,fndds_soup_rice,en,usda_fndds_generated
"Soup, beef",fndds_soup_beef,en,usda_fndds_exact
Soup beef,fndds_soup_beef,en,usda_fndds_generated
beef Soup,fndds_soup_beef,en,usda_fndds_generated
"Soup, broth",fndds_soup_broth,en,usda_fndds_exact
Soup broth,fndds_soup_broth,en,usda_fndds_generated
broth Soup,fndds_soup_broth,en,usda_fndds_generated
"Soup, fruit",fndds_soup_fruit,en,usda_fndds_exact
Soup fruit,fndds_soup_fruit,en,usda_fndds_generated
fruit Soup,fndds_soup_fruit,en,usda_fndds_generated
"Soup, pozole",fndds_soup_pozole,en,usda_fndds_exact
Soup pozole,fndds_soup_pozole,en,usda_fndds_generated
pozole Soup,fndds_soup_pozole,en,usda_fndds_generated
"Soup, lentil",fndds_soup_lentil,en,usda_fndds_exact
Soup lentil,fndds_soup_lentil,en,usda_fndds_generated
"Soup, barley",fndds_soup_barley,en,usda_fndds_exact
Soup barley,fndds_soup_barley,en,usda_fndds_generated
barley Soup,fndds_soup_barley,en,usda_fndds_generated
"Soup, tomato",fndds_soup_tomato,en,usda_fndds_exact
Soup tomato,fndds_soup_tomato,en,usda_fndds_generated
tomato Soup,fndds_soup_tomato,en,usda_fndds_generated
"Soup, borscht",fndds_soup_borscht,en,usda_fndds_exact
Soup borscht,fndds_soup_borscht,en,usda_fndds_generated
borscht Soup,fndds_soup_borscht,en,usda_fndds_generated
"Soup, meatball",fndds_soup_meatball,en,usda_fndds_exact
Soup meatball,fndds_soup_meatball,en,usda_fndds_generated
meatball Soup,fndds_soup_meatball,en,usda_fndds_generated
"Soup, bisque",fndds_soup_bisque,en,usda_fndds_exact
Soup bisque,fndds_soup_bisque,en,usda_fndds_generated
bisque Soup,fndds_soup_bisque,en,usda_fndds_generated
"Soup, peanut",fndds_soup_peanut,en,usda_fndds_exact
Soup peanut,fndds_soup_peanut,en,usda_fndds_generated
peanut Soup,fndds_soup_peanut,en,usda_fndds_generated
"Soup, potato",fndds_soup_potato,en,usda_fndds_exact
Soup potato,fndds_soup_potato,en,usda_fndds_generated
potato Soup,fndds_soup_potato,en,usda_fndds_generated
"Soup, pumpkin",fndds_soup_pumpkin,en,usda_fndds_exact
Soup pumpkin,fndds_soup_pumpkin,en,usda_fndds_generated
pumpkin Soup,fndds_soup_pumpkin,en,usda_fndds_generated
"Soup, pepperpot",fndds_soup_pepperpot,en,usda_fndds_exact
Soup pepperpot,fndds_soup_pepperpot,en,usda_fndds_generated
pepperpot Soup,fndds_soup_pepperpot,en,usda_fndds_generated
"Soup, French onion",fndds_soup_french_onion,en,usda_fndds_exact
Soup French onion,fndds_soup_french_onion,en,usda_fndds_generated
French onion Soup,fndds_soup_french_onion,en,usda_fndds_generated
"Soup, wonton",fndds_soup_wonton,en,usda_fndds_exact
Soup wonton,fndds_soup_wonton,en,usda_fndds_generated
wonton Soup,fndds_soup_wonton,en,usda_fndds_generated
"Soup, seaweed",fndds_soup_seaweed,en,usda_fndds_exact
Soup seaweed,fndds_soup_seaweed,en,usda_fndds_generated
seaweed Soup,fndds_soup_seaweed,en,usda_fndds_generated
"Soup, egg drop",fndds_soup_egg_drop,en,usda_fndds_exact
Soup egg drop,fndds_soup_egg_drop,en,usda_fndds_generated
egg drop Soup,fndds_soup_egg_drop,en,usda_fndds_generated
Ramen bowl with beef,fndds_ramen_bowl_with_beef,en,usda_fndds_exact
Ramen bowl with fish,fndds_ramen_bowl_with_fish,en,usda_fndds_exact
"Soup, hot and sour",fndds_soup_hot_and_sour,en,usda_fndds_exact
Soup hot and sour,fndds_soup_hot_and_sour,en,usda_fndds_generated
Congee,fndds_congee,en,usda_fndds_exact
"Rice, cooked, with milk",fndds_rice_cooked_with_milk,en,usda_fndds_exact
Rice cooked with milk,fndds_rice_cooked_with_milk,en,usda_fndds_generated
"Rice, sweet, cooked with honey",fndds_rice_sweet_cooked_with_honey,en,usda_fndds_exact
Rice sweet cooked with honey,fndds_rice_sweet_cooked_with_honey,en,usda_fndds_generated
"Yellow rice, cooked, fat added",fndds_yellow_rice_cooked_fat_added,en,usda_fndds_exact
Yellow rice cooked fat added,fndds_yellow_rice_cooked_fat_added,en,usda_fndds_generated
"Yellow rice, cooked, no added fat",fndds_yellow_rice_cooked_no_added_fat,en,usda_fndds_exact
Yellow rice cooked no added fat,fndds_yellow_rice_cooked_no_added_fat,en,usda_fndds_generated
"Rice, white, cooked, glutinous",fndds_rice_white_cooked_glutinous,en,usda_fndds_exact
Rice white cooked glutinous,fndds_rice_white_cooked_glutinous,en,usda_fndds_generated
glutinous cooked white Rice,fndds_rice_white_cooked_glutinous,en,usda_fndds_generated
"Rice, white, cooked, no added fat",fndds_rice_white_cooked_no_added_fat,en,usda_fndds_exact
Rice white cooked no added fat,fndds_rice_white_cooked_no_added_fat,en,usda_fndds_generated
"Rice, brown, cooked, no added fat",fndds_rice_brown_cooked_no_added_fat,en,usda_fndds_exact
Rice brown cooked no added fat,fndds_rice_brown_cooked_no_added_fat,en,usda_fndds_generated
Barley,fndds_barley,en,usda_fndds_exact
Millet,fndds_millet,en,usda_fndds_exact
"Noodles, cooked",fndds_noodles_cooked,en,usda_fndds_exact
Noodles cooked,fndds_noodles_cooked,en,usda_fndds_generated
cooked Noodles,fndds_noodles_cooked,en,usda_fndds_generated
Buckwheat groats,fndds_buckwheat_groats,en,usda_fndds_exact
"Rice noodles, cooked",fndds_rice_noodles_cooked,en,usda_fndds_exact
Rice noodles cooked,fndds_rice_noodles_cooked,en,usda_fndds_generated
cooked Rice noodles,fndds_rice_noodles_cooked,en,usda_fndds_generated
"Quinoa, fat added",fndds_quinoa_fat_added,en,usda_fndds_exact
Quinoa fat added,fndds_quinoa_fat_added,en,usda_fndds_generated
"Bulgur, fat added",fndds_bulgur_fat_added,en,usda_fndds_exact
Bulgur fat added,fndds_bulgur_fat_added,en,usda_fndds_generated
"Bread, rye",fndds_bread_rye,en,usda_fndds_exact
Bread rye,fndds_bread_rye,en,usda_fndds_generated
rye Bread,fndds_bread_rye,en,usda_fndds_generated
"Bread, soy",fndds_bread_soy,en,usda_fndds_exact
Bread soy,fndds_bread_soy,en,usda_fndds_generated
soy Bread,fndds_bread_soy,en,usda_fndds_generated
"Bread, naan",fndds_bread_naan,en,usda_fndds_exact
Bread naan,fndds_bread_naan,en,usda_fndds_generated
naan Bread,fndds_bread_naan,en,usda_fndds_generated
"Bread, pita",fndds_bread_pita,en,usda_fndds_exact
Bread pita,fndds_bread_pita,en,usda_fndds_generated
"Bread, puri",fndds_bread_puri,en,usda_fndds_exact
Bread puri,fndds_bread_puri,en,usda_fndds_generated
puri Bread,fndds_bread_puri,en,usda_fndds_generated
"Bread, rice",fndds_bread_rice,en,usda_fndds_exact
Bread rice,fndds_bread_rice,en,usda_fndds_generated
rice Bread,fndds_bread_rice,en,usda_fndds_generated
"Bread, Cuban",fndds_bread_cuban,en,usda_fndds_exact
Bread Cuban,fndds_bread_cuban,en,usda_fndds_generated
Cuban Bread,fndds_bread_cuban,en,usda_fndds_generated
"Bread, onion",fndds_bread_onion,en,usda_fndds_exact
Bread onion,fndds_bread_onion,en,usda_fndds_generated
onion Bread,fndds_bread_onion,en,usda_fndds_generated
"Bread, black",fndds_bread_black,en,usda_fndds_exact
Bread black,fndds_bread_black,en,usda_fndds_generated
black Bread,fndds_bread_black,en,usda_fndds_generated
"Bread, cheese",fndds_bread_cheese,en,usda_fndds_exact
Bread cheese,fndds_bread_cheese,en,usda_fndds_generated
cheese Bread,fndds_bread_cheese,en,usda_fndds_generated
"Bread, potato",fndds_bread_potato,en,usda_fndds_exact
Bread potato,fndds_bread_potato,en,usda_fndds_generated
potato Bread,fndds_bread_potato,en,usda_fndds_generated
"Bread, raisin",fndds_bread_raisin,en,usda_fndds_exact
Bread raisin,fndds_bread_raisin,en,usda_fndds_generated
raisin Bread,fndds_bread_raisin,en,usda_fndds_generated
"Bread, barley",fndds_bread_barley,en,usda_fndds_exact
Bread barley,fndds_bread_barley,en,usda_fndds_generated
barley Bread,fndds_bread_barley,en,usda_fndds_generated
"Bread, paratha",fndds_bread_paratha,en,usda_fndds_exact
Bread paratha,fndds_bread_paratha,en,usda_fndds_generated
paratha Bread,fndds_bread_paratha,en,usda_fndds_generated
"Bread, oatmeal",fndds_bread_oatmeal,en,usda_fndds_exact
Bread oatmeal,fndds_bread_oatmeal,en,usda_fndds_generated
oatmeal Bread,fndds_bread_oatmeal,en,usda_fndds_generated
"Bread, cinnamon",fndds_bread_cinnamon,en,usda_fndds_exact
Bread cinnamon,fndds_bread_cinnamon,en,usda_fndds_generated
cinnamon Bread,fndds_bread_cinnamon,en,usda_fndds_generated
"Bread, oat bran",fndds_bread_oat_bran,en,usda_fndds_exact
Bread oat bran,fndds_bread_oat_bran,en,usda_fndds_generated
oat bran Bread,fndds_bread_oat_bran,en,usda_fndds_generated
"Bread, vegetable",fndds_bread_vegetable,en,usda_fndds_exact
Bread vegetable,fndds_bread_vegetable,en,usda_fndds_generated
vegetable Bread,fndds_bread_vegetable,en,usda_fndds_generated
"Roll, rye",fndds_roll_rye,en,usda_fndds_exact
Roll rye,fndds_roll_rye,en,usda_fndds_generated
rye Roll,fndds_roll_rye,en,usda_fndds_generated
"Roll, diet",fndds_roll_diet,en,usda_fndds_exact
Roll diet,fndds_roll_diet,en,usda_fndds_generated
diet Roll,fndds_roll_diet,en,usda_fndds_generated
"Roll, cheese",fndds_roll_cheese,en,usda_fndds_exact
Roll cheese,fndds_roll_cheese,en,usda_fndds_generated
cheese Roll,fndds_roll_cheese,en,usda_fndds_generated
"Roll, garlic",fndds_roll_garlic,en,usda_fndds_exact
Roll garlic,fndds_roll_garlic,en,usda_fndds_generated
garlic Roll,fndds_roll_garlic,en,usda_fndds_generated
"Roll, oatmeal",fndds_roll_oatmeal,en,usda_fndds_exact
Roll oatmeal,fndds_roll_oatmeal,en,usda_fndds_generated
oatmeal Roll,fndds_roll_oatmeal,en,usda_fndds_generated
"Roll, egg bread",fndds_roll_egg_bread,en,usda_fndds_exact
Roll egg bread,fndds_roll_egg_bread,en,usda_fndds_generated
egg bread Roll,fndds_roll_egg_bread,en,usda_fndds_generated
"Roll, sour dough",fndds_roll_sour_dough,en,usda_fndds_exact
Roll sour dough,fndds_roll_sour_dough,en,usda_fndds_generated
sour dough Roll,fndds_roll_sour_dough,en,usda_fndds_generated
"Roll, multigrain",fndds_roll_multigrain,en,usda_fndds_exact
Roll multigrain,fndds_roll_multigrain,en,usda_fndds_generated
multigrain Roll,fndds_roll_multigrain,en,usda_fndds_generated
"Roll, whole wheat",fndds_roll_whole_wheat,en,usda_fndds_exact
Roll whole wheat,fndds_roll_whole_wheat,en,usda_fndds_generated
whole wheat Roll,fndds_roll_whole_wheat,en,usda_fndds_generated
"Roll, gluten free",fndds_roll_gluten_free,en,usda_fndds_exact
Roll gluten free,fndds_roll_gluten_free,en,usda_fndds_generated
gluten free Roll,fndds_roll_gluten_free,en,usda_fndds_generated
Bagel,fndds_bagel,en,usda_fndds_exact
"Bagel, wheat",fndds_bagel_wheat,en,usda_fndds_exact
Bagel wheat,fndds_bagel_wheat,en,usda_fndds_generated
wheat Bagel,fndds_bagel_wheat,en,usda_fndds_generated
"Muffin, English",fndds_muffin_english,en,usda_fndds_exact
Muffin English,fndds_muffin_english,en,usda_fndds_generated
English Muffin,fndds_muffin_english,en,usda_fndds_generated
"Bagel, oat bran",fndds_bagel_oat_bran,en,usda_fndds_exact
Bagel oat bran,fndds_bagel_oat_bran,en,usda_fndds_generated
oat bran Bagel,fndds_bagel_oat_bran,en,usda_fndds_generated
"Bagel, wheat bran",fndds_bagel_wheat_bran,en,usda_fndds_exact
Bagel wheat bran,fndds_bagel_wheat_bran,en,usda_fndds_generated
wheat bran Bagel,fndds_bagel_wheat_bran,en,usda_fndds_generated
"Bagel, multigrain",fndds_bagel_multigrain,en,usda_fndds_exact
Bagel multigrain,fndds_bagel_multigrain,en,usda_fndds_generated
multigrain Bagel,fndds_bagel_multigrain,en,usda_fndds_generated
"Bagel, whole wheat",fndds_bagel_whole_wheat,en,usda_fndds_exact
Bagel whole wheat,fndds_bagel_whole_wheat,en,usda_fndds_generated
whole wheat Bagel,fndds_bagel_whole_wheat,en,usda_fndds_generated
"Bagel, with raisins",fndds_bagel_with_raisins,en,usda_fndds_exact
Bagel with raisins,fndds_bagel_with_raisins,en,usda_fndds_generated
"Bagel, pumpernickel",fndds_bagel_pumpernickel,en,usda_fndds_exact
Bagel pumpernickel,fndds_bagel_pumpernickel,en,usda_fndds_generated
pumpernickel Bagel,fndds_bagel_pumpernickel,en,usda_fndds_generated
"Tortilla, corn",fndds_tortilla_corn,en,usda_fndds_exact
Tortilla corn,fndds_tortilla_corn,en,usda_fndds_generated
corn Tortilla,fndds_tortilla_corn,en,usda_fndds_generated
"Tortilla, flour",fndds_tortilla_flour,en,usda_fndds_exact
Tortilla flour,fndds_tortilla_flour,en,usda_fndds_generated
flour Tortilla,fndds_tortilla_flour,en,usda_fndds_generated
"Taco shell, corn",fndds_taco_shell_corn,en,usda_fndds_exact
Taco shell corn,fndds_taco_shell_corn,en,usda_fndds_generated
corn Taco shell,fndds_taco_shell_corn,en,usda_fndds_generated
"Taco shell, flour",fndds_taco_shell_flour,en,usda_fndds_exact
Taco shell flour,fndds_taco_shell_flour,en,usda_fndds_generated
flour Taco shell,fndds_taco_shell_flour,en,usda_fndds_generated
Scone,fndds_scone,en,usda_fndds_exact
Popover,fndds_popover,en,usda_fndds_exact
Hush puppy,fndds_hush_puppy,en,usda_fndds_exact
Johnnycake,fndds_johnnycake,en,usda_fndds_exact
Spoonbread,fndds_spoonbread,en,usda_fndds_exact
"Muffin, plain",fndds_muffin_plain,en,usda_fndds_exact
Muffin plain,fndds_muffin_plain,en,usda_fndds_generated
plain Muffin,fndds_muffin_plain,en,usda_fndds_generated
"Bread, nut",fndds_bread_nut,en,usda_fndds_exact
Bread nut,fndds_bread_nut,en,usda_fndds_generated
nut Bread,fndds_bread_nut,en,usda_fndds_generated
"Corn pone, baked",fndds_corn_pone_baked,en,usda_fndds_exact
Corn pone baked,fndds_corn_pone_baked,en,usda_fndds_generated
baked Corn pone,fndds_corn_pone_baked,en,usda_fndds_generated
"Bread, fruit",fndds_bread_fruit,en,usda_fndds_exact
Bread fruit,fndds_bread_fruit,en,usda_fndds_generated
fruit Bread,fndds_bread_fruit,en,usda_fndds_generated
Arepa Dominicana,fndds_arepa_dominicana,en,usda_fndds_exact
"Muffin, fruit",fndds_muffin_fruit,en,usda_fndds_exact
Muffin fruit,fndds_muffin_fruit,en,usda_fndds_generated
fruit Muffin,fndds_muffin_fruit,en,usda_fndds_generated
"Muffin, wheat",fndds_muffin_wheat,en,usda_fndds_exact
Muffin wheat,fndds_muffin_wheat,en,usda_fndds_generated
wheat Muffin,fndds_muffin_wheat,en,usda_fndds_generated
"Dosa, plain",fndds_dosa_plain,en,usda_fndds_exact
Dosa plain,fndds_dosa_plain,en,usda_fndds_generated
plain Dosa,fndds_dosa_plain,en,usda_fndds_generated
"Crepe, plain",fndds_crepe_plain,en,usda_fndds_exact
Crepe plain,fndds_crepe_plain,en,usda_fndds_generated
plain Crepe,fndds_crepe_plain,en,usda_fndds_generated
"Waffle, plain",fndds_waffle_plain,en,usda_fndds_exact
Waffle plain,fndds_waffle_plain,en,usda_fndds_generated
plain Waffle,fndds_waffle_plain,en,usda_fndds_generated
"Pancakes, plain",fndds_pancakes_plain,en,usda_fndds_exact
Pancakes plain,fndds_pancakes_plain,en,usda_fndds_generated
plain Pancakes,fndds_pancakes_plain,en,usda_fndds_generated
Chinese pancake,fndds_chinese_pancake,en,usda_fndds_exact
"Waffle, fruit",fndds_waffle_fruit,en,usda_fndds_exact
Waffle fruit,fndds_waffle_fruit,en,usda_fndds_generated
fruit Waffle,fndds_waffle_fruit,en,usda_fndds_generated
"Pancakes, fruit",fndds_pancakes_fruit,en,usda_fndds_exact
Pancakes fruit,fndds_pancakes_fruit,en,usda_fndds_generated
fruit Pancakes,fndds_pancakes_fruit,en,usda_fndds_generated
"French toast, plain",fndds_french_toast_plain,en,usda_fndds_exact
French toast plain,fndds_french_toast_plain,en,usda_fndds_generated
plain French toast,fndds_french_toast_plain,en,usda_fndds_generated
French toast sticks,fndds_french_toast_sticks,en,usda_fndds_exact
"Waffle, cinnamon",fndds_waffle_cinnamon,en,usda_fndds_exact
Waffle cinnamon,fndds_waffle_cinnamon,en,usda_fndds_generated
cinnamon Waffle,fndds_waffle_cinnamon,en,usda_fndds_generated
"Pancakes, pumpkin",fndds_pancakes_pumpkin,en,usda_fndds_exact
Pancakes pumpkin,fndds_pancakes_pumpkin,en,usda_fndds_generated
pumpkin Pancakes,fndds_pancakes_pumpkin,en,usda_fndds_generated
"Waffle, chocolate",fndds_waffle_chocolate,en,usda_fndds_exact
Waffle chocolate,fndds_waffle_chocolate,en,usda_fndds_generated
chocolate Waffle,fndds_waffle_chocolate,en,usda_fndds_generated
"Cereal, crunch",fndds_cereal_crunch,en,usda_fndds_exact
Cereal crunch,fndds_cereal_crunch,en,usda_fndds_generated
crunch Cereal,fndds_cereal_crunch,en,usda_fndds_generated
"Cereal, granola",fndds_cereal_granola,en,usda_fndds_exact
Cereal granola,fndds_cereal_granola,en,usda_fndds_generated
granola Cereal,fndds_cereal_granola,en,usda_fndds_generated
"Cereal, fruit rings",fndds_cereal_fruit_rings,en,usda_fndds_exact
Cereal fruit rings,fndds_cereal_fruit_rings,en,usda_fndds_generated
fruit rings Cereal,fndds_cereal_fruit_rings,en,usda_fndds_generated
"Cereal, fruit crispy",fndds_cereal_fruit_crispy,en,usda_fndds_exact
Cereal fruit crispy,fndds_cereal_fruit_crispy,en,usda_fndds_generated
fruit crispy Cereal,fndds_cereal_fruit_crispy,en,usda_fndds_generated
"Cereal, cinnamon toast",fndds_cereal_cinnamon_toast,en,usda_fndds_exact
Cereal cinnamon toast,fndds_cereal_cinnamon_toast,en,usda_fndds_generated
cinnamon toast Cereal,fndds_cereal_cinnamon_toast,en,usda_fndds_generated
"Cereal, flavored puffs",fndds_cereal_flavored_puffs,en,usda_fndds_exact
Cereal flavored puffs,fndds_cereal_flavored_puffs,en,usda_fndds_generated
flavored puffs Cereal,fndds_cereal_flavored_puffs,en,usda_fndds_generated
"Cereal, chocolate puffs",fndds_cereal_chocolate_puffs,en,usda_fndds_exact
Cereal chocolate puffs,fndds_cereal_chocolate_puffs,en,usda_fndds_generated
chocolate puffs Cereal,fndds_cereal_chocolate_puffs,en,usda_fndds_generated
"Cereal, other, honey",fndds_cereal_other_honey,en,usda_fndds_exact
Cereal other honey,fndds_cereal_other_honey,en,usda_fndds_generated
honey other Cereal,fndds_cereal_other_honey,en,usda_fndds_generated
"Cereal, plain puffs",fndds_cereal_plain_puffs,en,usda_fndds_exact
Cereal plain puffs,fndds_cereal_plain_puffs,en,usda_fndds_generated
plain puffs Cereal,fndds_cereal_plain_puffs,en,usda_fndds_generated
"Cereal, O's, plain",fndds_cereal_o_s_plain,en,usda_fndds_exact
Cereal O's plain,fndds_cereal_o_s_plain,en,usda_fndds_generated
plain O's Cereal,fndds_cereal_o_s_plain,en,usda_fndds_generated
"Cereal, corn puffs",fndds_cereal_corn_puffs,en,usda_fndds_exact
Cereal corn puffs,fndds_cereal_corn_puffs,en,usda_fndds_generated
corn puffs Cereal,fndds_cereal_corn_puffs,en,usda_fndds_generated
"Cereal, multigrain",fndds_cereal_multigrain,en,usda_fndds_exact
Cereal multigrain,fndds_cereal_multigrain,en,usda_fndds_generated
multigrain Cereal,fndds_cereal_multigrain,en,usda_fndds_generated
"Cereal, K's, plain",fndds_cereal_k_s_plain,en,usda_fndds_exact
Cereal K's plain,fndds_cereal_k_s_plain,en,usda_fndds_generated
plain K's Cereal,fndds_cereal_k_s_plain,en,usda_fndds_generated
"Cereal, oat bunches",fndds_cereal_oat_bunches,en,usda_fndds_exact
Cereal oat bunches,fndds_cereal_oat_bunches,en,usda_fndds_generated
oat bunches Cereal,fndds_cereal_oat_bunches,en,usda_fndds_generated
"Cereal, oat squares",fndds_cereal_oat_squares,en,usda_fndds_exact
Cereal oat squares,fndds_cereal_oat_squares,en,usda_fndds_generated
oat squares Cereal,fndds_cereal_oat_squares,en,usda_fndds_generated
"Oatmeal, multigrain",fndds_oatmeal_multigrain,en,usda_fndds_exact
Oatmeal multigrain,fndds_oatmeal_multigrain,en,usda_fndds_generated
multigrain Oatmeal,fndds_oatmeal_multigrain,en,usda_fndds_generated
"Oatmeal, reduced sugar",fndds_oatmeal_reduced_sugar,en,usda_fndds_exact
Oatmeal reduced sugar,fndds_oatmeal_reduced_sugar,en,usda_fndds_generated
reduced sugar Oatmeal,fndds_oatmeal_reduced_sugar,en,usda_fndds_generated
"Oatmeal, fast food, plain",fndds_oatmeal_fast_food_plain,en,usda_fndds_exact
Oatmeal fast food plain,fndds_oatmeal_fast_food_plain,en,usda_fndds_generated
plain fast food Oatmeal,fndds_oatmeal_fast_food_plain,en,usda_fndds_generated
"Oatmeal, fast food, flavored",fndds_oatmeal_fast_food_flavored,en,usda_fndds_exact
Oatmeal fast food flavored,fndds_oatmeal_fast_food_flavored,en,usda_fndds_generated
flavored fast food Oatmeal,fndds_oatmeal_fast_food_flavored,en,usda_fndds_generated
"Oatmeal, instant, maple flavored, fat added",fndds_oatmeal_instant_maple_flavored_fat_added,en,usda_fndds_exact
Oatmeal instant maple flavored fat added,fndds_oatmeal_instant_maple_flavored_fat_added,en,usda_fndds_generated
"Oatmeal, instant, fruit flavored, fat added",fndds_oatmeal_instant_fruit_flavored_fat_added,en,usda_fndds_exact
Oatmeal instant fruit flavored fat added,fndds_oatmeal_instant_fruit_flavored_fat_added,en,usda_fndds_generated
"Oatmeal, instant, maple flavored, no added fat",fndds_oatmeal_instant_maple_flavored_no_added_fat,en,usda_fndds_exact
Oatmeal instant maple flavored no added fat,fndds_oatmeal_instant_maple_flavored_no_added_fat,en,usda_fndds_generated
"Oatmeal, instant, fruit flavored, no added fat",fndds_oatmeal_instant_fruit_flavored_no_added_fat,en,usda_fndds_exact
Oatmeal instant fruit flavored no added fat,fndds_oatmeal_instant_fruit_flavored_no_added_fat,en,usda_fndds_generated
Upma,fndds_upma,en,usda_fndds_exact
Cream of rice,fndds_cream_of_rice,en,usda_fndds_exact
"Hominy, cooked",fndds_hominy_cooked,en,usda_fndds_exact
Hominy cooked,fndds_hominy_cooked,en,usda_fndds_generated
cooked Hominy,fndds_hominy_cooked,en,usda_fndds_generated
"Masa harina, cooked",fndds_masa_harina_cooked,en,usda_fndds_exact
Masa harina cooked,fndds_masa_harina_cooked,en,usda_fndds_generated
cooked Masa harina,fndds_masa_harina_cooked,en,usda_fndds_generated
"Oat bran cereal, cooked",fndds_oat_bran_cereal_cooked,en,usda_fndds_exact
Oat bran cereal cooked,fndds_oat_bran_cereal_cooked,en,usda_fndds_generated
cooked Oat bran cereal,fndds_oat_bran_cereal_cooked,en,usda_fndds_generated
"Whole wheat cereal, cooked",fndds_whole_wheat_cereal_cooked,en,usda_fndds_exact
Whole wheat cereal cooked,fndds_whole_wheat_cereal_cooked,en,usda_fndds_generated
cooked Whole wheat cereal,fndds_whole_wheat_cereal_cooked,en,usda_fndds_generated
"Cornmeal mush, fat added",fndds_cornmeal_mush_fat_added,en,usda_fndds_exact
Cornmeal mush fat added,fndds_cornmeal_mush_fat_added,en,usda_fndds_generated
"Potato chips, plain",fndds_potato_chips_plain,en,usda_fndds_exact
Potato chips plain,fndds_potato_chips_plain,en,usda_fndds_generated
plain Potato chips,fndds_potato_chips_plain,en,usda_fndds_generated
"Potato sticks, plain",fndds_potato_sticks_plain,en,usda_fndds_exact
Potato sticks plain,fndds_potato_sticks_plain,en,usda_fndds_generated
plain Potato sticks,fndds_potato_sticks_plain,en,usda_fndds_generated
"Potato chips, baked, plain",fndds_potato_chips_baked_plain,en,usda_fndds_exact
Potato chips baked plain,fndds_potato_chips_baked_plain,en,usda_fndds_generated
plain baked Potato chips,fndds_potato_chips_baked_plain,en,usda_fndds_generated
"Potato chips, unsalted",fndds_potato_chips_unsalted,en,usda_fndds_exact
Potato chips unsalted,fndds_potato_chips_unsalted,en,usda_fndds_generated
unsalted Potato chips,fndds_potato_chips_unsalted,en,usda_fndds_generated
"Potato sticks, flavored",fndds_potato_sticks_flavored,en,usda_fndds_exact
Potato sticks flavored,fndds_potato_sticks_flavored,en,usda_fndds_generated
flavored Potato sticks,fndds_potato_sticks_flavored,en,usda_fndds_generated
"Potato chips, reduced fat",fndds_potato_chips_reduced_fat,en,usda_fndds_exact
Potato chips reduced fat,fndds_potato_chips_reduced_fat,en,usda_fndds_generated
reduced fat Potato chips,fndds_potato_chips_reduced_fat,en,usda_fndds_generated
"Potato sticks, fry shaped",fndds_potato_sticks_fry_shaped,en,usda_fndds_exact
Potato sticks fry shaped,fndds_potato_sticks_fry_shaped,en,usda_fndds_generated
fry shaped Potato sticks,fndds_potato_sticks_fry_shaped,en,usda_fndds_generated
"Potato chips, popped, plain",fndds_potato_chips_popped_plain,en,usda_fndds_exact
Potato chips popped plain,fndds_potato_chips_popped_plain,en,usda_fndds_generated
plain popped Potato chips,fndds_potato_chips_popped_plain,en,usda_fndds_generated
"Potato chips, other flavored",fndds_potato_chips_other_flavored,en,usda_fndds_exact
Potato chips other flavored,fndds_potato_chips_other_flavored,en,usda_fndds_generated
other flavored Potato chips,fndds_potato_chips_other_flavored,en,usda_fndds_generated
Soy chips,fndds_soy_chips,en,usda_fndds_exact
Corn nuts,fndds_corn_nuts,en,usda_fndds_exact
Bean chips,fndds_bean_chips,en,usda_fndds_exact
Taro chips,fndds_taro_chips,en,usda_fndds_exact
Shrimp chips,fndds_shrimp_chips,en,usda_fndds_exact
Cracker chips,fndds_cracker_chips,en,usda_fndds_exact
Plantain chips,fndds_plantain_chips,en,usda_fndds_exact
"Chips, rice",fndds_chips_rice,en,usda_fndds_exact
Chips rice,fndds_chips_rice,en,usda_fndds_generated
rice Chips,fndds_chips_rice,en,usda_fndds_generated
Vegetable chips,fndds_vegetable_chips,en,usda_fndds_exact
"Corn chips, plain",fndds_corn_chips_plain,en,usda_fndds_exact
Corn chips plain,fndds_corn_chips_plain,en,usda_fndds_generated
plain Corn chips,fndds_corn_chips_plain,en,usda_fndds_generated
"Popcorn, caramel coated",fndds_popcorn_caramel_coated,en,usda_fndds_exact
Popcorn caramel coated,fndds_popcorn_caramel_coated,en,usda_fndds_generated
caramel coated Popcorn,fndds_popcorn_caramel_coated,en,usda_fndds_generated
"Popcorn, microwave, plain",fndds_popcorn_microwave_plain,en,usda_fndds_exact
Popcorn microwave plain,fndds_popcorn_microwave_plain,en,usda_fndds_generated
plain microwave Popcorn,fndds_popcorn_microwave_plain,en,usda_fndds_generated
"Popcorn, chocolate coated",fndds_popcorn_chocolate_coated,en,usda_fndds_exact
Popcorn chocolate coated,fndds_popcorn_chocolate_coated,en,usda_fndds_generated
chocolate coated Popcorn,fndds_popcorn_chocolate_coated,en,usda_fndds_generated
"Popcorn, ready-to-eat, plain",fndds_popcorn_ready_to_eat_plain,en,usda_fndds_exact
Popcorn ready-to-eat plain,fndds_popcorn_ready_to_eat_plain,en,usda_fndds_generated
plain ready-to-eat Popcorn,fndds_popcorn_ready_to_eat_plain,en,usda_fndds_generated
"Popcorn, microwave, kettle",fndds_popcorn_microwave_kettle,en,usda_fndds_exact
Popcorn microwave kettle,fndds_popcorn_microwave_kettle,en,usda_fndds_generated
kettle microwave Popcorn,fndds_popcorn_microwave_kettle,en,usda_fndds_generated
"Popcorn, ready-to-eat, kettle",fndds_popcorn_ready_to_eat_kettle,en,usda_fndds_exact
Popcorn ready-to-eat kettle,fndds_popcorn_ready_to_eat_kettle,en,usda_fndds_generated
kettle ready-to-eat Popcorn,fndds_popcorn_ready_to_eat_kettle,en,usda_fndds_generated
"Popcorn, microwave, low sodium",fndds_popcorn_microwave_low_sodium,en,usda_fndds_exact
Popcorn microwave low sodium,fndds_popcorn_microwave_low_sodium,en,usda_fndds_generated
low sodium microwave Popcorn,fndds_popcorn_microwave_low_sodium,en,usda_fndds_generated
"Popcorn, microwave, plain, light",fndds_popcorn_microwave_plain_light,en,usda_fndds_exact
Popcorn microwave plain light,fndds_popcorn_microwave_plain_light,en,usda_fndds_generated
light plain microwave Popcorn,fndds_popcorn_microwave_plain_light,en,usda_fndds_generated
Snack mix,fndds_snack_mix,en,usda_fndds_exact
"Pretzel chips, hard, plain",fndds_pretzel_chips_hard_plain,en,usda_fndds_exact
Pretzel chips hard plain,fndds_pretzel_chips_hard_plain,en,usda_fndds_generated
plain hard Pretzel chips,fndds_pretzel_chips_hard_plain,en,usda_fndds_generated
"Snack mix, plain (Chex Mix)",fndds_snack_mix_plain_chex_mix,en,usda_fndds_exact
Snack mix plain Chex Mix,fndds_snack_mix_plain_chex_mix,en,usda_fndds_generated
"Pretzels, hard, flavored",fndds_pretzels_hard_flavored,en,usda_fndds_exact
Pretzels hard flavored,fndds_pretzels_hard_flavored,en,usda_fndds_generated
flavored hard Pretzels,fndds_pretzels_hard_flavored,en,usda_fndds_generated
"Pretzels, hard, multigrain",fndds_pretzels_hard_multigrain,en,usda_fndds_exact
Pretzels hard multigrain,fndds_pretzels_hard_multigrain,en,usda_fndds_generated
multigrain hard Pretzels,fndds_pretzels_hard_multigrain,en,usda_fndds_generated
"Pretzels, soft, multigrain",fndds_pretzels_soft_multigrain,en,usda_fndds_exact
Pretzels soft multigrain,fndds_pretzels_soft_multigrain,en,usda_fndds_generated
multigrain soft Pretzels,fndds_pretzels_soft_multigrain,en,usda_fndds_generated
"Pretzels, soft, gluten free",fndds_pretzels_soft_gluten_free,en,usda_fndds_exact
Pretzels soft gluten free,fndds_pretzels_soft_gluten_free,en,usda_fndds_generated
gluten free soft Pretzels,fndds_pretzels_soft_gluten_free,en,usda_fndds_generated
"Pretzels, hard, plain, salted",fndds_pretzels_hard_plain_salted,en,usda_fndds_exact
Pretzels hard plain salted,fndds_pretzels_hard_plain_salted,en,usda_fndds_generated
salted plain hard Pretzels,fndds_pretzels_hard_plain_salted,en,usda_fndds_generated
"Pretzel chips, hard, flavored",fndds_pretzel_chips_hard_flavored,en,usda_fndds_exact
Pretzel chips hard flavored,fndds_pretzel_chips_hard_flavored,en,usda_fndds_generated
flavored hard Pretzel chips,fndds_pretzel_chips_hard_flavored,en,usda_fndds_generated
"Pretzels, hard, yogurt coated",fndds_pretzels_hard_yogurt_coated,en,usda_fndds_exact
Pretzels hard yogurt coated,fndds_pretzels_hard_yogurt_coated,en,usda_fndds_generated
yogurt coated hard Pretzels,fndds_pretzels_hard_yogurt_coated,en,usda_fndds_generated
"Pretzels, hard, cheese filled",fndds_pretzels_hard_cheese_filled,en,usda_fndds_exact
Pretzels hard cheese filled,fndds_pretzels_hard_cheese_filled,en,usda_fndds_generated
cheese filled hard Pretzels,fndds_pretzels_hard_cheese_filled,en,usda_fndds_generated
Croutons,fndds_croutons,en,usda_fndds_exact
Rice cake,fndds_rice_cake,en,usda_fndds_exact
Rice paper,fndds_rice_paper,en,usda_fndds_exact
Pita chips,fndds_pita_chips,en,usda_fndds_exact
Melba toast,fndds_melba_toast,en,usda_fndds_exact
Bagel chips,fndds_bagel_chips,en,usda_fndds_exact
Popcorn cake,fndds_popcorn_cake,en,usda_fndds_exact
Zwieback toast,fndds_zwieback_toast,en,usda_fndds_exact
"Crackers, milk",fndds_crackers_milk,en,usda_fndds_exact
Crackers milk,fndds_crackers_milk,en,usda_fndds_generated
milk Crackers,fndds_crackers_milk,en,usda_fndds_generated
"Crackers, rice",fndds_crackers_rice,en,usda_fndds_exact
Crackers rice,fndds_crackers_rice,en,usda_fndds_generated
rice Crackers,fndds_crackers_rice,en,usda_fndds_generated
"Crackers, matzo",fndds_crackers_matzo,en,usda_fndds_exact
Crackers matzo,fndds_crackers_matzo,en,usda_fndds_generated
matzo Crackers,fndds_crackers_matzo,en,usda_fndds_generated
"Crackers, water",fndds_crackers_water,en,usda_fndds_exact
Crackers water,fndds_crackers_water,en,usda_fndds_generated
water Crackers,fndds_crackers_water,en,usda_fndds_generated
"Crackers, wheat",fndds_crackers_wheat,en,usda_fndds_exact
Crackers wheat,fndds_crackers_wheat,en,usda_fndds_generated
wheat Crackers,fndds_crackers_wheat,en,usda_fndds_generated
"Crackers, oyster",fndds_crackers_oyster,en,usda_fndds_exact
Crackers oyster,fndds_crackers_oyster,en,usda_fndds_generated
oyster Crackers,fndds_crackers_oyster,en,usda_fndds_generated
"Crackers, saltine",fndds_crackers_saltine,en,usda_fndds_exact
Crackers saltine,fndds_crackers_saltine,en,usda_fndds_generated
saltine Crackers,fndds_crackers_saltine,en,usda_fndds_generated
"Crackers, saltine, multigrain",fndds_crackers_saltine_multigrain,en,usda_fndds_exact
Crackers saltine multigrain,fndds_crackers_saltine_multigrain,en,usda_fndds_generated
multigrain saltine Crackers,fndds_crackers_saltine_multigrain,en,usda_fndds_generated
"Crackers, saltine, reduced fat",fndds_crackers_saltine_reduced_fat,en,usda_fndds_exact
Crackers saltine reduced fat,fndds_crackers_saltine_reduced_fat,en,usda_fndds_generated
reduced fat saltine Crackers,fndds_crackers_saltine_reduced_fat,en,usda_fndds_generated
Milk 'n Cereal bar,fndds_milk_n_cereal_bar,en,usda_fndds_exact
"Snack bar, oatmeal",fndds_snack_bar_oatmeal,en,usda_fndds_exact
Snack bar oatmeal,fndds_snack_bar_oatmeal,en,usda_fndds_generated
oatmeal Snack bar,fndds_snack_bar_oatmeal,en,usda_fndds_generated
"Cereal or granola bar, nonfat",fndds_cereal_or_granola_bar_nonfat,en,usda_fndds_exact
Cereal or granola bar nonfat,fndds_cereal_or_granola_bar_nonfat,en,usda_fndds_generated
"Cereal or granola bar, fruit and nut",fndds_cereal_or_granola_bar_fruit_and_nut,en,usda_fndds_exact
Cereal or granola bar fruit and nut,fndds_cereal_or_granola_bar_fruit_and_nut,en,usda_fndds_generated
"Cereal or granola bar, with rice cereal",fndds_cereal_or_granola_bar_with_rice_cereal,en,usda_fndds_exact
Cereal or granola bar with rice cereal,fndds_cereal_or_granola_bar_with_rice_cereal,en,usda_fndds_generated
Cereal or granola bar (Quaker Granola Bites),fndds_cereal_or_granola_bar_quaker_granola_bites,en,usda_fndds_exact
Cereal or granola bar Quaker Granola Bites,fndds_cereal_or_granola_bar_quaker_granola_bites,en,usda_fndds_generated
"Breakfast bar, date, with yogurt coating",fndds_breakfast_bar_date_with_yogurt_coating,en,usda_fndds_exact
Breakfast bar date with yogurt coating,fndds_breakfast_bar_date_with_yogurt_coating,en,usda_fndds_generated
Cereal or granola bar (KIND Fruit and Nut Bar),fndds_cereal_or_granola_bar_kind_fruit_and_nut_bar,en,usda_fndds_exact
Cereal or granola bar KIND Fruit and Nut Bar,fndds_cereal_or_granola_bar_kind_fruit_and_nut_bar,en,usda_fndds_generated
Cereal or granola bar (Kellogg's Special K bar),fndds_cereal_or_granola_bar_kellogg_s_special_k_bar,en,usda_fndds_exact
Cereal or granola bar Kellogg's Special K bar,fndds_cereal_or_granola_bar_kellogg_s_special_k_bar,en,usda_fndds_generated
Nutrition bar (Clif Bar),fndds_nutrition_bar_clif_bar,en,usda_fndds_exact
Nutrition bar Clif Bar,fndds_nutrition_bar_clif_bar,en,usda_fndds_generated
Nutrition bar (PowerBar),fndds_nutrition_bar_powerbar,en,usda_fndds_exact
Nutrition bar PowerBar,fndds_nutrition_bar_powerbar,en,usda_fndds_generated
Nutrition bar (Tiger's Milk),fndds_nutrition_bar_tiger_s_milk,en,usda_fndds_exact
Nutrition bar Tiger's Milk,fndds_nutrition_bar_tiger_s_milk,en,usda_fndds_generated
Cereal or granola bar (Kashi Chewy),fndds_cereal_or_granola_bar_kashi_chewy,en,usda_fndds_exact
Cereal or granola bar Kashi Chewy,fndds_cereal_or_granola_bar_kashi_chewy,en,usda_fndds_generated
Nutrition bar (Balance Original Bar),fndds_nutrition_bar_balance_original_bar,en,usda_fndds_exact
Nutrition bar Balance Original Bar,fndds_nutrition_bar_balance_original_bar,en,usda_fndds_generated
Cereal or granola bar (Kashi Crunchy),fndds_cereal_or_granola_bar_kashi_crunchy,en,usda_fndds_exact
Cereal or granola bar Kashi Crunchy,fndds_cereal_or_granola_bar_kashi_crunchy,en,usda_fndds_generated
Baklava,fndds_baklava,en,usda_fndds_exact
Tiramisu,fndds_tiramisu,en,usda_fndds_exact
Pie shell,fndds_pie_shell,en,usda_fndds_exact
Dessert pizza,fndds_dessert_pizza,en,usda_fndds_exact
"Pie, apple",fndds_pie_apple,en,usda_fndds_exact
Pie apple,fndds_pie_apple,en,usda_fndds_generated
apple Pie,fndds_pie_apple,en,usda_fndds_generated
"Pie, berry",fndds_pie_berry,en,usda_fndds_exact
Pie berry,fndds_pie_berry,en,usda_fndds_generated
berry Pie,fndds_pie_berry,en,usda_fndds_generated
"Pie, lemon",fndds_pie_lemon,en,usda_fndds_exact
Pie lemon,fndds_pie_lemon,en,usda_fndds_generated
lemon Pie,fndds_pie_lemon,en,usda_fndds_generated
"Pie, peach",fndds_pie_peach,en,usda_fndds_exact
Pie peach,fndds_pie_peach,en,usda_fndds_generated
peach Pie,fndds_pie_peach,en,usda_fndds_generated
"Pie, pecan",fndds_pie_pecan,en,usda_fndds_exact
Pie pecan,fndds_pie_pecan,en,usda_fndds_generated
pecan Pie,fndds_pie_pecan,en,usda_fndds_generated
Ice cream cake,fndds_ice_cream_cake,en,usda_fndds_exact
"Pie, strawberry",fndds_pie_strawberry,en,usda_fndds_exact
Pie strawberry,fndds_pie_strawberry,en,usda_fndds_generated
strawberry Pie,fndds_pie_strawberry,en,usda_fndds_generated
"Cake, cream",fndds_cake_cream,en,usda_fndds_exact
Cake cream,fndds_cake_cream,en,usda_fndds_generated
cream Cake,fndds_cake_cream,en,usda_fndds_generated
"Cake, pound",fndds_cake_pound,en,usda_fndds_exact
Cake pound,fndds_cake_pound,en,usda_fndds_generated
pound Cake,fndds_cake_pound,en,usda_fndds_generated
"Cake, torte",fndds_cake_torte,en,usda_fndds_exact
Cake torte,fndds_cake_torte,en,usda_fndds_generated
torte Cake,fndds_cake_torte,en,usda_fndds_generated
"Pie, cherry",fndds_pie_cherry,en,usda_fndds_exact
Pie cherry,fndds_pie_cherry,en,usda_fndds_generated
cherry Pie,fndds_pie_cherry,en,usda_fndds_generated
"Cake, sponge",fndds_cake_sponge,en,usda_fndds_exact
Cake sponge,fndds_cake_sponge,en,usda_fndds_generated
sponge Cake,fndds_cake_sponge,en,usda_fndds_generated
Pocky,fndds_pocky,en,usda_fndds_exact
Marie biscuit,fndds_marie_biscuit,en,usda_fndds_exact
Anisette toast,fndds_anisette_toast,en,usda_fndds_exact
Graham crackers,fndds_graham_crackers,en,usda_fndds_exact
"Cookie, almond",fndds_cookie_almond,en,usda_fndds_exact
Cookie almond,fndds_cookie_almond,en,usda_fndds_generated
almond Cookie,fndds_cookie_almond,en,usda_fndds_generated
"Cookie, raisin",fndds_cookie_raisin,en,usda_fndds_exact
Cookie raisin,fndds_cookie_raisin,en,usda_fndds_generated
raisin Cookie,fndds_cookie_raisin,en,usda_fndds_generated
"Cookie, animal",fndds_cookie_animal,en,usda_fndds_exact
Cookie animal,fndds_cookie_animal,en,usda_fndds_generated
animal Cookie,fndds_cookie_animal,en,usda_fndds_generated
"Cookie, coconut",fndds_cookie_coconut,en,usda_fndds_exact
Cookie coconut,fndds_cookie_coconut,en,usda_fndds_generated
coconut Cookie,fndds_cookie_coconut,en,usda_fndds_generated
"Cookie, fig bar",fndds_cookie_fig_bar,en,usda_fndds_exact
Cookie fig bar,fndds_cookie_fig_bar,en,usda_fndds_generated
fig bar Cookie,fndds_cookie_fig_bar,en,usda_fndds_generated
"Cookie, fortune",fndds_cookie_fortune,en,usda_fndds_exact
Cookie fortune,fndds_cookie_fortune,en,usda_fndds_generated
fortune Cookie,fndds_cookie_fortune,en,usda_fndds_generated
"Cookie, granola",fndds_cookie_granola,en,usda_fndds_exact
Cookie granola,fndds_cookie_granola,en,usda_fndds_generated
granola Cookie,fndds_cookie_granola,en,usda_fndds_generated
"Cookie, oatmeal",fndds_cookie_oatmeal,en,usda_fndds_exact
Cookie oatmeal,fndds_cookie_oatmeal,en,usda_fndds_generated
"Cookie, pumpkin",fndds_cookie_pumpkin,en,usda_fndds_exact
Cookie pumpkin,fndds_cookie_pumpkin,en,usda_fndds_generated
pumpkin Cookie,fndds_cookie_pumpkin,en,usda_fndds_generated
"Crackers, Cuban",fndds_crackers_cuban,en,usda_fndds_exact
Crackers Cuban,fndds_crackers_cuban,en,usda_fndds_generated
Cuban Crackers,fndds_crackers_cuban,en,usda_fndds_generated
"Cookie, biscotti",fndds_cookie_biscotti,en,usda_fndds_exact
Cookie biscotti,fndds_cookie_biscotti,en,usda_fndds_generated
biscotti Cookie,fndds_cookie_biscotti,en,usda_fndds_generated
"Cookie, macaroon",fndds_cookie_macaroon,en,usda_fndds_exact
Cookie macaroon,fndds_cookie_macaroon,en,usda_fndds_generated
macaroon Cookie,fndds_cookie_macaroon,en,usda_fndds_generated
"Cookie, meringue",fndds_cookie_meringue,en,usda_fndds_exact
Cookie meringue,fndds_cookie_meringue,en,usda_fndds_generated
meringue Cookie,fndds_cookie_meringue,en,usda_fndds_generated
Brioche,fndds_brioche,en,usda_fndds_exact
Churros,fndds_churros,en,usda_fndds_exact
Beignet,fndds_beignet,en,usda_fndds_exact
Croissant,fndds_croissant,en,usda_fndds_exact
Pannetone,fndds_pannetone,en,usda_fndds_exact
"Fritter, plain",fndds_fritter_plain,en,usda_fndds_exact
Fritter plain,fndds_fritter_plain,en,usda_fndds_generated
plain Fritter,fndds_fritter_plain,en,usda_fndds_generated
Doughnut holes,fndds_doughnut_holes,en,usda_fndds_exact
Breakfast tart,fndds_breakfast_tart,en,usda_fndds_exact
"Pastry, puff",fndds_pastry_puff,en,usda_fndds_exact
Pastry puff,fndds_pastry_puff,en,usda_fndds_generated
puff Pastry,fndds_pastry_puff,en,usda_fndds_generated
"Tamale, sweet",fndds_tamale_sweet,en,usda_fndds_exact
Tamale sweet,fndds_tamale_sweet,en,usda_fndds_generated
sweet Tamale,fndds_tamale_sweet,en,usda_fndds_generated
"Fritter, fruit",fndds_fritter_fruit,en,usda_fndds_exact
Fritter fruit,fndds_fritter_fruit,en,usda_fndds_generated
fruit Fritter,fndds_fritter_fruit,en,usda_fndds_generated
"Doughnut, jelly",fndds_doughnut_jelly,en,usda_fndds_exact
Doughnut jelly,fndds_doughnut_jelly,en,usda_fndds_generated
jelly Doughnut,fndds_doughnut_jelly,en,usda_fndds_generated
Cheese pastry puffs,fndds_cheese_pastry_puffs,en,usda_fndds_exact
"Croissant, fruit",fndds_croissant_fruit,en,usda_fndds_exact
Croissant fruit,fndds_croissant_fruit,en,usda_fndds_generated
fruit Croissant,fndds_croissant_fruit,en,usda_fndds_generated
Chocolate candy,fndds_chocolate_candy,en,usda_fndds_exact
Chocolate chips,fndds_chocolate_chips,en,usda_fndds_exact
Dark chocolate candy,fndds_dark_chocolate_candy,en,usda_fndds_exact
Chocolate candy with nuts,fndds_chocolate_candy_with_nuts,en,usda_fndds_exact
"Chocolate candy, fudge",fndds_chocolate_candy_fudge,en,usda_fndds_exact
Chocolate candy fudge,fndds_chocolate_candy_fudge,en,usda_fndds_generated
fudge Chocolate candy,fndds_chocolate_candy_fudge,en,usda_fndds_generated
Chocolate candy with cereal,fndds_chocolate_candy_with_cereal,en,usda_fndds_exact
Dark chocolate candy with nuts,fndds_dark_chocolate_candy_with_nuts,en,usda_fndds_exact
"Chocolate candy, sugar free",fndds_chocolate_candy_sugar_free,en,usda_fndds_exact
Chocolate candy sugar free,fndds_chocolate_candy_sugar_free,en,usda_fndds_generated
sugar free Chocolate candy,fndds_chocolate_candy_sugar_free,en,usda_fndds_generated
Cough drops,fndds_cough_drops,en,usda_fndds_exact
Chewing gum,fndds_chewing_gum,en,usda_fndds_exact
"Candy, mint",fndds_candy_mint,en,usda_fndds_exact
Candy mint,fndds_candy_mint,en,usda_fndds_generated
mint Candy,fndds_candy_mint,en,usda_fndds_generated
"Candy, hard",fndds_candy_hard,en,usda_fndds_exact
Candy hard,fndds_candy_hard,en,usda_fndds_generated
hard Candy,fndds_candy_hard,en,usda_fndds_generated
"Candy, taffy",fndds_candy_taffy,en,usda_fndds_exact
Candy taffy,fndds_candy_taffy,en,usda_fndds_generated
taffy Candy,fndds_candy_taffy,en,usda_fndds_generated
"Candy, cotton",fndds_candy_cotton,en,usda_fndds_exact
Candy cotton,fndds_candy_cotton,en,usda_fndds_generated
cotton Candy,fndds_candy_cotton,en,usda_fndds_generated
"Candy, caramel",fndds_candy_caramel,en,usda_fndds_exact
Candy caramel,fndds_candy_caramel,en,usda_fndds_generated
caramel Candy,fndds_candy_caramel,en,usda_fndds_generated
"Candy, licorice",fndds_candy_licorice,en,usda_fndds_exact
Candy licorice,fndds_candy_licorice,en,usda_fndds_generated
licorice Candy,fndds_candy_licorice,en,usda_fndds_generated
Creamsicle,fndds_creamsicle,en,usda_fndds_exact
Fudgesicle,fndds_fudgesicle,en,usda_fndds_exact
Banana split,fndds_banana_split,en,usda_fndds_exact
"Gelato, vanilla",fndds_gelato_vanilla,en,usda_fndds_exact
Gelato vanilla,fndds_gelato_vanilla,en,usda_fndds_generated
vanilla Gelato,fndds_gelato_vanilla,en,usda_fndds_generated
Ice cream candy bar,fndds_ice_cream_candy_bar,en,usda_fndds_exact
"Ice cream, fried",fndds_ice_cream_fried,en,usda_fndds_exact
Ice cream fried,fndds_ice_cream_fried,en,usda_fndds_generated
fried Ice cream,fndds_ice_cream_fried,en,usda_fndds_generated
"Gelato, chocolate",fndds_gelato_chocolate,en,usda_fndds_exact
Gelato chocolate,fndds_gelato_chocolate,en,usda_fndds_generated
chocolate Gelato,fndds_gelato_chocolate,en,usda_fndds_generated
"Fudgesicle, light",fndds_fudgesicle_light,en,usda_fndds_exact
Fudgesicle light,fndds_fudgesicle_light,en,usda_fndds_generated
light Fudgesicle,fndds_fudgesicle_light,en,usda_fndds_generated
Frozen yogurt sandwich,fndds_frozen_yogurt_sandwich,en,usda_fndds_exact
"Ice cream, chocolate",fndds_ice_cream_chocolate,en,usda_fndds_exact
Ice cream chocolate,fndds_ice_cream_chocolate,en,usda_fndds_generated
chocolate Ice cream,fndds_ice_cream_chocolate,en,usda_fndds_generated
"Sherbet, all flavors",fndds_sherbet_all_flavors,en,usda_fndds_exact
Sherbet all flavors,fndds_sherbet_all_flavors,en,usda_fndds_generated
all flavors Sherbet,fndds_sherbet_all_flavors,en,usda_fndds_generated
Ice cream cookie sandwich,fndds_ice_cream_cookie_sandwich,en,usda_fndds_exact
"Frozen yogurt, vanilla",fndds_frozen_yogurt_vanilla,en,usda_fndds_exact
Frozen yogurt vanilla,fndds_frozen_yogurt_vanilla,en,usda_fndds_generated
vanilla Frozen yogurt,fndds_frozen_yogurt_vanilla,en,usda_fndds_generated
Flan,fndds_flan,en,usda_fndds_exact
Mousse,fndds_mousse,en,usda_fndds_exact
Trifle,fndds_trifle,en,usda_fndds_exact
Haupia,fndds_haupia,en,usda_fndds_exact
Custard,fndds_custard,en,usda_fndds_exact
Meringues,fndds_meringues,en,usda_fndds_exact
Creme brulee,fndds_creme_brulee,en,usda_fndds_exact
Lime souffle,fndds_lime_souffle,en,usda_fndds_exact
Yokan,fndds_yokan,en,usda_fndds_exact
Sorbet,fndds_sorbet,en,usda_fndds_exact
Popsicle,fndds_popsicle,en,usda_fndds_exact
Snow cone,fndds_snow_cone,en,usda_fndds_exact
Italian Ice,fndds_italian_ice,en,usda_fndds_exact
Freezer pop,fndds_freezer_pop,en,usda_fndds_exact
Gelatin dessert,fndds_gelatin_dessert,en,usda_fndds_exact
"Apple, raw",fndds_apple_raw,en,usda_fndds_exact
Apple raw,fndds_apple_raw,en,usda_fndds_generated
raw Apple,fndds_apple_raw,en,usda_fndds_generated
"Apple, baked",fndds_apple_baked,en,usda_fndds_exact
Apple baked,fndds_apple_baked,en,usda_fndds_generated
baked Apple,fndds_apple_baked,en,usda_fndds_generated
Apple pie filling,fndds_apple_pie_filling,en,usda_fndds_exact
"Apple, candied",fndds_apple_candied,en,usda_fndds_exact
Apple candied,fndds_apple_candied,en,usda_fndds_generated
candied Apple,fndds_apple_candied,en,usda_fndds_generated
"Banana, raw",fndds_banana_raw,en,usda_fndds_exact
Banana raw,fndds_banana_raw,en,usda_fndds_generated
raw Banana,fndds_banana_raw,en,usda_fndds_generated
"Banana, baked",fndds_banana_baked,en,usda_fndds_exact
Banana baked,fndds_banana_baked,en,usda_fndds_generated
baked Banana,fndds_banana_baked,en,usda_fndds_generated
"Grapes, raw",fndds_grapes_raw,en,usda_fndds_exact
Grapes raw,fndds_grapes_raw,en,usda_fndds_generated
raw Grapes,fndds_grapes_raw,en,usda_fndds_generated
"Peach, raw",fndds_peach_raw,en,usda_fndds_exact
Peach raw,fndds_peach_raw,en,usda_fndds_generated
raw Peach,fndds_peach_raw,en,usda_fndds_generated
"Nectarine, raw",fndds_nectarine_raw,en,usda_fndds_exact
Nectarine raw,fndds_nectarine_raw,en,usda_fndds_generated
raw Nectarine,fndds_nectarine_raw,en,usda_fndds_generated
"Peach, frozen",fndds_peach_frozen,en,usda_fndds_exact
Peach frozen,fndds_peach_frozen,en,usda_fndds_generated
frozen Peach,fndds_peach_frozen,en,usda_fndds_generated
"Peach, canned, in syrup",fndds_peach_canned_in_syrup,en,usda_fndds_exact
Peach canned in syrup,fndds_peach_canned_in_syrup,en,usda_fndds_generated
in syrup canned Peach,fndds_peach_canned_in_syrup,en,usda_fndds_generated
"Strawberries, canned",fndds_strawberries_canned,en,usda_fndds_exact
Strawberries canned,fndds_strawberries_canned,en,usda_fndds_generated
canned Strawberries,fndds_strawberries_canned,en,usda_fndds_generated
"Strawberries, frozen",fndds_strawberries_frozen,en,usda_fndds_exact
Strawberries frozen,fndds_strawberries_frozen,en,usda_fndds_generated
frozen Strawberries,fndds_strawberries_frozen,en,usda_fndds_generated
Cranberry sauce,fndds_cranberry_sauce,en,usda_fndds_exact
"Blueberries, raw",fndds_blueberries_raw,en,usda_fndds_exact
Blueberries raw,fndds_blueberries_raw,en,usda_fndds_generated
raw Blueberries,fndds_blueberries_raw,en,usda_fndds_generated
"Cranberries, raw",fndds_cranberries_raw,en,usda_fndds_exact
Cranberries raw,fndds_cranberries_raw,en,usda_fndds_generated
raw Cranberries,fndds_cranberries_raw,en,usda_fndds_generated
"Raspberries, raw",fndds_raspberries_raw,en,usda_fndds_exact
Raspberries raw,fndds_raspberries_raw,en,usda_fndds_generated
raw Raspberries,fndds_raspberries_raw,en,usda_fndds_generated
"Blackberries, raw",fndds_blackberries_raw,en,usda_fndds_exact
Blackberries raw,fndds_blackberries_raw,en,usda_fndds_generated
raw Blackberries,fndds_blackberries_raw,en,usda_fndds_generated
"Lime, raw",fndds_lime_raw,en,usda_fndds_exact
Lime raw,fndds_lime_raw,en,usda_fndds_generated
raw Lime,fndds_lime_raw,en,usda_fndds_generated
"Lemon, raw",fndds_lemon_raw,en,usda_fndds_exact
Lemon raw,fndds_lemon_raw,en,usda_fndds_generated
raw Lemon,fndds_lemon_raw,en,usda_fndds_generated
"Orange, raw",fndds_orange_raw,en,usda_fndds_exact
Orange raw,fndds_orange_raw,en,usda_fndds_generated
raw Orange,fndds_orange_raw,en,usda_fndds_generated
"Kumquat, raw",fndds_kumquat_raw,en,usda_fndds_exact
Kumquat raw,fndds_kumquat_raw,en,usda_fndds_generated
raw Kumquat,fndds_kumquat_raw,en,usda_fndds_generated
"Tangerine, raw",fndds_tangerine_raw,en,usda_fndds_exact
Tangerine raw,fndds_tangerine_raw,en,usda_fndds_generated
raw Tangerine,fndds_tangerine_raw,en,usda_fndds_generated
"Watermelon, raw",fndds_watermelon_raw,en,usda_fndds_exact
Watermelon raw,fndds_watermelon_raw,en,usda_fndds_generated
raw Watermelon,fndds_watermelon_raw,en,usda_fndds_generated
"Melon, frozen",fndds_melon_frozen,en,usda_fndds_exact
Melon frozen,fndds_melon_frozen,en,usda_fndds_generated
frozen Melon,fndds_melon_frozen,en,usda_fndds_generated
"Honeydew melon, raw",fndds_honeydew_melon_raw,en,usda_fndds_exact
Honeydew melon raw,fndds_honeydew_melon_raw,en,usda_fndds_generated
raw Honeydew melon,fndds_honeydew_melon_raw,en,usda_fndds_generated
Date,fndds_date,en,usda_fndds_exact
Raisins,fndds_raisins,en,usda_fndds_exact
Banana chips,fndds_banana_chips,en,usda_fndds_exact
"Fig, dried",fndds_fig_dried,en,usda_fndds_exact
Fig dried,fndds_fig_dried,en,usda_fndds_generated
"Pear, dried",fndds_pear_dried,en,usda_fndds_exact
Pear dried,fndds_pear_dried,en,usda_fndds_generated
dried Pear,fndds_pear_dried,en,usda_fndds_generated
"Apple, dried",fndds_apple_dried,en,usda_fndds_exact
Apple dried,fndds_apple_dried,en,usda_fndds_generated
dried Apple,fndds_apple_dried,en,usda_fndds_generated
"Mango, dried",fndds_mango_dried,en,usda_fndds_exact
Mango dried,fndds_mango_dried,en,usda_fndds_generated
dried Mango,fndds_mango_dried,en,usda_fndds_generated
Lychee,fndds_lychee,en,usda_fndds_exact
Rhubarb,fndds_rhubarb,en,usda_fndds_exact
"Fig, raw",fndds_fig_raw,en,usda_fndds_exact
Fig raw,fndds_fig_raw,en,usda_fndds_generated
raw Fig,fndds_fig_raw,en,usda_fndds_generated
Tamarind,fndds_tamarind,en,usda_fndds_exact
Ambrosia,fndds_ambrosia,en,usda_fndds_exact
"Plum, raw",fndds_plum_raw,en,usda_fndds_exact
Plum raw,fndds_plum_raw,en,usda_fndds_generated
raw Plum,fndds_plum_raw,en,usda_fndds_generated
"Guava, raw",fndds_guava_raw,en,usda_fndds_exact
Guava raw,fndds_guava_raw,en,usda_fndds_generated
raw Guava,fndds_guava_raw,en,usda_fndds_generated
"Apricot, raw",fndds_apricot_raw,en,usda_fndds_exact
Apricot raw,fndds_apricot_raw,en,usda_fndds_generated
raw Apricot,fndds_apricot_raw,en,usda_fndds_generated
Dragon fruit,fndds_dragon_fruit,en,usda_fndds_exact
"Cherries, raw",fndds_cherries_raw,en,usda_fndds_exact
Cherries raw,fndds_cherries_raw,en,usda_fndds_generated
raw Cherries,fndds_cherries_raw,en,usda_fndds_generated
"Starfruit, raw",fndds_starfruit_raw,en,usda_fndds_exact
Starfruit raw,fndds_starfruit_raw,en,usda_fndds_generated
raw Starfruit,fndds_starfruit_raw,en,usda_fndds_generated
"Pear, raw",fndds_pear_raw,en,usda_fndds_exact
Pear raw,fndds_pear_raw,en,usda_fndds_generated
raw Pear,fndds_pear_raw,en,usda_fndds_generated
"Pear, Asian, raw",fndds_pear_asian_raw,en,usda_fndds_exact
Pear Asian raw,fndds_pear_asian_raw,en,usda_fndds_generated
raw Asian Pear,fndds_pear_asian_raw,en,usda_fndds_generated
"Pear, canned, in syrup",fndds_pear_canned_in_syrup,en,usda_fndds_exact
Pear canned in syrup,fndds_pear_canned_in_syrup,en,usda_fndds_generated
in syrup canned Pear,fndds_pear_canned_in_syrup,en,usda_fndds_generated
"Pear, canned, juice pack",fndds_pear_canned_juice_pack,en,usda_fndds_exact
Pear canned juice pack,fndds_pear_canned_juice_pack,en,usda_fndds_generated
juice pack canned Pear,fndds_pear_canned_juice_pack,en,usda_fndds_generated
"Pineapple, raw",fndds_pineapple_raw,en,usda_fndds_exact
Pineapple raw,fndds_pineapple_raw,en,usda_fndds_generated
raw Pineapple,fndds_pineapple_raw,en,usda_fndds_generated
"Pineapple, frozen",fndds_pineapple_frozen,en,usda_fndds_exact
Pineapple frozen,fndds_pineapple_frozen,en,usda_fndds_generated
frozen Pineapple,fndds_pineapple_frozen,en,usda_fndds_generated
"Pineapple, canned, in syrup",fndds_pineapple_canned_in_syrup,en,usda_fndds_exact
Pineapple canned in syrup,fndds_pineapple_canned_in_syrup,en,usda_fndds_generated
in syrup canned Pineapple,fndds_pineapple_canned_in_syrup,en,usda_fndds_generated
"Pineapple, canned, juice pack",fndds_pineapple_canned_juice_pack,en,usda_fndds_exact
Pineapple canned juice pack,fndds_pineapple_canned_juice_pack,en,usda_fndds_generated
juice pack canned Pineapple,fndds_pineapple_canned_juice_pack,en,usda_fndds_generated
"Mango, raw",fndds_mango_raw,en,usda_fndds_exact
Mango raw,fndds_mango_raw,en,usda_fndds_generated
raw Mango,fndds_mango_raw,en,usda_fndds_generated
"Papaya, raw",fndds_papaya_raw,en,usda_fndds_exact
Papaya raw,fndds_papaya_raw,en,usda_fndds_generated
raw Papaya,fndds_papaya_raw,en,usda_fndds_generated
"Mango, canned",fndds_mango_canned,en,usda_fndds_exact
Mango canned,fndds_mango_canned,en,usda_fndds_generated
canned Mango,fndds_mango_canned,en,usda_fndds_generated
"Mango, frozen",fndds_mango_frozen,en,usda_fndds_exact
Mango frozen,fndds_mango_frozen,en,usda_fndds_generated
frozen Mango,fndds_mango_frozen,en,usda_fndds_generated
"Tomatoes, raw",fndds_tomatoes_raw,en,usda_fndds_exact
Tomatoes raw,fndds_tomatoes_raw,en,usda_fndds_generated
raw Tomatoes,fndds_tomatoes_raw,en,usda_fndds_generated
Sun-dried tomatoes,fndds_sun_dried_tomatoes,en,usda_fndds_exact
"Tomatoes, fresh, cooked",fndds_tomatoes_fresh_cooked,en,usda_fndds_exact
Tomatoes fresh cooked,fndds_tomatoes_fresh_cooked,en,usda_fndds_generated
cooked fresh Tomatoes,fndds_tomatoes_fresh_cooked,en,usda_fndds_generated
"Tomatoes, canned, cooked",fndds_tomatoes_canned_cooked,en,usda_fndds_exact
Tomatoes canned cooked,fndds_tomatoes_canned_cooked,en,usda_fndds_generated
cooked canned Tomatoes,fndds_tomatoes_canned_cooked,en,usda_fndds_generated
"Carrots, glazed, cooked",fndds_carrots_glazed_cooked,en,usda_fndds_exact
Carrots glazed cooked,fndds_carrots_glazed_cooked,en,usda_fndds_generated
cooked glazed Carrots,fndds_carrots_glazed_cooked,en,usda_fndds_generated
"Carrots, fresh, cooked with oil",fndds_carrots_fresh_cooked_with_oil,en,usda_fndds_exact
Carrots fresh cooked with oil,fndds_carrots_fresh_cooked_with_oil,en,usda_fndds_generated
"Carrots, frozen, cooked with oil",fndds_carrots_frozen_cooked_with_oil,en,usda_fndds_exact
Carrots frozen cooked with oil,fndds_carrots_frozen_cooked_with_oil,en,usda_fndds_generated
"Carrots, canned, cooked with oil",fndds_carrots_canned_cooked_with_oil,en,usda_fndds_exact
Carrots canned cooked with oil,fndds_carrots_canned_cooked_with_oil,en,usda_fndds_generated
"Carrots, fresh, cooked, no added fat",fndds_carrots_fresh_cooked_no_added_fat,en,usda_fndds_exact
Carrots fresh cooked no added fat,fndds_carrots_fresh_cooked_no_added_fat,en,usda_fndds_generated
"Carrots, frozen, cooked, no added fat",fndds_carrots_frozen_cooked_no_added_fat,en,usda_fndds_exact
Carrots frozen cooked no added fat,fndds_carrots_frozen_cooked_no_added_fat,en,usda_fndds_generated
"Pumpkin, cooked",fndds_pumpkin_cooked,en,usda_fndds_exact
Pumpkin cooked,fndds_pumpkin_cooked,en,usda_fndds_generated
cooked Pumpkin,fndds_pumpkin_cooked,en,usda_fndds_generated
"Winter squash, raw",fndds_winter_squash_raw,en,usda_fndds_exact
Winter squash raw,fndds_winter_squash_raw,en,usda_fndds_generated
raw Winter squash,fndds_winter_squash_raw,en,usda_fndds_generated
"Peppers, red, cooked",fndds_peppers_red_cooked,en,usda_fndds_exact
Peppers red cooked,fndds_peppers_red_cooked,en,usda_fndds_generated
cooked red Peppers,fndds_peppers_red_cooked,en,usda_fndds_generated
"Spaghetti squash, cooked",fndds_spaghetti_squash_cooked,en,usda_fndds_exact
Spaghetti squash cooked,fndds_spaghetti_squash_cooked,en,usda_fndds_generated
cooked Spaghetti squash,fndds_spaghetti_squash_cooked,en,usda_fndds_generated
"Sweet potato, candied",fndds_sweet_potato_candied,en,usda_fndds_exact
Sweet potato candied,fndds_sweet_potato_candied,en,usda_fndds_generated
candied Sweet potato,fndds_sweet_potato_candied,en,usda_fndds_generated
"Pumpkin, canned, cooked",fndds_pumpkin_canned_cooked,en,usda_fndds_exact
Pumpkin canned cooked,fndds_pumpkin_canned_cooked,en,usda_fndds_generated
cooked canned Pumpkin,fndds_pumpkin_canned_cooked,en,usda_fndds_generated
"Peppers, sweet, red, raw",fndds_peppers_sweet_red_raw,en,usda_fndds_exact
Peppers sweet red raw,fndds_peppers_sweet_red_raw,en,usda_fndds_generated
raw red sweet Peppers,fndds_peppers_sweet_red_raw,en,usda_fndds_generated
"Broccoli raab, raw",fndds_broccoli_raab_raw,en,usda_fndds_exact
Broccoli raab raw,fndds_broccoli_raab_raw,en,usda_fndds_generated
raw Broccoli raab,fndds_broccoli_raab_raw,en,usda_fndds_generated
"Broccoli raab, cooked",fndds_broccoli_raab_cooked,en,usda_fndds_exact
Broccoli raab cooked,fndds_broccoli_raab_cooked,en,usda_fndds_generated
cooked Broccoli raab,fndds_broccoli_raab_cooked,en,usda_fndds_generated
"Broccoli, chinese, raw",fndds_broccoli_chinese_raw,en,usda_fndds_exact
Broccoli chinese raw,fndds_broccoli_chinese_raw,en,usda_fndds_generated
raw chinese Broccoli,fndds_broccoli_chinese_raw,en,usda_fndds_generated
"Broccoli, Chinese, cooked",fndds_broccoli_chinese_cooked,en,usda_fndds_exact
Broccoli Chinese cooked,fndds_broccoli_chinese_cooked,en,usda_fndds_generated
cooked Chinese Broccoli,fndds_broccoli_chinese_cooked,en,usda_fndds_generated
"Broccoli, fresh, cooked with oil",fndds_broccoli_fresh_cooked_with_oil,en,usda_fndds_exact
Broccoli fresh cooked with oil,fndds_broccoli_fresh_cooked_with_oil,en,usda_fndds_generated
"Spinach, raw",fndds_spinach_raw,en,usda_fndds_exact
Spinach raw,fndds_spinach_raw,en,usda_fndds_generated
raw Spinach,fndds_spinach_raw,en,usda_fndds_generated
"Spinach, creamed",fndds_spinach_creamed,en,usda_fndds_exact
Spinach creamed,fndds_spinach_creamed,en,usda_fndds_generated
creamed Spinach,fndds_spinach_creamed,en,usda_fndds_generated
"Spinach, fresh, cooked with oil",fndds_spinach_fresh_cooked_with_oil,en,usda_fndds_exact
Spinach fresh cooked with oil,fndds_spinach_fresh_cooked_with_oil,en,usda_fndds_generated
"Spinach, frozen, cooked with oil",fndds_spinach_frozen_cooked_with_oil,en,usda_fndds_exact
Spinach frozen cooked with oil,fndds_spinach_frozen_cooked_with_oil,en,usda_fndds_generated
"Spinach, canned, cooked with oil",fndds_spinach_canned_cooked_with_oil,en,usda_fndds_exact
Spinach canned cooked with oil,fndds_spinach_canned_cooked_with_oil,en,usda_fndds_generated
"Lettuce, raw",fndds_lettuce_raw,en,usda_fndds_exact
Lettuce raw,fndds_lettuce_raw,en,usda_fndds_generated
raw Lettuce,fndds_lettuce_raw,en,usda_fndds_generated
"Radicchio, raw",fndds_radicchio_raw,en,usda_fndds_exact
Radicchio raw,fndds_radicchio_raw,en,usda_fndds_generated
raw Radicchio,fndds_radicchio_raw,en,usda_fndds_generated
"Lettuce, cooked",fndds_lettuce_cooked,en,usda_fndds_exact
Lettuce cooked,fndds_lettuce_cooked,en,usda_fndds_generated
cooked Lettuce,fndds_lettuce_cooked,en,usda_fndds_generated
"Mixed salad greens, raw",fndds_mixed_salad_greens_raw,en,usda_fndds_exact
Mixed salad greens raw,fndds_mixed_salad_greens_raw,en,usda_fndds_generated
raw Mixed salad greens,fndds_mixed_salad_greens_raw,en,usda_fndds_generated
"Lettuce, Boston, raw",fndds_lettuce_boston_raw,en,usda_fndds_exact
Lettuce Boston raw,fndds_lettuce_boston_raw,en,usda_fndds_generated
raw Boston Lettuce,fndds_lettuce_boston_raw,en,usda_fndds_generated
"Lettuce, arugula, raw",fndds_lettuce_arugula_raw,en,usda_fndds_exact
Lettuce arugula raw,fndds_lettuce_arugula_raw,en,usda_fndds_generated
raw arugula Lettuce,fndds_lettuce_arugula_raw,en,usda_fndds_generated
"Chard, raw",fndds_chard_raw,en,usda_fndds_exact
Chard raw,fndds_chard_raw,en,usda_fndds_generated
raw Chard,fndds_chard_raw,en,usda_fndds_generated
"Cress, raw",fndds_cress_raw,en,usda_fndds_exact
Cress raw,fndds_cress_raw,en,usda_fndds_generated
raw Cress,fndds_cress_raw,en,usda_fndds_generated
"Chard, cooked",fndds_chard_cooked,en,usda_fndds_exact
Chard cooked,fndds_chard_cooked,en,usda_fndds_generated
cooked Chard,fndds_chard_cooked,en,usda_fndds_generated
"Collards, raw",fndds_collards_raw,en,usda_fndds_exact
Collards raw,fndds_collards_raw,en,usda_fndds_generated
raw Collards,fndds_collards_raw,en,usda_fndds_generated
"Cress, cooked",fndds_cress_cooked,en,usda_fndds_exact
Cress cooked,fndds_cress_cooked,en,usda_fndds_generated
cooked Cress,fndds_cress_cooked,en,usda_fndds_generated
"Watercress, raw",fndds_watercress_raw,en,usda_fndds_exact
Watercress raw,fndds_watercress_raw,en,usda_fndds_generated
raw Watercress,fndds_watercress_raw,en,usda_fndds_generated
"Beet greens, raw",fndds_beet_greens_raw,en,usda_fndds_exact
Beet greens raw,fndds_beet_greens_raw,en,usda_fndds_generated
raw Beet greens,fndds_beet_greens_raw,en,usda_fndds_generated
"Escarole, cooked",fndds_escarole_cooked,en,usda_fndds_exact
Escarole cooked,fndds_escarole_cooked,en,usda_fndds_generated
cooked Escarole,fndds_escarole_cooked,en,usda_fndds_generated
"Watercress, cooked",fndds_watercress_cooked,en,usda_fndds_exact
Watercress cooked,fndds_watercress_cooked,en,usda_fndds_generated
cooked Watercress,fndds_watercress_cooked,en,usda_fndds_generated
"Beet greens, cooked",fndds_beet_greens_cooked,en,usda_fndds_exact
Beet greens cooked,fndds_beet_greens_cooked,en,usda_fndds_generated
cooked Beet greens,fndds_beet_greens_cooked,en,usda_fndds_generated
"Mustard greens, raw",fndds_mustard_greens_raw,en,usda_fndds_exact
Mustard greens raw,fndds_mustard_greens_raw,en,usda_fndds_generated
raw Mustard greens,fndds_mustard_greens_raw,en,usda_fndds_generated
"Green beans, raw",fndds_green_beans_raw,en,usda_fndds_exact
Green beans raw,fndds_green_beans_raw,en,usda_fndds_generated
raw Green beans,fndds_green_beans_raw,en,usda_fndds_generated
"Yellow string beans, cooked",fndds_yellow_string_beans_cooked,en,usda_fndds_exact
Yellow string beans cooked,fndds_yellow_string_beans_cooked,en,usda_fndds_generated
cooked Yellow string beans,fndds_yellow_string_beans_cooked,en,usda_fndds_generated
"Green beans, fresh, cooked with oil",fndds_green_beans_fresh_cooked_with_oil,en,usda_fndds_exact
Green beans fresh cooked with oil,fndds_green_beans_fresh_cooked_with_oil,en,usda_fndds_generated
"Green beans, frozen, cooked with oil",fndds_green_beans_frozen_cooked_with_oil,en,usda_fndds_exact
Green beans frozen cooked with oil,fndds_green_beans_frozen_cooked_with_oil,en,usda_fndds_generated
"Green beans, canned, cooked with oil",fndds_green_beans_canned_cooked_with_oil,en,usda_fndds_exact
Green beans canned cooked with oil,fndds_green_beans_canned_cooked_with_oil,en,usda_fndds_generated
"Green beans, fresh, cooked, no added fat",fndds_green_beans_fresh_cooked_no_added_fat,en,usda_fndds_exact
Green beans fresh cooked no added fat,fndds_green_beans_fresh_cooked_no_added_fat,en,usda_fndds_generated
"Cabbage, red, raw",fndds_cabbage_red_raw,en,usda_fndds_exact
Cabbage red raw,fndds_cabbage_red_raw,en,usda_fndds_generated
raw red Cabbage,fndds_cabbage_red_raw,en,usda_fndds_generated
"Cabbage, green, raw",fndds_cabbage_green_raw,en,usda_fndds_exact
Cabbage green raw,fndds_cabbage_green_raw,en,usda_fndds_generated
raw green Cabbage,fndds_cabbage_green_raw,en,usda_fndds_generated
"Cabbage, red, cooked",fndds_cabbage_red_cooked,en,usda_fndds_exact
Cabbage red cooked,fndds_cabbage_red_cooked,en,usda_fndds_generated
cooked red Cabbage,fndds_cabbage_red_cooked,en,usda_fndds_generated
"Cabbage, Chinese, raw",fndds_cabbage_chinese_raw,en,usda_fndds_exact
Cabbage Chinese raw,fndds_cabbage_chinese_raw,en,usda_fndds_generated
raw Chinese Cabbage,fndds_cabbage_chinese_raw,en,usda_fndds_generated
"Cabbage, savoy, cooked",fndds_cabbage_savoy_cooked,en,usda_fndds_exact
Cabbage savoy cooked,fndds_cabbage_savoy_cooked,en,usda_fndds_generated
cooked savoy Cabbage,fndds_cabbage_savoy_cooked,en,usda_fndds_generated
Leeks,fndds_leeks,en,usda_fndds_exact
"Onions, raw",fndds_onions_raw,en,usda_fndds_exact
Onions raw,fndds_onions_raw,en,usda_fndds_generated
raw Onions,fndds_onions_raw,en,usda_fndds_generated
"Onions, green, raw",fndds_onions_green_raw,en,usda_fndds_exact
Onions green raw,fndds_onions_green_raw,en,usda_fndds_generated
raw green Onions,fndds_onions_green_raw,en,usda_fndds_generated
"Onions, pearl, cooked",fndds_onions_pearl_cooked,en,usda_fndds_exact
Onions pearl cooked,fndds_onions_pearl_cooked,en,usda_fndds_generated
cooked pearl Onions,fndds_onions_pearl_cooked,en,usda_fndds_generated
"Corn, raw",fndds_corn_raw,en,usda_fndds_exact
Corn raw,fndds_corn_raw,en,usda_fndds_generated
raw Corn,fndds_corn_raw,en,usda_fndds_generated
"Corn, creamed",fndds_corn_creamed,en,usda_fndds_exact
Corn creamed,fndds_corn_creamed,en,usda_fndds_generated
creamed Corn,fndds_corn_creamed,en,usda_fndds_generated
"Corn, fresh, cooked with oil",fndds_corn_fresh_cooked_with_oil,en,usda_fndds_exact
Corn fresh cooked with oil,fndds_corn_fresh_cooked_with_oil,en,usda_fndds_generated
"Corn, frozen, cooked with oil",fndds_corn_frozen_cooked_with_oil,en,usda_fndds_exact
Corn frozen cooked with oil,fndds_corn_frozen_cooked_with_oil,en,usda_fndds_generated
"Corn, canned, cooked with oil",fndds_corn_canned_cooked_with_oil,en,usda_fndds_exact
Corn canned cooked with oil,fndds_corn_canned_cooked_with_oil,en,usda_fndds_generated
"Corn, fresh, cooked, no added fat",fndds_corn_fresh_cooked_no_added_fat,en,usda_fndds_exact
Corn fresh cooked no added fat,fndds_corn_fresh_cooked_no_added_fat,en,usda_fndds_generated
Fufu,fndds_fufu,en,usda_fndds_exact
"Taro, cooked",fndds_taro_cooked,en,usda_fndds_exact
Taro cooked,fndds_taro_cooked,en,usda_fndds_generated
cooked Taro,fndds_taro_cooked,en,usda_fndds_generated
"Plantain, raw",fndds_plantain_raw,en,usda_fndds_exact
Plantain raw,fndds_plantain_raw,en,usda_fndds_generated
raw Plantain,fndds_plantain_raw,en,usda_fndds_generated
Water Chesnut,fndds_water_chesnut,en,usda_fndds_exact
"Cassava, cooked",fndds_cassava_cooked,en,usda_fndds_exact
Cassava cooked,fndds_cassava_cooked,en,usda_fndds_generated
cooked Cassava,fndds_cassava_cooked,en,usda_fndds_generated
"Green peas, raw",fndds_green_peas_raw,en,usda_fndds_exact
Green peas raw,fndds_green_peas_raw,en,usda_fndds_generated
raw Green peas,fndds_green_peas_raw,en,usda_fndds_generated
"Breadfruit, cooked",fndds_breadfruit_cooked,en,usda_fndds_exact
Breadfruit cooked,fndds_breadfruit_cooked,en,usda_fndds_generated
cooked Breadfruit,fndds_breadfruit_cooked,en,usda_fndds_generated
"Plantain, cooked with oil",fndds_plantain_cooked_with_oil,en,usda_fndds_exact
Plantain cooked with oil,fndds_plantain_cooked_with_oil,en,usda_fndds_generated
"Lima beans, from canned",fndds_lima_beans_from_canned,en,usda_fndds_exact
Lima beans from canned,fndds_lima_beans_from_canned,en,usda_fndds_generated
"Blackeyed peas, from canned",fndds_blackeyed_peas_from_canned,en,usda_fndds_exact
Blackeyed peas from canned,fndds_blackeyed_peas_from_canned,en,usda_fndds_generated
Radish,fndds_radish,en,usda_fndds_exact
Artichoke,fndds_artichoke,en,usda_fndds_exact
"Beets, raw",fndds_beets_raw,en,usda_fndds_exact
Beets raw,fndds_beets_raw,en,usda_fndds_generated
raw Beets,fndds_beets_raw,en,usda_fndds_generated
"Cactus, raw",fndds_cactus_raw,en,usda_fndds_exact
Cactus raw,fndds_cactus_raw,en,usda_fndds_generated
raw Cactus,fndds_cactus_raw,en,usda_fndds_generated
"Celery, raw",fndds_celery_raw,en,usda_fndds_exact
Celery raw,fndds_celery_raw,en,usda_fndds_generated
raw Celery,fndds_celery_raw,en,usda_fndds_generated
"Jicama, raw",fndds_jicama_raw,en,usda_fndds_exact
Jicama raw,fndds_jicama_raw,en,usda_fndds_generated
raw Jicama,fndds_jicama_raw,en,usda_fndds_generated
"Turnip, raw",fndds_turnip_raw,en,usda_fndds_exact
Turnip raw,fndds_turnip_raw,en,usda_fndds_generated
raw Turnip,fndds_turnip_raw,en,usda_fndds_generated
"Avocado, raw",fndds_avocado_raw,en,usda_fndds_exact
Avocado raw,fndds_avocado_raw,en,usda_fndds_generated
raw Avocado,fndds_avocado_raw,en,usda_fndds_generated
"Seaweed, raw",fndds_seaweed_raw,en,usda_fndds_exact
Seaweed raw,fndds_seaweed_raw,en,usda_fndds_generated
raw Seaweed,fndds_seaweed_raw,en,usda_fndds_generated
"Cucumber, raw",fndds_cucumber_raw,en,usda_fndds_exact
Cucumber raw,fndds_cucumber_raw,en,usda_fndds_generated
raw Cucumber,fndds_cucumber_raw,en,usda_fndds_generated
"Eggplant, raw",fndds_eggplant_raw,en,usda_fndds_exact
Eggplant raw,fndds_eggplant_raw,en,usda_fndds_generated
raw Eggplant,fndds_eggplant_raw,en,usda_fndds_generated
"Kohlrabi, raw",fndds_kohlrabi_raw,en,usda_fndds_exact
Kohlrabi raw,fndds_kohlrabi_raw,en,usda_fndds_generated
raw Kohlrabi,fndds_kohlrabi_raw,en,usda_fndds_generated
"Rutabaga, raw",fndds_rutabaga_raw,en,usda_fndds_exact
Rutabaga raw,fndds_rutabaga_raw,en,usda_fndds_generated
raw Rutabaga,fndds_rutabaga_raw,en,usda_fndds_generated
"Snowpeas, raw",fndds_snowpeas_raw,en,usda_fndds_exact
Snowpeas raw,fndds_snowpeas_raw,en,usda_fndds_generated
raw Snowpeas,fndds_snowpeas_raw,en,usda_fndds_generated
"Asparagus, raw",fndds_asparagus_raw,en,usda_fndds_exact
Asparagus raw,fndds_asparagus_raw,en,usda_fndds_generated
raw Asparagus,fndds_asparagus_raw,en,usda_fndds_generated
"Mushrooms, raw",fndds_mushrooms_raw,en,usda_fndds_exact
Mushrooms raw,fndds_mushrooms_raw,en,usda_fndds_generated
raw Mushrooms,fndds_mushrooms_raw,en,usda_fndds_generated
"Celery, cooked",fndds_celery_cooked,en,usda_fndds_exact
Celery cooked,fndds_celery_cooked,en,usda_fndds_generated
cooked Celery,fndds_celery_cooked,en,usda_fndds_generated
"Turnip, cooked",fndds_turnip_cooked,en,usda_fndds_exact
Turnip cooked,fndds_turnip_cooked,en,usda_fndds_generated
cooked Turnip,fndds_turnip_cooked,en,usda_fndds_generated
"Burdock, cooked",fndds_burdock_cooked,en,usda_fndds_exact
Burdock cooked,fndds_burdock_cooked,en,usda_fndds_generated
cooked Burdock,fndds_burdock_cooked,en,usda_fndds_generated
Pakora,fndds_pakora,en,usda_fndds_exact
Yuca fries,fndds_yuca_fries,en,usda_fndds_exact
Fried okra,fndds_fried_okra,en,usda_fndds_exact
Fried broccoli,fndds_fried_broccoli,en,usda_fndds_exact
Fried eggplant,fndds_fried_eggplant,en,usda_fndds_exact
Fried mushrooms,fndds_fried_mushrooms,en,usda_fndds_exact
Sweet potato tots,fndds_sweet_potato_tots,en,usda_fndds_exact
Fried green beans,fndds_fried_green_beans,en,usda_fndds_exact
Coleslaw,fndds_coleslaw,en,usda_fndds_exact
Pea salad,fndds_pea_salad,en,usda_fndds_exact
Broccoli slaw salad,fndds_broccoli_slaw_salad,en,usda_fndds_exact
Pea salad with cheese,fndds_pea_salad_with_cheese,en,usda_fndds_exact
"Carrots, raw, salad",fndds_carrots_raw_salad,en,usda_fndds_exact
Carrots raw salad,fndds_carrots_raw_salad,en,usda_fndds_generated
salad raw Carrots,fndds_carrots_raw_salad,en,usda_fndds_generated
"Coleslaw, with fruit",fndds_coleslaw_with_fruit,en,usda_fndds_exact
Coleslaw with fruit,fndds_coleslaw_with_fruit,en,usda_fndds_generated
Cucumber and vegetable namasu,fndds_cucumber_and_vegetable_namasu,en,usda_fndds_exact
"Onions, for use on a sandwich",fndds_onions_for_use_on_a_sandwich,en,usda_fndds_exact
Onions for use on a sandwich,fndds_onions_for_use_on_a_sandwich,en,usda_fndds_generated
for use on a sandwich Onions,fndds_onions_for_use_on_a_sandwich,en,usda_fndds_generated
"Pepper, for use on a sandwich",fndds_pepper_for_use_on_a_sandwich,en,usda_fndds_exact
Pepper for use on a sandwich,fndds_pepper_for_use_on_a_sandwich,en,usda_fndds_generated
for use on a sandwich Pepper,fndds_pepper_for_use_on_a_sandwich,en,usda_fndds_generated
"Avocado, for use on a sandwich",fndds_avocado_for_use_on_a_sandwich,en,usda_fndds_exact
Avocado for use on a sandwich,fndds_avocado_for_use_on_a_sandwich,en,usda_fndds_generated
for use on a sandwich Avocado,fndds_avocado_for_use_on_a_sandwich,en,usda_fndds_generated
"Lettuce, for use on a sandwich",fndds_lettuce_for_use_on_a_sandwich,en,usda_fndds_exact
Lettuce for use on a sandwich,fndds_lettuce_for_use_on_a_sandwich,en,usda_fndds_generated
for use on a sandwich Lettuce,fndds_lettuce_for_use_on_a_sandwich,en,usda_fndds_generated
"Spinach, for use on a sandwich",fndds_spinach_for_use_on_a_sandwich,en,usda_fndds_exact
Spinach for use on a sandwich,fndds_spinach_for_use_on_a_sandwich,en,usda_fndds_generated
for use on a sandwich Spinach,fndds_spinach_for_use_on_a_sandwich,en,usda_fndds_generated
"Potato, baked, peel eaten",fndds_potato_baked_peel_eaten,en,usda_fndds_exact
Potato baked peel eaten,fndds_potato_baked_peel_eaten,en,usda_fndds_generated
peel eaten baked Potato,fndds_potato_baked_peel_eaten,en,usda_fndds_generated
"Potato, baked, peel not eaten",fndds_potato_baked_peel_not_eaten,en,usda_fndds_exact
Potato baked peel not eaten,fndds_potato_baked_peel_not_eaten,en,usda_fndds_generated
peel not eaten baked Potato,fndds_potato_baked_peel_not_eaten,en,usda_fndds_generated
"Potato, boiled, ready-to-heat",fndds_potato_boiled_ready_to_heat,en,usda_fndds_exact
Potato boiled ready-to-heat,fndds_potato_boiled_ready_to_heat,en,usda_fndds_generated
ready-to-heat boiled Potato,fndds_potato_boiled_ready_to_heat,en,usda_fndds_generated
"Potato, roasted, ready-to-heat",fndds_potato_roasted_ready_to_heat,en,usda_fndds_exact
Potato roasted ready-to-heat,fndds_potato_roasted_ready_to_heat,en,usda_fndds_generated
ready-to-heat roasted Potato,fndds_potato_roasted_ready_to_heat,en,usda_fndds_generated
"Potato, canned, no added fat",fndds_potato_canned_no_added_fat,en,usda_fndds_exact
Potato canned no added fat,fndds_potato_canned_no_added_fat,en,usda_fndds_generated
"Potato, baked, peel eaten, with meat",fndds_potato_baked_peel_eaten_with_meat,en,usda_fndds_exact
Potato baked peel eaten with meat,fndds_potato_baked_peel_eaten_with_meat,en,usda_fndds_generated
"Potato, baked, peel eaten, with chili",fndds_potato_baked_peel_eaten_with_chili,en,usda_fndds_exact
Potato baked peel eaten with chili,fndds_potato_baked_peel_eaten_with_chili,en,usda_fndds_generated
"Potato, baked, peel eaten, with butter",fndds_potato_baked_peel_eaten_with_butter,en,usda_fndds_exact
Potato baked peel eaten with butter,fndds_potato_baked_peel_eaten_with_butter,en,usda_fndds_generated
"Potato, baked, peel eaten, with cheese",fndds_potato_baked_peel_eaten_with_cheese,en,usda_fndds_exact
Potato baked peel eaten with cheese,fndds_potato_baked_peel_eaten_with_cheese,en,usda_fndds_generated
"Potato, baked, peel not eaten, with meat",fndds_potato_baked_peel_not_eaten_with_meat,en,usda_fndds_exact
Potato baked peel not eaten with meat,fndds_potato_baked_peel_not_eaten_with_meat,en,usda_fndds_generated
Potato patty,fndds_potato_patty,en,usda_fndds_exact
Potato skins without topping,fndds_potato_skins_without_topping,en,usda_fndds_exact
"Potato skins, with cheese",fndds_potato_skins_with_cheese,en,usda_fndds_exact
Potato skins with cheese,fndds_potato_skins_with_cheese,en,usda_fndds_generated
"Potato tots, frozen, baked",fndds_potato_tots_frozen_baked,en,usda_fndds_exact
Potato tots frozen baked,fndds_potato_tots_frozen_baked,en,usda_fndds_generated
baked frozen Potato tots,fndds_potato_tots_frozen_baked,en,usda_fndds_generated
"Potato tots, frozen, fried",fndds_potato_tots_frozen_fried,en,usda_fndds_exact
Potato tots frozen fried,fndds_potato_tots_frozen_fried,en,usda_fndds_generated
fried frozen Potato tots,fndds_potato_tots_frozen_fried,en,usda_fndds_generated
"Potato tots, school",fndds_potato_tots_school,en,usda_fndds_exact
Potato tots school,fndds_potato_tots_school,en,usda_fndds_generated
school Potato tots,fndds_potato_tots_school,en,usda_fndds_generated
"Potato, home fries, from fresh",fndds_potato_home_fries_from_fresh,en,usda_fndds_exact
Potato home fries from fresh,fndds_potato_home_fries_from_fresh,en,usda_fndds_generated
"Potato, hash brown, from fresh",fndds_potato_hash_brown_from_fresh,en,usda_fndds_exact
Potato hash brown from fresh,fndds_potato_hash_brown_from_fresh,en,usda_fndds_generated
"Potato tots, from fresh, fried or baked",fndds_potato_tots_from_fresh_fried_or_baked,en,usda_fndds_exact
Potato tots from fresh fried or baked,fndds_potato_tots_from_fresh_fried_or_baked,en,usda_fndds_generated
"Potato skins, with cheese and bacon",fndds_potato_skins_with_cheese_and_bacon,en,usda_fndds_exact
Potato skins with cheese and bacon,fndds_potato_skins_with_cheese_and_bacon,en,usda_fndds_generated
Lefse,fndds_lefse,en,usda_fndds_exact
Potato pancake,fndds_potato_pancake,en,usda_fndds_exact
Stewed potatoes,fndds_stewed_potatoes,en,usda_fndds_exact
Stewed potatoes with tomatoes,fndds_stewed_potatoes_with_tomatoes,en,usda_fndds_exact
"Potato salad, German style",fndds_potato_salad_german_style,en,usda_fndds_exact
Potato salad German style,fndds_potato_salad_german_style,en,usda_fndds_generated
"Potato, scalloped, from fresh",fndds_potato_scalloped_from_fresh,en,usda_fndds_exact
Potato scalloped from fresh,fndds_potato_scalloped_from_fresh,en,usda_fndds_generated
"Potato, mashed, ready-to-heat",fndds_potato_mashed_ready_to_heat,en,usda_fndds_exact
Potato mashed ready-to-heat,fndds_potato_mashed_ready_to_heat,en,usda_fndds_generated
ready-to-heat mashed Potato,fndds_potato_mashed_ready_to_heat,en,usda_fndds_generated
"Potato salad, made with mayonnaise",fndds_potato_salad_made_with_mayonnaise,en,usda_fndds_exact
Potato salad made with mayonnaise,fndds_potato_salad_made_with_mayonnaise,en,usda_fndds_generated
"Potato, scalloped, from dry mix",fndds_potato_scalloped_from_dry_mix,en,usda_fndds_exact
Potato scalloped from dry mix,fndds_potato_scalloped_from_dry_mix,en,usda_fndds_generated
"Stewed potatoes, Puerto Rican style",fndds_stewed_potatoes_puerto_rican_style,en,usda_fndds_exact
Stewed potatoes Puerto Rican style,fndds_stewed_potatoes_puerto_rican_style,en,usda_fndds_generated
"Potato, scalloped, ready-to-heat",fndds_potato_scalloped_ready_to_heat,en,usda_fndds_exact
Potato scalloped ready-to-heat,fndds_potato_scalloped_ready_to_heat,en,usda_fndds_generated
ready-to-heat scalloped Potato,fndds_potato_scalloped_ready_to_heat,en,usda_fndds_generated
"Potato salad, made with creamy dressing",fndds_potato_salad_made_with_creamy_dressing,en,usda_fndds_exact
Potato salad made with creamy dressing,fndds_potato_salad_made_with_creamy_dressing,en,usda_fndds_generated
"Tangerine juice, 100%",fndds_tangerine_juice_100,en,usda_fndds_exact
Tangerine juice 100%,fndds_tangerine_juice_100,en,usda_fndds_generated
100% Tangerine juice,fndds_tangerine_juice_100,en,usda_fndds_generated
"Orange juice, 100%,  freshly squeezed",fndds_orange_juice_100_freshly_squeezed,en,usda_fndds_exact
Orange juice 100% freshly squeezed,fndds_orange_juice_100_freshly_squeezed,en,usda_fndds_generated
freshly squeezed 100% Orange juice,fndds_orange_juice_100_freshly_squeezed,en,usda_fndds_generated
"Grapefruit juice, 100%, freshly squeezed",fndds_grapefruit_juice_100_freshly_squeezed,en,usda_fndds_exact
Grapefruit juice 100% freshly squeezed,fndds_grapefruit_juice_100_freshly_squeezed,en,usda_fndds_generated
freshly squeezed 100% Grapefruit juice,fndds_grapefruit_juice_100_freshly_squeezed,en,usda_fndds_generated
"Grapefruit juice, 100%, with calcium added",fndds_grapefruit_juice_100_with_calcium_added,en,usda_fndds_exact
Grapefruit juice 100% with calcium added,fndds_grapefruit_juice_100_with_calcium_added,en,usda_fndds_generated
"Orange juice, 100%, frozen, reconstituted",fndds_orange_juice_100_frozen_reconstituted,en,usda_fndds_exact
Orange juice 100% frozen reconstituted,fndds_orange_juice_100_frozen_reconstituted,en,usda_fndds_generated
reconstituted frozen 100% Orange juice,fndds_orange_juice_100_frozen_reconstituted,en,usda_fndds_generated
Apple cider,fndds_apple_cider,en,usda_fndds_exact
"Apple juice, 100%",fndds_apple_juice_100,en,usda_fndds_exact
Apple juice 100%,fndds_apple_juice_100,en,usda_fndds_generated
100% Apple juice,fndds_apple_juice_100,en,usda_fndds_generated
"Apple juice, 100%, with calcium added",fndds_apple_juice_100_with_calcium_added,en,usda_fndds_exact
Apple juice 100% with calcium added,fndds_apple_juice_100_with_calcium_added,en,usda_fndds_generated
Blueberry juice,fndds_blueberry_juice,en,usda_fndds_exact
"Grape juice, 100%",fndds_grape_juice_100,en,usda_fndds_exact
Grape juice 100%,fndds_grape_juice_100,en,usda_fndds_generated
100% Grape juice,fndds_grape_juice_100,en,usda_fndds_generated
"Prune juice, 100%",fndds_prune_juice_100,en,usda_fndds_exact
Prune juice 100%,fndds_prune_juice_100,en,usda_fndds_generated
100% Prune juice,fndds_prune_juice_100,en,usda_fndds_generated
Aloe vera juice drink,fndds_aloe_vera_juice_drink,en,usda_fndds_exact
"Strawberry juice, 100%",fndds_strawberry_juice_100,en,usda_fndds_exact
Strawberry juice 100%,fndds_strawberry_juice_100,en,usda_fndds_generated
100% Strawberry juice,fndds_strawberry_juice_100,en,usda_fndds_generated
"Papaya juice, 100%",fndds_papaya_juice_100,en,usda_fndds_exact
Papaya juice 100%,fndds_papaya_juice_100,en,usda_fndds_generated
100% Papaya juice,fndds_papaya_juice_100,en,usda_fndds_generated
"Pineapple juice, 100%",fndds_pineapple_juice_100,en,usda_fndds_exact
Pineapple juice 100%,fndds_pineapple_juice_100,en,usda_fndds_generated
100% Pineapple juice,fndds_pineapple_juice_100,en,usda_fndds_generated
Beet juice,fndds_beet_juice,en,usda_fndds_exact
Celery juice,fndds_celery_juice,en,usda_fndds_exact
Tomato juice cocktail,fndds_tomato_juice_cocktail,en,usda_fndds_exact
Mixed vegetable juice,fndds_mixed_vegetable_juice,en,usda_fndds_exact
"Carrot juice, 100%",fndds_carrot_juice_100,en,usda_fndds_exact
Carrot juice 100%,fndds_carrot_juice_100,en,usda_fndds_generated
100% Carrot juice,fndds_carrot_juice_100,en,usda_fndds_generated
"Soft drink, cola, diet",fndds_soft_drink_cola_diet,en,usda_fndds_exact
Soft drink cola diet,fndds_soft_drink_cola_diet,en,usda_fndds_generated
diet cola Soft drink,fndds_soft_drink_cola_diet,en,usda_fndds_generated
"Soft drink, root beer, diet",fndds_soft_drink_root_beer_diet,en,usda_fndds_exact
Soft drink root beer diet,fndds_soft_drink_root_beer_diet,en,usda_fndds_generated
diet root beer Soft drink,fndds_soft_drink_root_beer_diet,en,usda_fndds_generated
"Soft drink, cream soda, diet",fndds_soft_drink_cream_soda_diet,en,usda_fndds_exact
Soft drink cream soda diet,fndds_soft_drink_cream_soda_diet,en,usda_fndds_generated
diet cream soda Soft drink,fndds_soft_drink_cream_soda_diet,en,usda_fndds_generated
"Soft drink, ginger ale, diet",fndds_soft_drink_ginger_ale_diet,en,usda_fndds_exact
Soft drink ginger ale diet,fndds_soft_drink_ginger_ale_diet,en,usda_fndds_generated
diet ginger ale Soft drink,fndds_soft_drink_ginger_ale_diet,en,usda_fndds_generated
"Soft drink, pepper type, diet",fndds_soft_drink_pepper_type_diet,en,usda_fndds_exact
Soft drink pepper type diet,fndds_soft_drink_pepper_type_diet,en,usda_fndds_generated
"Soft drink, chocolate flavored, diet",fndds_soft_drink_chocolate_flavored_diet,en,usda_fndds_exact
Soft drink chocolate flavored diet,fndds_soft_drink_chocolate_flavored_diet,en,usda_fndds_generated
diet chocolate flavored Soft drink,fndds_soft_drink_chocolate_flavored_diet,en,usda_fndds_generated
"Energy drink, sugar free",fndds_energy_drink_sugar_free,en,usda_fndds_exact
Energy drink sugar free,fndds_energy_drink_sugar_free,en,usda_fndds_generated
sugar free Energy drink,fndds_energy_drink_sugar_free,en,usda_fndds_generated
"Sports drink, low calorie",fndds_sports_drink_low_calorie,en,usda_fndds_exact
Sports drink low calorie,fndds_sports_drink_low_calorie,en,usda_fndds_generated
low calorie Sports drink,fndds_sports_drink_low_calorie,en,usda_fndds_generated
"Energy drink, sugar-free (NOS)",fndds_energy_drink_sugar_free_nos,en,usda_fndds_exact
Energy drink sugar-free NOS,fndds_energy_drink_sugar_free_nos,en,usda_fndds_generated
"Energy drink, sugar free (Vault)",fndds_energy_drink_sugar_free_vault,en,usda_fndds_exact
Energy drink sugar free Vault,fndds_energy_drink_sugar_free_vault,en,usda_fndds_generated
"Energy drink, sugar free (Monster)",fndds_energy_drink_sugar_free_monster,en,usda_fndds_exact
Energy drink sugar free Monster,fndds_energy_drink_sugar_free_monster,en,usda_fndds_generated
"Energy drink, sugar free (No Fear)",fndds_energy_drink_sugar_free_no_fear,en,usda_fndds_exact
Energy drink sugar free No Fear,fndds_energy_drink_sugar_free_no_fear,en,usda_fndds_generated
"Fruit flavored drink, diet",fndds_fruit_flavored_drink_diet,en,usda_fndds_exact
Fruit flavored drink diet,fndds_fruit_flavored_drink_diet,en,usda_fndds_generated
diet Fruit flavored drink,fndds_fruit_flavored_drink_diet,en,usda_fndds_generated
"Slush frozen drink, no sugar added",fndds_slush_frozen_drink_no_sugar_added,en,usda_fndds_exact
Slush frozen drink no sugar added,fndds_slush_frozen_drink_no_sugar_added,en,usda_fndds_generated
"Fruit flavored drink, with high vitamin C, diet",fndds_fruit_flavored_drink_with_high_vitamin_c_diet,en,usda_fndds_exact
Fruit flavored drink with high vitamin C diet,fndds_fruit_flavored_drink_with_high_vitamin_c_diet,en,usda_fndds_generated
"Fruit flavored drink, powdered, reconstituted, diet",fndds_fruit_flavored_drink_powdered_reconstituted_diet,en,usda_fndds_exact
Fruit flavored drink powdered reconstituted diet,fndds_fruit_flavored_drink_powdered_reconstituted_diet,en,usda_fndds_generated
diet reconstituted powdered Fruit flavored drink,fndds_fruit_flavored_drink_powdered_reconstituted_diet,en,usda_fndds_generated
"Soft drink, cola",fndds_soft_drink_cola,en,usda_fndds_exact
Soft drink cola,fndds_soft_drink_cola,en,usda_fndds_generated
cola Soft drink,fndds_soft_drink_cola,en,usda_fndds_generated
"Soft drink, root beer",fndds_soft_drink_root_beer,en,usda_fndds_exact
Soft drink root beer,fndds_soft_drink_root_beer,en,usda_fndds_generated
root beer Soft drink,fndds_soft_drink_root_beer,en,usda_fndds_generated
"Soft drink, cream soda",fndds_soft_drink_cream_soda,en,usda_fndds_exact
Soft drink cream soda,fndds_soft_drink_cream_soda,en,usda_fndds_generated
cream soda Soft drink,fndds_soft_drink_cream_soda,en,usda_fndds_generated
"Soft drink, ginger ale",fndds_soft_drink_ginger_ale,en,usda_fndds_exact
Soft drink ginger ale,fndds_soft_drink_ginger_ale,en,usda_fndds_generated
ginger ale Soft drink,fndds_soft_drink_ginger_ale,en,usda_fndds_generated
"Soft drink, pepper type",fndds_soft_drink_pepper_type,en,usda_fndds_exact
Soft drink pepper type,fndds_soft_drink_pepper_type,en,usda_fndds_generated
"Soft drink, chocolate flavored",fndds_soft_drink_chocolate_flavored,en,usda_fndds_exact
Soft drink chocolate flavored,fndds_soft_drink_chocolate_flavored,en,usda_fndds_generated
chocolate flavored Soft drink,fndds_soft_drink_chocolate_flavored,en,usda_fndds_generated
Pear nectar,fndds_pear_nectar,en,usda_fndds_exact
Guava nectar,fndds_guava_nectar,en,usda_fndds_exact
Mango nectar,fndds_mango_nectar,en,usda_fndds_exact
Peach nectar,fndds_peach_nectar,en,usda_fndds_exact
Banana nectar,fndds_banana_nectar,en,usda_fndds_exact
Papaya nectar,fndds_papaya_nectar,en,usda_fndds_exact
Apricot nectar,fndds_apricot_nectar,en,usda_fndds_exact
Tamarind drink,fndds_tamarind_drink,en,usda_fndds_exact
Shirley Temple,fndds_shirley_temple,en,usda_fndds_exact
Cantaloupe nectar,fndds_cantaloupe_nectar,en,usda_fndds_exact
Fruit juice drink,fndds_fruit_juice_drink,en,usda_fndds_exact
Slush frozen drink,fndds_slush_frozen_drink,en,usda_fndds_exact
Energy drink (XS),fndds_energy_drink_xs,en,usda_fndds_exact
Energy drink XS,fndds_energy_drink_xs,en,usda_fndds_generated
Energy drink (NOS),fndds_energy_drink_nos,en,usda_fndds_exact
Energy drink NOS,fndds_energy_drink_nos,en,usda_fndds_generated
Energy drink (Vault),fndds_energy_drink_vault,en,usda_fndds_exact
Energy drink Vault,fndds_energy_drink_vault,en,usda_fndds_generated
Energy drink (Monster),fndds_energy_drink_monster,en,usda_fndds_exact
Energy drink Monster,fndds_energy_drink_monster,en,usda_fndds_generated
Energy drink (No Fear),fndds_energy_drink_no_fear,en,usda_fndds_exact
Energy drink No Fear,fndds_energy_drink_no_fear,en,usda_fndds_generated
Energy drink (Red Bull),fndds_energy_drink_red_bull,en,usda_fndds_exact
Energy drink Red Bull,fndds_energy_drink_red_bull,en,usda_fndds_generated
Energy drink (Rockstar),fndds_energy_drink_rockstar,en,usda_fndds_exact
Energy drink Rockstar,fndds_energy_drink_rockstar,en,usda_fndds_generated
"Nutritional drink or shake, liquid, soy-based",fndds_nutritional_drink_or_shake_liquid_soy_based,en,usda_fndds_exact
Nutritional drink or shake liquid soy-based,fndds_nutritional_drink_or_shake_liquid_soy_based,en,usda_fndds_generated
"Nutritional drink or shake, ready-to-drink (Boost)",fndds_nutritional_drink_or_shake_ready_to_drink_boost,en,usda_fndds_exact
Nutritional drink or shake ready-to-drink Boost,fndds_nutritional_drink_or_shake_ready_to_drink_boost,en,usda_fndds_generated
"Nutritional drink or shake, ready-to-drink (Ensure)",fndds_nutritional_drink_or_shake_ready_to_drink_ensure,en,usda_fndds_exact
Nutritional drink or shake ready-to-drink Ensure,fndds_nutritional_drink_or_shake_ready_to_drink_ensure,en,usda_fndds_generated
"Nutritional drink or shake, ready-to-drink (Slim Fast)",fndds_nutritional_drink_or_shake_ready_to_drink_slim_fast,en,usda_fndds_exact
Nutritional drink or shake ready-to-drink Slim Fast,fndds_nutritional_drink_or_shake_ready_to_drink_slim_fast,en,usda_fndds_generated
"Nutritional drink or shake, ready-to-drink (Boost Plus)",fndds_nutritional_drink_or_shake_ready_to_drink_boost_plus,en,usda_fndds_exact
Nutritional drink or shake ready-to-drink Boost Plus,fndds_nutritional_drink_or_shake_ready_to_drink_boost_plus,en,usda_fndds_generated
"Nutritional drink or shake, ready-to-drink (Ensure Plus)",fndds_nutritional_drink_or_shake_ready_to_drink_ensure_plus,en,usda_fndds_exact
Nutritional drink or shake ready-to-drink Ensure Plus,fndds_nutritional_drink_or_shake_ready_to_drink_ensure_plus,en,usda_fndds_generated
Atole,fndds_atole,en,usda_fndds_exact
Frescavena,fndds_frescavena,en,usda_fndds_exact
Corn beverage,fndds_corn_beverage,en,usda_fndds_exact
Atole de avena,fndds_atole_de_avena,en,usda_fndds_exact
Licuado or Batido,fndds_licuado_or_batido,en,usda_fndds_exact
Vegetable smoothie,fndds_vegetable_smoothie,en,usda_fndds_exact
Atole de chocolate,fndds_atole_de_chocolate,en,usda_fndds_exact
"Fruit smoothie, light",fndds_fruit_smoothie_light,en,usda_fndds_exact
Fruit smoothie light,fndds_fruit_smoothie_light,en,usda_fndds_generated
light Fruit smoothie,fndds_fruit_smoothie_light,en,usda_fndds_generated
Chicory beverage,fndds_chicory_beverage,en,usda_fndds_exact
"Coffee, Cuban",fndds_coffee_cuban,en,usda_fndds_exact
Coffee Cuban,fndds_coffee_cuban,en,usda_fndds_generated
Cuban Coffee,fndds_coffee_cuban,en,usda_fndds_generated
"Coffee, Latte",fndds_coffee_latte,en,usda_fndds_exact
Coffee Latte,fndds_coffee_latte,en,usda_fndds_generated
Latte Coffee,fndds_coffee_latte,en,usda_fndds_generated
Coffee substitute,fndds_coffee_substitute,en,usda_fndds_exact
"Coffee, brewed",fndds_coffee_brewed,en,usda_fndds_exact
Coffee brewed,fndds_coffee_brewed,en,usda_fndds_generated
brewed Coffee,fndds_coffee_brewed,en,usda_fndds_generated
"Coffee, Turkish",fndds_coffee_turkish,en,usda_fndds_exact
Coffee Turkish,fndds_coffee_turkish,en,usda_fndds_generated
Turkish Coffee,fndds_coffee_turkish,en,usda_fndds_generated
Frozen coffee drink,fndds_frozen_coffee_drink,en,usda_fndds_exact
"Coffee, espresso",fndds_coffee_espresso,en,usda_fndds_exact
Coffee espresso,fndds_coffee_espresso,en,usda_fndds_generated
espresso Coffee,fndds_coffee_espresso,en,usda_fndds_generated
"Coffee, macchiato",fndds_coffee_macchiato,en,usda_fndds_exact
Coffee macchiato,fndds_coffee_macchiato,en,usda_fndds_generated
macchiato Coffee,fndds_coffee_macchiato,en,usda_fndds_generated
"Coffee, Cafe Mocha",fndds_coffee_cafe_mocha,en,usda_fndds_exact
Coffee Cafe Mocha,fndds_coffee_cafe_mocha,en,usda_fndds_generated
Cafe Mocha Coffee,fndds_coffee_cafe_mocha,en,usda_fndds_generated
"Coffee, Iced Latte",fndds_coffee_iced_latte,en,usda_fndds_exact
Coffee Iced Latte,fndds_coffee_iced_latte,en,usda_fndds_generated
Iced Latte Coffee,fndds_coffee_iced_latte,en,usda_fndds_generated
"Coffee, Cappuccino",fndds_coffee_cappuccino,en,usda_fndds_exact
Coffee Cappuccino,fndds_coffee_cappuccino,en,usda_fndds_generated
Cappuccino Coffee,fndds_coffee_cappuccino,en,usda_fndds_generated
"Iced Coffee, brewed",fndds_iced_coffee_brewed,en,usda_fndds_exact
Iced Coffee brewed,fndds_iced_coffee_brewed,en,usda_fndds_generated
brewed Iced Coffee,fndds_iced_coffee_brewed,en,usda_fndds_generated
"Coffee, pre-lightened",fndds_coffee_pre_lightened,en,usda_fndds_exact
Coffee pre-lightened,fndds_coffee_pre_lightened,en,usda_fndds_generated
pre-lightened Coffee,fndds_coffee_pre_lightened,en,usda_fndds_generated
Frozen mocha coffee drink,fndds_frozen_mocha_coffee_drink,en,usda_fndds_exact
"Coffee, cafe con leche",fndds_coffee_cafe_con_leche,en,usda_fndds_exact
Coffee cafe con leche,fndds_coffee_cafe_con_leche,en,usda_fndds_generated
cafe con leche Coffee,fndds_coffee_cafe_con_leche,en,usda_fndds_generated
"Coffee, bottled/canned",fndds_coffee_bottled_canned,en,usda_fndds_exact
Coffee bottled/canned,fndds_coffee_bottled_canned,en,usda_fndds_generated
"Coffee, Iced Cafe Mocha",fndds_coffee_iced_cafe_mocha,en,usda_fndds_exact
Coffee Iced Cafe Mocha,fndds_coffee_iced_cafe_mocha,en,usda_fndds_generated
Iced Cafe Mocha Coffee,fndds_coffee_iced_cafe_mocha,en,usda_fndds_generated
"Tea, ginger",fndds_tea_ginger,en,usda_fndds_exact
Tea ginger,fndds_tea_ginger,en,usda_fndds_generated
ginger Tea,fndds_tea_ginger,en,usda_fndds_generated
"Tea, bubble",fndds_tea_bubble,en,usda_fndds_exact
Tea bubble,fndds_tea_bubble,en,usda_fndds_generated
bubble Tea,fndds_tea_bubble,en,usda_fndds_generated
"Tea, kombucha",fndds_tea_kombucha,en,usda_fndds_exact
Tea kombucha,fndds_tea_kombucha,en,usda_fndds_generated
kombucha Tea,fndds_tea_kombucha,en,usda_fndds_generated
"Tea, hot, herbal",fndds_tea_hot_herbal,en,usda_fndds_exact
Tea hot herbal,fndds_tea_hot_herbal,en,usda_fndds_generated
herbal hot Tea,fndds_tea_hot_herbal,en,usda_fndds_generated
"Tea, hot, hibiscus",fndds_tea_hot_hibiscus,en,usda_fndds_exact
Tea hot hibiscus,fndds_tea_hot_hibiscus,en,usda_fndds_generated
hibiscus hot Tea,fndds_tea_hot_hibiscus,en,usda_fndds_generated
"Tea, hot, chamomile",fndds_tea_hot_chamomile,en,usda_fndds_exact
Tea hot chamomile,fndds_tea_hot_chamomile,en,usda_fndds_generated
chamomile hot Tea,fndds_tea_hot_chamomile,en,usda_fndds_generated
"Tea, hot, with milk",fndds_tea_hot_with_milk,en,usda_fndds_exact
Tea hot with milk,fndds_tea_hot_with_milk,en,usda_fndds_generated
Iced Tea / Lemonade juice drink,fndds_iced_tea_lemonade_juice_drink,en,usda_fndds_exact
"Tea, hot, leaf, black",fndds_tea_hot_leaf_black,en,usda_fndds_exact
Tea hot leaf black,fndds_tea_hot_leaf_black,en,usda_fndds_generated
black leaf hot Tea,fndds_tea_hot_leaf_black,en,usda_fndds_generated
"Tea, hot, leaf, green",fndds_tea_hot_leaf_green,en,usda_fndds_exact
Tea hot leaf green,fndds_tea_hot_leaf_green,en,usda_fndds_generated
green leaf hot Tea,fndds_tea_hot_leaf_green,en,usda_fndds_generated
"Tea, hot, leaf, oolong",fndds_tea_hot_leaf_oolong,en,usda_fndds_exact
Tea hot leaf oolong,fndds_tea_hot_leaf_oolong,en,usda_fndds_generated
oolong leaf hot Tea,fndds_tea_hot_leaf_oolong,en,usda_fndds_generated
"Tea, iced, bottled, black",fndds_tea_iced_bottled_black,en,usda_fndds_exact
Tea iced bottled black,fndds_tea_iced_bottled_black,en,usda_fndds_generated
black bottled iced Tea,fndds_tea_iced_bottled_black,en,usda_fndds_generated
"Water, tap",fndds_water_tap,en,usda_fndds_exact
Water tap,fndds_water_tap,en,usda_fndds_generated
tap Water,fndds_water_tap,en,usda_fndds_generated
"Water, bottled, plain",fndds_water_bottled_plain,en,usda_fndds_exact
Water bottled plain,fndds_water_bottled_plain,en,usda_fndds_generated
plain bottled Water,fndds_water_bottled_plain,en,usda_fndds_generated
"Water, tonic",fndds_water_tonic,en,usda_fndds_exact
Water tonic,fndds_water_tonic,en,usda_fndds_generated
tonic Water,fndds_water_tonic,en,usda_fndds_generated
"Water, carbonated, plain",fndds_water_carbonated_plain,en,usda_fndds_exact
Water carbonated plain,fndds_water_carbonated_plain,en,usda_fndds_generated
plain carbonated Water,fndds_water_carbonated_plain,en,usda_fndds_generated
"Water beverage, fruit flavored",fndds_water_beverage_fruit_flavored,en,usda_fndds_exact
Water beverage fruit flavored,fndds_water_beverage_fruit_flavored,en,usda_fndds_generated
fruit flavored Water beverage,fndds_water_beverage_fruit_flavored,en,usda_fndds_generated
"Water, carbonated, flavored",fndds_water_carbonated_flavored,en,usda_fndds_exact
Water carbonated flavored,fndds_water_carbonated_flavored,en,usda_fndds_generated
flavored carbonated Water,fndds_water_carbonated_flavored,en,usda_fndds_generated
"Water, enhanced, diet",fndds_water_enhanced_diet,en,usda_fndds_exact
Water enhanced diet,fndds_water_enhanced_diet,en,usda_fndds_generated
diet enhanced Water,fndds_water_enhanced_diet,en,usda_fndds_generated
"Water, enhanced, regular",fndds_water_enhanced_regular,en,usda_fndds_exact
Water enhanced regular,fndds_water_enhanced_regular,en,usda_fndds_generated
regular enhanced Water,fndds_water_enhanced_regular,en,usda_fndds_generated
Lard,fndds_lard,en,usda_fndds_exact
Honey butter,fndds_honey_butter,en,usda_fndds_exact
"Butter, tub",fndds_butter_tub,en,usda_fndds_exact
Butter tub,fndds_butter_tub,en,usda_fndds_generated
tub Butter,fndds_butter_tub,en,usda_fndds_generated
"Fat back, cooked",fndds_fat_back_cooked,en,usda_fndds_exact
Fat back cooked,fndds_fat_back_cooked,en,usda_fndds_generated
cooked Fat back,fndds_fat_back_cooked,en,usda_fndds_generated
"Butter, stick",fndds_butter_stick,en,usda_fndds_exact
Butter stick,fndds_butter_stick,en,usda_fndds_generated
stick Butter,fndds_butter_stick,en,usda_fndds_generated
"Margarine, tub",fndds_margarine_tub,en,usda_fndds_exact
Margarine tub,fndds_margarine_tub,en,usda_fndds_generated
tub Margarine,fndds_margarine_tub,en,usda_fndds_generated
"Margarine, stick",fndds_margarine_stick,en,usda_fndds_exact
Margarine stick,fndds_margarine_stick,en,usda_fndds_generated
stick Margarine,fndds_margarine_stick,en,usda_fndds_generated
"Margarine, light",fndds_margarine_light,en,usda_fndds_exact
Margarine light,fndds_margarine_light,en,usda_fndds_generated
light Margarine,fndds_margarine_light,en,usda_fndds_generated
"Butter replacement, liquid",fndds_butter_replacement_liquid,en,usda_fndds_exact
Butter replacement liquid,fndds_butter_replacement_liquid,en,usda_fndds_generated
liquid Butter replacement,fndds_butter_replacement_liquid,en,usda_fndds_generated
Whipped topping,fndds_whipped_topping,en,usda_fndds_exact
"Cream, whipped",fndds_cream_whipped,en,usda_fndds_exact
Cream whipped,fndds_cream_whipped,en,usda_fndds_generated
whipped Cream,fndds_cream_whipped,en,usda_fndds_generated
"Sour cream, light",fndds_sour_cream_light,en,usda_fndds_exact
Sour cream light,fndds_sour_cream_light,en,usda_fndds_generated
light Sour cream,fndds_sour_cream_light,en,usda_fndds_generated
"Sour cream, regular",fndds_sour_cream_regular,en,usda_fndds_exact
Sour cream regular,fndds_sour_cream_regular,en,usda_fndds_generated
regular Sour cream,fndds_sour_cream_regular,en,usda_fndds_generated
"Cream cheese, light",fndds_cream_cheese_light,en,usda_fndds_exact
Cream cheese light,fndds_cream_cheese_light,en,usda_fndds_generated
light Cream cheese,fndds_cream_cheese_light,en,usda_fndds_generated
"Sour cream, fat free",fndds_sour_cream_fat_free,en,usda_fndds_exact
Sour cream fat free,fndds_sour_cream_fat_free,en,usda_fndds_generated
fat free Sour cream,fndds_sour_cream_fat_free,en,usda_fndds_generated
"Cream, light",fndds_cream_light,en,usda_fndds_exact
Cream light,fndds_cream_light,en,usda_fndds_generated
light Cream,fndds_cream_light,en,usda_fndds_generated
"Cream, heavy",fndds_cream_heavy,en,usda_fndds_exact
Cream heavy,fndds_cream_heavy,en,usda_fndds_generated
heavy Cream,fndds_cream_heavy,en,usda_fndds_generated
"Cream, half and half",fndds_cream_half_and_half,en,usda_fndds_exact
Cream half and half,fndds_cream_half_and_half,en,usda_fndds_generated
"Coffee creamer, liquid",fndds_coffee_creamer_liquid,en,usda_fndds_exact
Coffee creamer liquid,fndds_coffee_creamer_liquid,en,usda_fndds_generated
liquid Coffee creamer,fndds_coffee_creamer_liquid,en,usda_fndds_generated
"Coffee creamer, powder",fndds_coffee_creamer_powder,en,usda_fndds_exact
Coffee creamer powder,fndds_coffee_creamer_powder,en,usda_fndds_generated
powder Coffee creamer,fndds_coffee_creamer_powder,en,usda_fndds_generated
"Coffee creamer, soy, liquid",fndds_coffee_creamer_soy_liquid,en,usda_fndds_exact
Coffee creamer soy liquid,fndds_coffee_creamer_soy_liquid,en,usda_fndds_generated
liquid soy Coffee creamer,fndds_coffee_creamer_soy_liquid,en,usda_fndds_generated
"Cream, half and half, flavored",fndds_cream_half_and_half_flavored,en,usda_fndds_exact
Cream half and half flavored,fndds_cream_half_and_half_flavored,en,usda_fndds_generated
Tartar sauce,fndds_tartar_sauce,en,usda_fndds_exact
Sandwich spread,fndds_sandwich_spread,en,usda_fndds_exact
Vegan mayonnaise,fndds_vegan_mayonnaise,en,usda_fndds_exact
"Mayonnaise, light",fndds_mayonnaise_light,en,usda_fndds_exact
Mayonnaise light,fndds_mayonnaise_light,en,usda_fndds_generated
light Mayonnaise,fndds_mayonnaise_light,en,usda_fndds_generated
"Mayonnaise, regular",fndds_mayonnaise_regular,en,usda_fndds_exact
Mayonnaise regular,fndds_mayonnaise_regular,en,usda_fndds_generated
regular Mayonnaise,fndds_mayonnaise_regular,en,usda_fndds_generated
Corn oil,fndds_corn_oil,en,usda_fndds_exact
Olive oil,fndds_olive_oil,en,usda_fndds_exact
Almond oil,fndds_almond_oil,en,usda_fndds_exact
Peanut oil,fndds_peanut_oil,en,usda_fndds_exact
Canola oil,fndds_canola_oil,en,usda_fndds_exact
Sesame oil,fndds_sesame_oil,en,usda_fndds_exact
Walnut oil,fndds_walnut_oil,en,usda_fndds_exact
Soybean oil,fndds_soybean_oil,en,usda_fndds_exact
Flaxseed oil,fndds_flaxseed_oil,en,usda_fndds_exact
Safflower oil,fndds_safflower_oil,en,usda_fndds_exact
Sunflower oil,fndds_sunflower_oil,en,usda_fndds_exact
Cottonseed oil,fndds_cottonseed_oil,en,usda_fndds_exact
Taco sauce,fndds_taco_sauce,en,usda_fndds_exact
Steak sauce,fndds_steak_sauce,en,usda_fndds_exact
"Salsa, red",fndds_salsa_red,en,usda_fndds_exact
Salsa red,fndds_salsa_red,en,usda_fndds_generated
red Salsa,fndds_salsa_red,en,usda_fndds_generated
Barbecue sauce,fndds_barbecue_sauce,en,usda_fndds_exact
Cocktail sauce,fndds_cocktail_sauce,en,usda_fndds_exact
Miso,fndds_miso,en,usda_fndds_exact
Natto,fndds_natto,en,usda_fndds_exact
Soy sauce,fndds_soy_sauce,en,usda_fndds_exact
Fish sauce,fndds_fish_sauce,en,usda_fndds_exact
Miso sauce,fndds_miso_sauce,en,usda_fndds_exact
Chutney,fndds_chutney,en,usda_fndds_exact
Vinegar,fndds_vinegar,en,usda_fndds_exact
Pimiento,fndds_pimiento,en,usda_fndds_exact
Fry sauce,fndds_fry_sauce,en,usda_fndds_exact
Duck sauce,fndds_duck_sauce,en,usda_fndds_exact
Horseradish,fndds_horseradish,en,usda_fndds_exact
Wasabi paste,fndds_wasabi_paste,en,usda_fndds_exact
Buffalo sauce,fndds_buffalo_sauce,en,usda_fndds_exact
Kimchi,fndds_kimchi,en,usda_fndds_exact
Sauerkraut,fndds_sauerkraut,en,usda_fndds_exact
Olive tapenade,fndds_olive_tapenade,en,usda_fndds_exact
"Relish, corn",fndds_relish_corn,en,usda_fndds_exact
Relish corn,fndds_relish_corn,en,usda_fndds_generated
corn Relish,fndds_relish_corn,en,usda_fndds_generated
"Pickles, dill",fndds_pickles_dill,en,usda_fndds_exact
Pickles dill,fndds_pickles_dill,en,usda_fndds_generated
"Okra, pickled",fndds_okra_pickled,en,usda_fndds_exact
Okra pickled,fndds_okra_pickled,en,usda_fndds_generated
pickled Okra,fndds_okra_pickled,en,usda_fndds_generated
"Olives, green",fndds_olives_green,en,usda_fndds_exact
Olives green,fndds_olives_green,en,usda_fndds_generated
"Olives, black",fndds_olives_black,en,usda_fndds_exact
Olives black,fndds_olives_black,en,usda_fndds_generated
black Olives,fndds_olives_black,en,usda_fndds_generated
"Beets, pickled",fndds_beets_pickled,en,usda_fndds_exact
Beets pickled,fndds_beets_pickled,en,usda_fndds_generated
pickled Beets,fndds_beets_pickled,en,usda_fndds_generated
Spaghetti sauce,fndds_spaghetti_sauce,en,usda_fndds_exact
Spaghetti sauce with meat,fndds_spaghetti_sauce_with_meat,en,usda_fndds_exact
Spaghetti sauce with poultry,fndds_spaghetti_sauce_with_poultry,en,usda_fndds_exact
Spaghetti sauce with seafood,fndds_spaghetti_sauce_with_seafood,en,usda_fndds_exact
"Spaghetti sauce, fat free",fndds_spaghetti_sauce_fat_free,en,usda_fndds_exact
Spaghetti sauce fat free,fndds_spaghetti_sauce_fat_free,en,usda_fndds_generated
fat free Spaghetti sauce,fndds_spaghetti_sauce_fat_free,en,usda_fndds_generated
Layer dip,fndds_layer_dip,en,usda_fndds_exact
Cheese dip,fndds_cheese_dip,en,usda_fndds_exact
Mole sauce,fndds_mole_sauce,en,usda_fndds_exact
Seafood dip,fndds_seafood_dip,en,usda_fndds_exact
Pesto sauce,fndds_pesto_sauce,en,usda_fndds_exact
Curry sauce,fndds_curry_sauce,en,usda_fndds_exact
Tzatziki dip,fndds_tzatziki_dip,en,usda_fndds_exact
Cheese sauce,fndds_cheese_sauce,en,usda_fndds_exact
Peanut sauce,fndds_peanut_sauce,en,usda_fndds_exact
Eggplant dip,fndds_eggplant_dip,en,usda_fndds_exact
Garlic sauce,fndds_garlic_sauce,en,usda_fndds_exact
Artichoke dip,fndds_artichoke_dip,en,usda_fndds_exact
Cheese fondue,fndds_cheese_fondue,en,usda_fndds_exact
Honey,fndds_honey,en,usda_fndds_exact
Molasses,fndds_molasses,en,usda_fndds_exact
"Sugar, brown",fndds_sugar_brown,en,usda_fndds_exact
Sugar brown,fndds_sugar_brown,en,usda_fndds_generated
brown Sugar,fndds_sugar_brown,en,usda_fndds_generated
"Sugar, cinnamon",fndds_sugar_cinnamon,en,usda_fndds_exact
Sugar cinnamon,fndds_sugar_cinnamon,en,usda_fndds_generated
cinnamon Sugar,fndds_sugar_cinnamon,en,usda_fndds_generated
Sugar substitute and sugar blend,fndds_sugar_substitute_and_sugar_blend,en,usda_fndds_exact
"Sugar substitute, stevia, powder",fndds_sugar_substitute_stevia_powder,en,usda_fndds_exact
Sugar substitute stevia powder,fndds_sugar_substitute_stevia_powder,en,usda_fndds_generated
powder stevia Sugar substitute,fndds_sugar_substitute_stevia_powder,en,usda_fndds_generated
"Sugar substitute, stevia, liquid",fndds_sugar_substitute_stevia_liquid,en,usda_fndds_exact
Sugar substitute stevia liquid,fndds_sugar_substitute_stevia_liquid,en,usda_fndds_generated
liquid stevia Sugar substitute,fndds_sugar_substitute_stevia_liquid,en,usda_fndds_generated
"Sugar substitute, sucralose, powder",fndds_sugar_substitute_sucralose_powder,en,usda_fndds_exact
Sugar substitute sucralose powder,fndds_sugar_substitute_sucralose_powder,en,usda_fndds_generated
powder sucralose Sugar substitute,fndds_sugar_substitute_sucralose_powder,en,usda_fndds_generated
"Sugar substitute, saccharin, powder",fndds_sugar_substitute_saccharin_powder,en,usda_fndds_exact
Sugar substitute saccharin powder,fndds_sugar_substitute_saccharin_powder,en,usda_fndds_generated
powder saccharin Sugar substitute,fndds_sugar_substitute_saccharin_powder,en,usda_fndds_generated
Jam,fndds_jam,en,usda_fndds_exact
Jelly,fndds_jelly,en,usda_fndds_exact
Marmalade,fndds_marmalade,en,usda_fndds_exact
Corn syrup,fndds_corn_syrup,en,usda_fndds_exact
Dessert dip,fndds_dessert_dip,en,usda_fndds_exact
Guava paste,fndds_guava_paste,en,usda_fndds_exact
Simple syrup,fndds_simple_syrup,en,usda_fndds_exact
Fruit butter,fndds_fruit_butter,en,usda_fndds_exact
Pancake syrup,fndds_pancake_syrup,en,usda_fndds_exact
Chocolate dip,fndds_chocolate_dip,en,usda_fndds_exact
Nutritional powder mix (Isopure),fndds_nutritional_powder_mix_isopure,en,usda_fndds_exact
Nutritional powder mix Isopure,fndds_nutritional_powder_mix_isopure,en,usda_fndds_generated
Nutritional powder mix (Slim Fast),fndds_nutritional_powder_mix_slim_fast,en,usda_fndds_exact
Nutritional powder mix Slim Fast,fndds_nutritional_powder_mix_slim_fast,en,usda_fndds_generated
Nutritional powder mix (Muscle Milk),fndds_nutritional_powder_mix_muscle_milk,en,usda_fndds_exact
Nutritional powder mix Muscle Milk,fndds_nutritional_powder_mix_muscle_milk,en,usda_fndds_generated
"Nutritional powder mix, light (Muscle Milk)",fndds_nutritional_powder_mix_light_muscle_milk,en,usda_fndds_exact
Nutritional powder mix light Muscle Milk,fndds_nutritional_powder_mix_light_muscle_milk,en,usda_fndds_generated
Nutritional powder mix (EAS Soy Protein Powder),fndds_nutritional_powder_mix_eas_soy_protein_powder,en,usda_fndds_exact
Nutritional powder mix EAS Soy Protein Powder,fndds_nutritional_powder_mix_eas_soy_protein_powder,en,usda_fndds_generated
